CASE_ID,ACCIDENT_YEAR,PROC_DATE,JURIS,COLLISION_DATE,COLLISION_TIME,OFFICER_ID,REPORTING_DISTRICT,DAY_OF_WEEK,CHP_SHIFT,POPULATION,CNTY_CITY_LOC,SPECIAL_COND,BEAT_TYPE,CHP_BEAT_TYPE,CITY_DIVISION_LAPD,CHP_BEAT_CLASS,BEAT_NUMBER,PRIMARY_RD,SECONDARY_RD,DISTANCE,DIRECTION,INTERSECTION,WEATHER_1,WEATHER_2,STATE_HWY_IND,CALTRANS_COUNTY,CALTRANS_DISTRICT,STATE_ROUTE,ROUTE_SUFFIX,POSTMILE_PREFIX,POSTMILE,LOCATION_TYPE,RAMP_INTERSECTION,SIDE_OF_HWY,TOW_AWAY,COLLISION_SEVERITY,NUMBER_KILLED,NUMBER_INJURED,PARTY_COUNT,PRIMARY_COLL_FACTOR,PCF_CODE_OF_VIOL,PCF_VIOL_CATEGORY,PCF_VIOLATION,PCF_VIOL_SUBSECTION,HIT_AND_RUN,TYPE_OF_COLLISION,MVIW,PED_ACTION,ROAD_SURFACE,ROAD_COND_1,ROAD_COND_2,LIGHTING,CONTROL_DEVICE,CHP_ROAD_TYPE,PEDESTRIAN_ACCIDENT,BICYCLE_ACCIDENT,MOTORCYCLE_ACCIDENT,TRUCK_ACCIDENT,NOT_PRIVATE_PROPERTY,ALCOHOL_INVOLVED,STWD_VEHTYPE_AT_FAULT,CHP_VEHTYPE_AT_FAULT,COUNT_SEVERE_INJ,COUNT_VISIBLE_INJ,COUNT_COMPLAINT_PAIN,COUNT_PED_KILLED,COUNT_PED_INJURED,COUNT_BICYCLIST_KILLED,COUNT_BICYCLIST_INJURED,COUNT_MC_KILLED,COUNT_MC_INJURED,PRIMARY_RAMP,SECONDARY_RAMP,LATITUDE,LONGITUDE,COUNTY,CITY,POINT_X,POINT_Y
6291500,2014,2014-10-29,3711,2014-08-06,1624,4653,,3,5,7,3711,0,0,0,,0,241,"SCRIPPS LAKE DR","LAKE MIRAMAR ACCESS RD",0.00,,N,A,-,N,,,,,,,,,,N,3,0,1,2,B,-,22,,,N,H,G,A,A,H,-,A,D,0,,Y,,,Y,,L,04,0,1,0,0,0,0,1,0,0,"- ","- ",,,"SAN DIEGO","SAN DIEGO",-117.10359424000001,32.911903940000002
6291600,2014,2016-01-12,3711,2014-10-07,2312,5051,,2,5,7,3711,0,0,0,,0,611,"HANCOCK ST","CAMINO DEL RIO W",0.00,,Y,A,-,N,,,,,,,,,,Y,1,1,0,2,B,-,22,,,N,H,G,A,A,H,-,D,A,0,,Y,,,Y,Y,L,04,0,0,0,0,0,1,0,0,0,"- ","- ",,,"SAN DIEGO","SAN DIEGO",-117.20508012000001,32.754250120000002
6291825,2014,2015-01-09,3711,2014-11-09,1729,6366,,7,5,7,3711,0,0,0,,0,813,"LINCOLN AV","HAMILTON ST",29.00,E,N,A,-,N,,,,,,,,,,N,1,1,0,1,A,-,03,22350,,N,H,G,A,A,G,-,C,D,0,,Y,,,Y,Y,L,04,0,0,0,0,0,1,0,0,0,"- ","- ",,,"SAN DIEGO","SAN DIEGO",-117.136246,32.750300750000001
6328108,2014,2014-06-02,3711,2014-01-04,1849,4495,,6,5,7,3711,0,0,0,,0,311,"MISSION CENTER RD","MURRAY RIDGE RD",634.00,W,N,A,-,N,,,,,,,,,,N,3,0,1,2,A,-,05,21650,,N,A,G,A,A,H,-,D,D,0,,Y,,,Y,,L,04,0,1,0,0,0,0,1,0,0,"- ","- ",,,"SAN DIEGO","SAN DIEGO",-117.14674256000001,32.789146240000001
6337228,2014,2014-06-05,3711,2014-01-10,1754,6430,SANDI,5,5,7,3711,0,0,0,,0,124,"LA JOLLA PKWY","TORREY PINES RD",9504.00,E,N,A,-,N,,,,,,,,,,N,3,0,1,1,A,-,03,22350,,N,E,-,A,A,H,-,C,D,0,,Y,,,Y,,L,04,0,1,0,0,0,0,1,0,0,"- ","- ",,,"SAN DIEGO","SAN DIEGO",-117.23314999999999,32.833449999999999
6337491,2014,2014-07-08,3711,2014-01-02,1450,6538,,4,5,7,3711,0,0,0,,0,822,"56TH ST","EL CAJON BL",60.00,S,N,A,-,N,,,,,,,,,,N,3,0,1,2,A,-,09,21804,A,N,-,G,A,A,H,-,A,D,0,,Y,,,Y,,-,"- ",0,1,0,0,0,0,1,0,0,"- ","- ",,,"SAN DIEGO","SAN DIEGO",-117.07492431999999,32.758305700000001
6337511,2014,2014-07-08,3711,2014-01-11,1320,4527,,6,5,7,3711,0,0,0,,0,515,"25TH ST",MARKET,114.00,S,N,A,-,N,,,,,,,,,,N,3,0,1,1,A,-,03,22350,,N,-,G,A,A,A,-,A,D,0,,Y,,,Y,,L,04,0,1,0,0,0,0,1,0,0,"- ","- ",,,"SAN DIEGO","SAN DIEGO",-117.1402496,32.711288189999998
6337525,2014,2014-06-04,3711,2014-01-12,1827,6113,,7,5,7,3711,0,0,0,,0,521,"IMPERIAL AV","16TH ST",12.00,W,N,A,-,N,,,,,,,,,,N,4,0,1,2,A,-,09,21801,A,N,D,G,A,A,H,-,C,A,0,,Y,,,Y,,-,,0,0,1,0,0,0,1,0,0,"- ","- ",,,"SAN DIEGO","SAN DIEGO",-117.14948888000001,32.70628043
6337541,2014,2014-06-04,3711,2014-01-13,2323,5850,,1,5,7,3711,0,0,0,,0,311,"VILLAGE GLEN DR","GLENCOLUM DR",300.00,E,N,A,-,N,,,,,,,,,,N,3,0,1,2,A,-,05,21650,1,N,B,G,A,A,H,-,C,D,0,,Y,,,Y,Y,L,04,0,1,0,0,0,0,1,0,0,"- ","- ",,,"SAN DIEGO","SAN DIEGO",-117.13249694,32.804964740000003
6341081,2014,2014-06-02,3711,2014-01-02,2129,6736,"SAN D",4,5,7,3711,0,0,0,,0,512,"27TH ST",IMPERIAL,15.00,N,N,A,-,N,,,,,,,,,,N,3,0,1,2,A,-,08,22107,,N,D,G,A,A,H,-,C,D,0,,Y,,,Y,,-,,0,1,0,0,0,0,1,0,0,"- ","- ",,,"SAN DIEGO","SAN DIEGO",-117.13599000000001,32.706411090000003
6341117,2014,2014-06-02,3711,2014-01-01,2020,6665,,3,5,7,3711,0,0,0,,0,122,"THOMAS AV","KENDALL ST",100.00,E,N,A,-,N,,,,,,,,,,N,3,0,1,2,A,-,08,22107,,N,D,E,A,A,H,-,C,D,0,,Y,,,Y,Y,L,04,0,1,0,0,0,0,1,0,0,"- ","- ",,,"SAN DIEGO","SAN DIEGO",-117.23594597,32.797718639999999
6344815,2014,2014-06-06,3711,2014-01-14,0735,4840,,2,5,7,3711,0,0,0,,0,617,"CATALINA BL","CANON ST",184.00,,N,A,-,N,,,,,,,,,,N,3,0,1,1,A,-,03,22350,,N,H,A,A,A,H,-,A,D,0,,Y,,,Y,,L,04,0,1,0,0,0,0,1,0,0,"- ","- ",,,"SAN DIEGO","SAN DIEGO",-117.24608007,32.72036009
6351400,2016,2016-03-28,3711,2016-03-12,1629,7231,3711,6,5,7,3711,0,0,0,,0,431,"OLD MEMORY LN","ROSWELL ST",12.00,W,N,A,-,N,,,,,,,,,,N,4,0,1,2,A,-,05,21202,A,N,D,G,A,A,H,-,A,D,0,,Y,,,Y,,L,04,0,0,1,0,0,0,1,0,0,"- ","- ",,,"SAN DIEGO","SAN DIEGO",-117.07137883999999,32.718911519999999
6351412,2016,2016-08-24,3711,2016-03-06,1940,6594,,7,5,7,3711,0,0,0,,0,445,"47TH ST","GUYMON ST",25.00,S,N,B,-,N,,,,,,,,,,N,3,0,1,2,A,-,14,21201,D,N,D,G,A,A,H,-,C,D,0,,Y,,,Y,Y,L,04,0,1,0,0,0,0,1,0,0,"- ","- ",,,"SAN DIEGO","SAN DIEGO",-117.09357281,32.712091559999998
6352416,2014,2014-06-26,3711,2014-01-17,1232,5609,,5,5,7,3711,0,0,0,,0,512,"NATIONAL AV","30TH ST",168.00,E,N,A,-,N,,,,,,,,,,N,3,0,1,2,A,-,05,21202,A,N,G,G,A,A,H,-,A,D,0,,Y,,,Y,,-,"- ",0,1,0,0,0,0,1,0,0,"- ","- ",,,"SAN DIEGO","SAN DIEGO",-117.12893576,32.695962489999999
6352443,2014,2016-03-23,3711,2014-01-21,1558,6309,,2,5,7,3711,0,0,0,,0,114,"GENESEE AV","RT 52",20.00,N,N,B,-,Y,SD,11,52,-,-,2.656,R,4,E,N,3,0,1,2,A,-,12,21453,A,N,D,G,A,A,H,-,A,A,0,,Y,,,Y,Y,L,04,0,1,0,0,0,0,1,0,0,"- ","- ",,,"SAN DIEGO","SAN DIEGO",-117.19685644,32.845625980000001
6352448,2014,2014-06-05,3711,2014-01-18,2026,6460,,6,5,7,3711,0,0,0,,0,447,"HOME AV","FAIRMOUNT AV",53.00,E,N,A,-,N,,,,,,,,,,N,3,0,1,2,A,-,05,21650,1,N,B,G,A,A,H,-,C,D,0,,Y,,,Y,,L,04,0,1,0,0,0,0,1,0,0,"- ","- ",,,"SAN DIEGO","SAN DIEGO",-117.09961305,32.728977790000002
6352455,2014,2014-06-05,3711,2014-01-14,1525,6715,,2,5,7,3711,0,0,0,,0,616,"SHELTER ISLAND","ANCHORAGE LN",1584.00,E,N,A,-,N,,,,,,,,,,N,3,0,2,1,A,-,08,22107,,N,H,I,A,A,H,-,A,D,0,,Y,,,Y,,L,04,0,2,0,0,0,0,2,0,0,"- ","- ",,,"SAN DIEGO","SAN DIEGO",-117.22340736,32.718059289999999
6352472,2014,2014-06-05,3711,2014-01-20,1708,6781,SANDI,1,5,7,3711,0,0,0,,0,828,"EUCLID AV",WIGHTMAN,9.00,E,N,A,-,N,,,,,,,,,,N,4,0,1,2,A,-,12,21453,A,N,B,G,A,A,H,-,A,A,0,,Y,,,Y,,L,04,0,0,1,0,0,0,1,0,0,"- ","- ",,,"SAN DIEGO","SAN DIEGO",-117.09232,32.747660000000003
6352476,2014,2014-06-05,3711,2014-01-13,1454,4849,,1,5,7,3711,0,0,0,,0,531,"26TH ST","PERSHING DR",45.00,E,N,A,-,N,,,,,,,,,,N,3,0,1,2,A,-,08,22107,,N,-,G,A,A,H,-,A,A,0,,Y,,,Y,,L,04,0,1,0,0,0,0,1,0,0,"- ","- ",,,"SAN DIEGO","SAN DIEGO",-117.14248172000001,32.722680859999997
6352660,2016,2016-03-28,3711,2016-03-08,1946,,,2,5,7,3711,0,0,0,,0,613,"NIMITZ BL","WEST POINT LOMA BL",25.00,W,N,A,-,N,,,,,,,,,,N,3,0,1,2,A,-,17,21461,A,N,G,G,A,A,H,-,C,D,0,,Y,,,Y,,A,01,0,1,0,0,0,0,1,0,0,"- ","- ",,,"SAN DIEGO","SAN DIEGO",-117.23614945,32.751303810000003
6353287,2016,2016-03-23,3711,2016-03-13,1606,7409,,7,5,7,3711,0,0,0,,0,242,"ACAMA ST","MONTONGO ST",0.00,,Y,A,-,N,,,,,,,,,,N,4,0,1,2,A,-,05,21650,1,N,B,G,A,A,H,-,A,-,0,,Y,,,Y,,L,04,0,0,1,0,0,0,1,0,0,"- ","- ",,,"SAN DIEGO","SAN DIEGO",-117.15411003,32.926450109999998
6353397,2014,2014-06-06,3711,2014-01-14,1825,6252,,2,5,7,3711,0,0,0,,0,626,"WEST WASHINGTON ST","W UNIVERSITY AV",300.00,W,N,A,-,N,,,,,,,,,,N,3,0,2,2,A,-,11,21956,A,N,A,A,E,A,H,-,D,D,0,Y,Y,,,Y,Y,N,60,0,2,0,0,1,0,1,0,0,"- ","- ",,,"SAN DIEGO","SAN DIEGO",,
6353409,2014,2014-06-06,3711,2014-01-10,0745,3661,TRAFF,5,5,7,3711,0,0,0,,0,115,"LA JOLLA VILLAGE DR","TOWNE CENTRE DR",0.00,,Y,A,-,N,,,,,,,,,,N,3,0,1,2,A,-,08,22107,,N,B,G,A,A,H,-,A,A,0,,Y,,,Y,,A,01,0,1,0,0,0,0,1,0,0,"- ","- ",,,"SAN DIEGO","SAN DIEGO",-117.20742011,32.874100040000002
6359294,2014,2014-06-09,3711,2014-01-29,1738,5600,,3,5,7,3711,0,0,0,,0,241,"POMERADO RD","POMERADO RD 10200",88.00,W,N,A,-,N,,,,,,,,,,N,3,0,1,2,A,-,04,21703,,N,C,G,A,A,H,-,A,D,0,,Y,,,Y,,L,04,0,1,0,0,0,0,1,0,0,"- ","- ",,,"SAN DIEGO","SAN DIEGO",,
6370205,2014,2014-06-11,3711,2014-01-22,1550,6236,,3,5,7,3711,0,0,0,,0,814,"ADAMS AV","HAWLEY BL",2.00,S,N,A,-,N,,,,,,,,,,N,4,0,1,2,A,-,10,21950,A,N,G,-,A,A,H,-,A,D,0,,Y,,,Y,,-,,0,0,1,0,0,0,1,0,0,"- ","- ",,,"SAN DIEGO","SAN DIEGO",-117.11945,32.763350000000003
6373001,2014,2014-05-12,3711,2014-01-31,2033,5985,SANDI,5,5,7,3711,0,0,0,,0,523,"6TH AV","G ST",105.00,S,N,A,-,N,,,,,,,,,,N,3,0,1,2,A,-,08,22107,,N,A,G,A,A,H,-,C,D,0,,Y,,,Y,,L,04,0,1,0,0,0,0,1,0,0,"- ","- ",,,"SAN DIEGO","SAN DIEGO",-117.15924085,32.712282510000001
6373219,2014,2014-06-06,3711,2014-01-25,1530,6082,,6,5,7,3711,0,0,0,,0,122,"DIAMOND ST","MISSION BL",12.00,W,N,A,-,N,,,,,,,,,,N,3,0,1,2,A,-,08,22107,,N,D,G,A,A,H,-,A,D,0,,Y,,,Y,,-,,0,1,0,0,0,0,1,0,0,"- ","- ",,,"SAN DIEGO","SAN DIEGO",-117.25636758,32.79932144
6373247,2014,2014-06-25,3711,2014-01-23,2040,6223,N2,4,5,7,3711,0,0,0,,0,122,"DIAMOND ST","JEWELL ST",10.00,W,N,B,-,N,,,,,,,,,,N,4,0,1,2,A,-,14,21201,D,N,D,G,A,A,H,-,C,D,0,,Y,,,Y,,L,04,0,0,1,0,0,0,1,0,0,"- ","- ",,,"SAN DIEGO","SAN DIEGO",-117.23988131999999,32.802952869999999
6373275,2014,2014-06-06,3711,2014-01-26,1545,3432,,7,5,7,3711,0,0,0,,0,124,"GRAND AV","TORREY PINES RD",27.00,N,N,B,-,N,,,,,,,,,,N,3,0,1,1,C,-,18,,,N,F,-,A,A,H,-,A,A,0,,Y,,,Y,Y,-,"- ",0,1,0,0,0,0,1,0,0,"- ","- ",,,"SAN DIEGO","SAN DIEGO",,
6376513,2014,2014-06-26,3711,2014-02-04,1140,7156,,2,5,7,3711,0,0,0,,0,313,"CONVOY ST","CLAIREMONT MESA BL",0.00,,Y,A,-,N,,,,,,,,,,N,3,0,1,2,A,-,12,21453,A,N,H,G,A,A,H,-,A,A,0,,Y,,,Y,,L,04,0,1,0,0,0,0,1,0,0,"- ","- ",,,"SAN DIEGO","SAN DIEGO",-117.15328004,32.832750079999997
6376644,2014,2014-07-08,3711,2014-02-03,1720,6009,EASTO,1,5,7,3711,0,0,0,,0,321,"MISSION GORGE RD","MISSION GORGE RD 4500",65.00,N,N,A,-,N,,,,,,,,,,N,4,0,1,2,A,-,09,21801,A,N,D,G,A,A,H,-,C,A,0,,Y,,,Y,,L,04,0,0,1,0,0,0,1,0,0,"- ","- ",,,"SAN DIEGO","SAN DIEGO",,
6376656,2014,2014-06-19,3711,2014-02-01,2358,5985,SANDI,6,5,7,3711,0,0,0,,0,122,"OCEAN FRONT WALK","YORK CT",34.00,S,N,A,-,N,,,,,,,,,,N,2,0,1,1,B,-,22,,,N,E,I,A,A,H,-,C,D,0,,Y,,,Y,Y,L,04,1,0,0,0,0,0,1,0,0,"- ","- ",,,"SAN DIEGO","SAN DIEGO",-117.25473934,32.789018499999997
6376660,2014,2014-07-08,3711,2014-02-04,1600,6995,SANDI,2,5,7,3711,0,0,0,,0,831,"47TH ST","ORANGE AV",528.00,N,N,A,-,N,,,,,,,,,,N,4,0,1,2,A,-,08,22107,,M,D,G,A,A,H,-,A,D,0,,Y,,,Y,,L,04,0,0,1,0,0,0,1,0,0,"- ","- ",,,"SAN DIEGO","SAN DIEGO",-117.09328942,32.754546169999998
6381870,2014,2014-06-18,3711,2014-02-16,1552,6082,,7,5,7,3711,0,0,0,,0,122,"BERYL ST","LAMONT ST",45.00,W,N,A,-,N,,,,,,,,,,N,3,0,1,2,A,-,09,21453,B,N,D,G,A,A,H,-,A,A,0,,Y,,,Y,Y,L,04,0,1,0,0,0,0,1,0,0,"- ","- ",,,"SAN DIEGO","SAN DIEGO",-117.23749146999999,32.807499579999998
6381882,2014,2014-06-24,3711,2014-02-05,1000,7078,,3,5,7,3711,0,0,0,,0,624,"EL CAJON BL","LOUISIANA ST",0.00,,Y,A,-,N,,,,,,,,,,N,3,0,1,2,A,-,09,21802,A,N,D,G,A,A,H,-,A,D,0,,Y,,,Y,,-,,0,1,0,0,0,0,1,0,0,"- ","- ",,,"SAN DIEGO","SAN DIEGO",-117.14007011,32.755370079999999
6381885,2014,2014-06-17,3711,2014-02-16,1715,5788,,7,5,7,3711,0,0,0,,0,311,"MURPHY CANYON RD","AERO DR",210.00,S,N,A,-,N,,,,,,,,,,N,4,0,1,2,A,-,08,22107,,N,D,G,A,A,H,-,A,D,0,,Y,,,Y,,-,,0,0,1,0,0,0,1,0,0,"- ","- ",,,"SAN DIEGO","SAN DIEGO",-117.11626853,32.809108530000003
6381901,2014,2014-06-17,3711,2014-02-12,1328,6553,,3,5,7,3711,0,0,0,,0,825,"FAIRMOUNT AV","GORE PT  MONTEZUMA RAMP",150.00,N,N,A,-,N,,,,,,,,,,N,4,0,1,2,A,-,07,21658,A,N,B,G,A,A,H,-,A,D,0,,Y,,,Y,,L,04,0,0,1,0,0,0,1,0,0,"- ","- ",,,"SAN DIEGO","SAN DIEGO",,
6389570,2014,2014-06-18,3711,2014-02-18,2054,4310,,2,5,7,3711,0,0,0,,0,527,"W CEDAR ST","CALIFORNIA ST",0.00,,Y,A,-,N,,,,,,,,,,N,3,0,1,1,A,-,03,22350,,N,F,A,A,A,H,-,C,D,0,,Y,,,Y,,-,"- ",0,1,0,0,0,0,1,0,0,"- ","- ",,,"SAN DIEGO","SAN DIEGO",-117.17013004,32.721940019999998
6400194,2014,2014-04-12,3711,2014-02-13,1042,5925,,4,5,7,3711,0,0,0,,0,311,"AERO DR","MURPHY CANYON RD",0.00,,Y,A,-,N,,,,,,,,,,N,3,0,1,2,A,-,17,21451,A,N,A,G,A,A,H,-,A,A,0,,Y,,,Y,,J,48,0,1,0,0,0,0,1,0,0,"- ","- ",,,"SAN DIEGO","SAN DIEGO",-117.11664009,32.809590120000003
6400297,2014,2014-06-17,3711,2014-02-22,1417,5450,,6,5,7,3711,0,0,0,,0,936,"CARMEL VALLEY RD","CAMINITO VISTANA",528.00,E,N,A,-,N,,,,,,,,,,N,3,0,1,1,C,-,18,,,N,E,I,A,A,G,-,A,D,0,,Y,,,Y,,-,"- ",0,1,0,0,0,0,1,0,0,"- ","- ",,,"SAN DIEGO","SAN DIEGO",-117.15456866,32.971019429999998
6400305,2014,2014-06-17,3711,2014-02-23,2120,6670,SD,7,5,7,3711,0,0,0,,0,523,"K ST","5TH AV",150.00,E,N,A,-,N,,,,,,,,,,N,4,0,1,1,A,-,08,22107,,N,H,A,A,A,H,-,C,A,0,,Y,,,Y,,L,04,0,0,1,0,0,0,1,0,0,"- ","- ",,,"SAN DIEGO","SAN DIEGO",-117.15960397000001,32.708329999999997
6400326,2014,2014-06-19,3711,2014-02-19,0810,3667,,3,5,7,3711,0,0,0,,0,313,"AERO DR","W CANYON RD",262.00,E,N,B,-,N,,,,,,,,,,N,3,0,1,2,A,-,08,22107,,N,H,G,A,A,H,-,A,D,0,,Y,,,Y,,L,04,0,1,0,0,0,0,1,0,0,"- ","- ",,,"SAN DIEGO","SAN DIEGO",-117.12159371,32.808294500000002
6401491,2014,2014-06-06,3711,2014-01-28,1550,7029,,2,5,7,3711,0,0,0,,0,835,"HOME AV","FAIRMOUNT AV",0.00,,Y,A,-,N,,,,,,,,,,N,4,0,1,2,A,-,12,21453,A,N,D,G,A,A,H,-,A,A,0,,Y,,,Y,,L,04,0,0,1,0,0,0,1,0,0,"- ","- ",,,"SAN DIEGO","SAN DIEGO",-117.09974004,32.728880070000002
6401503,2014,2014-06-06,3711,2014-01-28,1129,7006,,2,5,7,3711,0,0,0,,0,833,"47TH ST","UNIVERSITY AV",0.00,,Y,A,-,N,,,,,,,,,,N,4,0,1,2,A,-,09,21801,A,N,D,G,A,A,H,-,A,D,0,,Y,,,Y,,-,,0,0,1,0,0,0,1,0,0,"- ","- ",,,"SAN DIEGO","SAN DIEGO",-117.09333006,32.749570079999998
6405979,2014,2014-06-25,3711,2014-02-16,0800,3661,TRAFF,7,5,7,3711,0,0,0,,0,111,"ASHFORD ST","HATTON ST",37.00,S,N,A,-,N,,,,,,,,,,N,4,0,1,2,A,-,17,22517,,N,H,G,A,A,H,-,A,D,0,,Y,,,Y,,A,01,0,0,1,0,0,0,1,0,0,"- ","- ",,,"SAN DIEGO","SAN DIEGO",-117.16262484000001,32.818208570000003
6405991,2014,2014-06-25,3711,2014-02-07,1953,6070,,5,5,7,3711,0,0,0,,0,122,"GRAND AV","GRESHAM ST",24.00,W,N,A,-,N,,,,,,,,,,N,3,0,1,2,A,-,09,21802,A,N,H,G,A,A,H,-,C,D,0,,Y,,,Y,,-,,0,1,0,0,0,0,1,0,0,"- ","- ",,,"SAN DIEGO","SAN DIEGO",-117.24404534,32.79710343
6408471,2014,2014-06-28,3711,2014-03-04,1152,6553,,2,5,7,3711,0,0,0,,0,531,"UPAS ST","TEXAS ST",0.00,,Y,A,-,N,,,,,,,,,,N,3,0,2,2,A,-,12,22450,A,M,D,G,A,A,H,-,A,A,0,,Y,,,Y,,D,22,0,1,1,0,0,0,2,0,0,"- ","- ",,,"SAN DIEGO","SAN DIEGO",-117.13901006,32.741020120000002
6414019,2014,2014-06-11,3711,2014-01-26,1345,6938,,7,5,7,3711,0,0,0,,0,611,"MIDWAY DR","DUKE ST",300.00,E,N,B,-,N,,,,,,,,,,,3,0,1,1,A,-,08,22107,,N,H,A,A,B,H,-,A,D,0,,Y,,,Y,,L,04,0,1,0,0,0,0,1,0,0,"- ","- ",,,"SAN DIEGO","SAN DIEGO",-117.21711042,32.753327419999998
6414111,2014,2014-06-11,3711,2014-01-26,1806,4656,,7,5,7,3711,0,0,0,,0,324,"NAVAJO RD","COWLES MOUNTAIN BL",0.00,,Y,A,-,N,,,,,,,,,,Y,2,0,1,2,A,-,08,22100,A,N,D,G,A,A,H,-,C,A,0,,Y,,,Y,,L,04,1,0,0,0,0,0,1,0,0,"- ","- ",,,"SAN DIEGO","SAN DIEGO",-117.02535002,32.80326007
6417345,2014,2014-06-24,3711,2014-03-12,0740,4923,,3,5,7,3711,0,0,0,,0,246,"SCRIPPS POWAY PKWY","SCRIPPS SUMMIT DR",210.00,E,N,A,-,N,,,,,,,,,,N,3,0,1,1,C,-,18,,,N,H,A,A,A,H,-,A,D,0,,Y,,,Y,,-,"- ",0,1,0,0,0,0,1,0,0,"- ","- ",,,"SAN DIEGO","SAN DIEGO",-117.10010907,32.937387110000003
6417365,2014,2014-06-24,3711,2014-03-11,1908,6101,,2,5,7,3711,0,0,0,,0,613,"CLOVIS ST","VALETA ST",0.00,,Y,A,-,N,,,,,,,,,,N,3,0,1,2,A,-,12,22450,,N,A,G,A,A,H,-,C,D,0,,Y,,,Y,,L,04,0,1,0,0,0,0,1,0,0,"- ","- ",,,"SAN DIEGO","SAN DIEGO",-117.23303002999999,32.74979003
6417401,2014,2015-08-14,3711,2014-03-02,0950,5588,,7,5,7,3711,0,0,0,,0,327,"ALVARADO RD","SDSU PARKING",3.00,E,N,A,B,N,,,,,,,,,,N,4,0,1,2,A,-,08,22102,,N,B,G,A,A,H,-,A,D,0,,Y,,,Y,,L,04,0,0,1,0,0,0,1,0,0,"- ","- ",,,"SAN DIEGO","SAN DIEGO",,
6417430,2014,2015-08-14,3711,2014-03-06,1315,6389,,4,5,7,3711,0,0,0,,0,713,"PASEO DE LAS AMERICAS","VIA DE LA AMISTAD",252.00,N,N,A,-,N,,,,,,,,,,N,4,0,1,2,A,-,"- ",,,N,D,G,A,A,H,-,A,D,0,,Y,,,Y,,L,04,0,0,1,0,0,0,1,0,0,"- ","- ",,,"SAN DIEGO","SAN DIEGO",-116.93593521,32.553590120000003
6417434,2014,2014-06-24,3711,2014-03-12,1110,6768,,3,5,7,3711,0,0,0,,0,821,"EL CAJON BL","67TH ST",0.00,,Y,A,-,N,,,,,,,,,,N,3,0,1,2,A,-,09,21801,A,N,A,G,A,A,H,-,A,A,0,,Y,,,Y,,A,01,0,1,0,0,0,0,1,0,0,"- ","- ",,,"SAN DIEGO","SAN DIEGO",-117.05368011,32.768530030000001
6418228,2014,2014-06-24,3711,2014-03-07,1518,6082,,5,5,7,3711,0,0,0,,0,122,"GARNET AV","HAINES ST",550.00,W,N,A,-,N,,,,,,,,,,N,3,0,1,2,A,-,08,22107,,N,B,G,A,A,H,-,A,D,0,,Y,,,Y,,-,,0,1,0,0,0,0,1,0,0,"- ","- ",,,"SAN DIEGO","SAN DIEGO",-117.24442148999999,32.798964490000003
6418269,2014,2014-07-17,3711,2014-03-09,1215,6961,,7,5,7,3711,0,0,0,,0,522,"W HARBOR DR","KETTNER BL",0.00,,Y,A,-,N,,,,,,,,,,N,3,0,1,1,-,-,"- ",,,N,E,A,A,A,H,-,A,D,0,,Y,,,Y,,-,"- ",0,1,0,0,0,0,1,0,0,"- ","- ",,,"SAN DIEGO","SAN DIEGO",-117.1692101,32.711470040000002
6418305,2014,2014-07-02,3711,2014-03-06,0725,5544,SDPD,4,5,7,3711,0,0,0,,0,242,"VIA SAN BLAS","CALLIANDRA RD",0.00,,Y,B,-,N,,,,,,,,,,N,3,0,1,2,A,-,06,21750,,N,B,G,A,A,H,-,A,D,0,,Y,,,Y,,-,,0,1,0,0,0,0,1,0,0,"- ","- ",,,"SAN DIEGO","SAN DIEGO",-117.13323002999999,32.917220069999999
6418317,2014,2014-07-01,3711,2014-03-08,1905,6704,,6,5,7,3711,0,0,0,,0,628,"WEST WASHINGTON ST","SAN DIEGO  AV",0.00,,Y,A,-,N,,,,,,,,,,N,3,0,1,1,C,-,18,,,N,E,I,A,A,A,-,C,D,0,,Y,,,Y,,-,"- ",0,1,0,0,0,0,1,0,0,"- ","- ",,,"SAN DIEGO","SAN DIEGO",-117.18192007,32.74279001
6418574,2014,2014-06-17,3711,2014-02-11,1616,5600,,2,5,7,3711,0,0,0,,0,517,"PERSHING DR","FLORIDA DR",932.00,W,N,A,-,N,,,,,,,,,,Y,2,0,1,2,A,-,03,22350,,N,C,G,A,A,H,-,A,D,0,,Y,,,Y,,A,01,1,0,0,0,0,0,1,0,0,"- ","- ",,,"SAN DIEGO","SAN DIEGO",-117.14475306999999,32.720915939999998
6419110,2014,2014-06-23,3711,2014-03-08,0211,5985,SANDI,6,5,7,3711,0,0,0,,0,523,"G ST","6TH AV",47.00,W,N,A,-,N,,,,,,,,,,N,4,0,1,3,A,-,08,22107,,N,B,G,A,A,H,-,C,D,0,,Y,,,Y,Y,A,01,0,0,1,0,0,0,1,0,0,"- ","- ",,,"SAN DIEGO","SAN DIEGO",-117.1593823,32.712569999999999
6419953,2014,2014-06-23,3711,2014-03-12,0800,5202,,3,5,7,3711,0,0,0,,0,126,"NORTH TORREY PINES RD","SCENIC PARK RD",538.00,S,N,A,-,N,,,,,,,,,,N,4,0,1,2,A,-,08,22107,,N,B,G,A,A,H,-,A,D,0,,Y,,,Y,,A,01,0,0,1,0,0,0,1,0,0,"- ","- ",,,"SAN DIEGO","SAN DIEGO",,