CASE_ID,ACCIDENT_YEAR,PROC_DATE,JURIS,COLLISION_DATE,COLLISION_TIME,OFFICER_ID,REPORTING_DISTRICT,DAY_OF_WEEK,CHP_SHIFT,POPULATION,CNTY_CITY_LOC,SPECIAL_COND,BEAT_TYPE,CHP_BEAT_TYPE,CITY_DIVISION_LAPD,CHP_BEAT_CLASS,BEAT_NUMBER,PRIMARY_RD,SECONDARY_RD,DISTANCE,DIRECTION,INTERSECTION,WEATHER_1,WEATHER_2,STATE_HWY_IND,CALTRANS_COUNTY,CALTRANS_DISTRICT,STATE_ROUTE,ROUTE_SUFFIX,POSTMILE_PREFIX,POSTMILE,LOCATION_TYPE,RAMP_INTERSECTION,SIDE_OF_HWY,TOW_AWAY,COLLISION_SEVERITY,NUMBER_KILLED,NUMBER_INJURED,PARTY_COUNT,PRIMARY_COLL_FACTOR,PCF_CODE_OF_VIOL,PCF_VIOL_CATEGORY,PCF_VIOLATION,PCF_VIOL_SUBSECTION,HIT_AND_RUN,TYPE_OF_COLLISION,MVIW,PED_ACTION,ROAD_SURFACE,ROAD_COND_1,ROAD_COND_2,LIGHTING,CONTROL_DEVICE,CHP_ROAD_TYPE,PEDESTRIAN_ACCIDENT,BICYCLE_ACCIDENT,MOTORCYCLE_ACCIDENT,TRUCK_ACCIDENT,NOT_PRIVATE_PROPERTY,ALCOHOL_INVOLVED,STWD_VEHTYPE_AT_FAULT,CHP_VEHTYPE_AT_FAULT,COUNT_SEVERE_INJ,COUNT_VISIBLE_INJ,COUNT_COMPLAINT_PAIN,COUNT_PED_KILLED,COUNT_PED_INJURED,COUNT_BICYCLIST_KILLED,COUNT_BICYCLIST_INJURED,COUNT_MC_KILLED,COUNT_MC_INJURED,PRIMARY_RAMP,SECONDARY_RAMP,LATITUDE,LONGITUDE,COUNTY,CITY,POINT_X,POINT_Y
6505576,2014,2014-07-30,3711,2014-05-13,1315,6107,,2,5,7,3711,0,0,0,,0,511,"SICARD ST","NEWTON AV",15.00,E,N,A,-,N,,,,,,,,,,N,3,0,2,2,A,-,12,22450,,N,D,G,A,A,H,-,A,D,0,,Y,,,Y,,L,04,0,2,0,0,0,0,2,0,0,"- ","- ",,,"SAN DIEGO","SAN DIEGO",-117.13917884999999,32.695291539999999
6505598,2014,2014-07-28,3711,2014-05-30,2010,6632,MC2,5,5,7,3711,0,0,0,,0,838,"UNIVERSITY AV","33RD ST",140.00,E,N,A,-,N,,,,,,,,,,N,4,0,1,2,B,-,22,,,N,D,G,A,A,H,-,B,D,0,,Y,,,Y,,L,04,0,0,1,0,0,0,1,0,0,"- ","- ",,,"SAN DIEGO","SAN DIEGO",-117.12154642,32.748892720000001
6505606,2014,2014-07-28,3711,2014-05-31,1953,6176,,6,5,7,3711,0,0,0,,0,447,"HOME AV","FAIRMONT AV",528.00,E,N,A,-,N,,,,,,,,,,N,3,0,1,1,D,-,00,,,N,H,A,A,A,H,-,A,D,0,,Y,,,Y,,-,"- ",0,1,0,0,0,0,1,0,0,"- ","- ",,,"SAN DIEGO","SAN DIEGO",-117.09848089,32.729859300000001
6505610,2014,2014-07-28,3711,2014-05-23,0840,6640,SANDI,5,5,7,3711,0,0,0,,0,312,"SANTO RD",REMORA,18.00,S,N,B,-,N,,,,,,,,,,N,3,0,1,2,A,-,09,21801,A,N,D,G,A,A,H,-,A,D,0,,Y,,,Y,,-,,0,1,0,0,0,0,1,0,0,"- ","- ",,,"SAN DIEGO","SAN DIEGO",-117.10297052,32.830853840000003
6505618,2014,2014-07-28,3711,2014-05-29,2047,5051,,4,5,7,3711,0,0,0,,0,613,"WEST POINT LOMA BL","RIALTO ST",178.00,W,N,A,-,N,,,,,,,,,,N,3,0,1,2,A,-,08,22107,,N,C,E,A,A,H,-,C,D,0,,Y,,,Y,Y,L,04,0,1,0,0,0,0,1,0,0,"- ","- ",,,"SAN DIEGO","SAN DIEGO",-117.23140540999999,32.75242308
6505847,2014,2014-07-25,3711,2014-05-25,0007,6708,,7,5,7,3711,0,0,0,,0,242,"NEW SALEM ST","CAMINO RUIZ",28.00,W,N,A,-,N,,,,,,,,,,N,3,0,1,2,A,-,08,22107,,M,D,G,A,A,H,-,C,A,0,,Y,,,Y,,-,,0,1,0,0,0,0,1,0,0,"- ","- ",,,"SAN DIEGO","SAN DIEGO",-117.14408089,32.915687519999999
6505884,2014,2015-09-24,3711,2014-05-11,1300,7075,,7,5,7,3711,0,0,0,,0,327,"SARANAC ST","70TH ST",0.00,,Y,A,-,N,,,,,,,,,,N,3,0,1,2,A,-,05,21650,1,N,B,G,A,A,H,-,A,A,0,,Y,,,Y,,L,04,0,1,0,0,0,0,1,0,0,"- ","- ",,,"SAN DIEGO","SAN DIEGO",-117.04706012,32.770800010000002
6506186,2014,2014-07-21,3711,2014-04-23,1714,7025,,3,5,7,3711,0,0,0,,0,529,"DATE ST","4TH AV",0.00,,Y,A,-,N,,,,,,,,,,N,4,0,1,2,A,-,09,21804,A,N,H,G,A,A,H,-,A,D,0,,Y,,,Y,,L,04,0,0,1,0,0,0,1,0,0,"- ","- ",,,"SAN DIEGO","SAN DIEGO",-117.16114,32.723030020000003
6508573,2014,2014-07-31,3711,2014-05-01,1823,7099,,4,5,7,3711,0,0,0,,0,834,"LANDIS ST","41ST ST",160.00,W,N,A,-,N,,,,,,,,,,N,4,0,1,2,A,-,09,21804,A,N,D,G,A,A,H,-,A,D,0,,Y,,,Y,,L,04,0,0,1,0,0,0,1,0,0,"- ","- ",,,"SAN DIEGO","SAN DIEGO",-117.10749851999999,32.745918359999997
6509485,2014,2014-08-05,3711,2014-05-01,2130,4310,,4,5,7,3711,0,0,0,,0,524,"4TH AV","A ST",0.00,,Y,A,-,N,,,,,,,,,,N,3,0,1,2,A,-,03,22350,,N,D,G,A,A,H,-,C,A,0,,Y,,,Y,,L,04,0,1,0,0,0,0,1,0,0,"- ","- ",,,"SAN DIEGO","SAN DIEGO",-117.16110012999999,32.718850089999997
6510650,2014,2014-08-23,3711,2014-06-02,1652,6066,,1,5,7,3711,0,0,0,,0,111,"CLAIREMONT MESA BL","GENESEE AV",180.00,W,N,A,-,N,,,,,,,,,,N,3,0,1,2,A,-,09,21804,A,N,D,G,A,A,H,-,A,D,0,,Y,,,Y,,A,01,0,1,0,0,0,0,1,0,0,"- ","- ",,,"SAN DIEGO","SAN DIEGO",-117.19548399,32.834481150000002
6510661,2014,2014-08-23,3711,2014-06-02,0810,6009,EASTE,1,5,7,3711,0,0,0,,0,322,"PRINCESS VIEW DR",GLENROY,0.00,,Y,A,-,N,,,,,,,,,,N,4,0,1,2,A,-,12,21453,A,N,B,G,A,A,H,-,A,A,0,,Y,,,Y,,-,,0,0,1,0,0,0,1,0,0,"- ","- ",,,"SAN DIEGO","SAN DIEGO",-117.07654001,32.797870039999999
6510677,2014,2015-09-24,3711,2014-06-04,0725,7136,,3,5,7,3711,0,0,0,,0,627,"1ST AV","3900 1ST AV",8.00,W,N,A,-,N,,,,,,,,,,N,4,0,1,2,A,-,17,22517,,N,B,G,A,A,H,-,A,A,0,,Y,,,Y,,-,,0,0,1,0,0,0,1,0,0,"- ","- ",,,"SAN DIEGO","SAN DIEGO",,
6510685,2014,2014-08-23,3711,2014-06-03,1210,5496,,2,5,7,3711,0,0,0,,0,116,"JELLETT ST","MORENA BL",107.00,W,N,A,-,N,,,,,,,,,,N,3,0,1,2,A,-,05,21460,,N,A,J,A,A,H,-,A,D,0,,Y,,,Y,,L,04,0,1,0,0,0,0,1,0,0,"- ","- ",,,"SAN DIEGO","SAN DIEGO",-117.20608,32.78839
6510689,2014,2014-08-23,3711,2014-06-04,1041,5923,,3,5,7,3711,0,0,0,,0,614,"VOLTAIRE ST","SUNSET CLIFFS BL",134.00,W,N,A,-,N,,,,,,,,,,N,3,0,1,1,C,-,18,,,N,E,G,A,A,-,-,A,D,0,,Y,,,Y,,-,"- ",0,1,0,0,0,0,1,0,0,"- ","- ",,,"SAN DIEGO","SAN DIEGO",-117.24350681,32.750119429999998
6513641,2014,2015-03-17,9645,2014-06-08,0812,17392,,7,1,7,3711,0,1,1,,2,007,"RT 5","GENESEE AV",500.00,N,N,A,-,Y,SD,11,5,-,R,29.550,H,-,N,N,3,0,1,1,A,-,03,22350,,N,F,A,A,A,H,-,A,D,1,,Y,,,Y,,L,04,0,1,0,0,0,0,1,0,0,"- ","- ",32.890560000000001,-117.2272,"SAN DIEGO","SAN DIEGO",-117.22751561,32.888329069999998
6516090,2014,2014-08-11,3711,2014-06-14,1525,4386,,6,5,7,3711,0,0,0,,0,615,"CHATSWORTH BL","MILAN ST",0.00,,Y,A,-,N,,,,,,,,,,N,3,0,1,1,A,-,03,22350,,N,H,J,A,A,-,-,A,D,0,,Y,,,Y,,L,04,0,1,0,0,0,0,1,0,0,"- ","- ",,,"SAN DIEGO","SAN DIEGO",-117.23421005,32.733170020000003
6516109,2014,2015-09-24,3711,2014-06-14,0108,6432,SANDI,6,5,7,3711,0,0,0,,0,531,"FLORIDA DR","ZOO PL",390.00,S,N,A,-,N,,,,,,,,,,N,3,0,1,1,A,-,03,22350,,N,A,J,A,A,H,-,C,D,0,,Y,,,Y,Y,L,04,0,1,0,0,0,0,1,0,0,"- ","- ",,,"SAN DIEGO","SAN DIEGO",-117.14297800999999,32.729375859999998
6516121,2014,2014-08-11,3711,2014-06-11,2315,7134,,3,5,7,3711,0,0,0,,0,838,"EL CAJON BL","39TH ST",180.00,E,N,A,-,N,,,,,,,,,,N,4,0,2,2,A,-,08,22107,,N,C,G,A,A,H,-,C,A,0,,Y,,,Y,,L,04,0,0,2,0,0,0,1,0,0,"- ","- ",,,"SAN DIEGO","SAN DIEGO",-117.10983668999999,32.755252509999998
6516342,2014,2014-08-11,3711,2014-06-16,0755,6717,,1,5,7,3711,0,0,0,,0,931,"LUSK BL","VISTA SORRENTO",54.00,E,N,A,-,N,,,,,,,,,,N,4,0,1,2,A,-,08,22107,,N,B,G,A,A,H,-,A,A,0,,Y,,,Y,,-,,0,0,1,0,0,0,1,0,0,"- ","- ",,,"SAN DIEGO","SAN DIEGO",-117.21740402,32.89872166
6516397,2014,2014-08-11,3711,2014-06-12,0747,7031,SANDI,4,5,7,3711,0,0,0,,0,111,"LIMERICK AV","TRIANA ST",0.00,,Y,A,-,N,,,,,,,,,,N,3,0,1,2,A,-,10,21950,A,N,D,G,A,A,H,-,A,A,0,,Y,,,Y,,A,01,0,1,0,0,0,0,1,0,0,"- ","- ",,,"SAN DIEGO","SAN DIEGO",-117.17888006,32.829430109999997
6517700,2014,2014-08-07,3711,2014-06-11,0700,6430,SANDI,3,5,7,3711,0,0,0,,0,124,"NAUTILUS ST","MUIRLANDS WY",8.00,E,N,A,-,N,,,,,,,,,,N,3,0,1,1,A,-,03,22350,,N,-,A,A,A,H,-,A,D,0,,Y,,,Y,,L,04,0,1,0,0,0,0,1,0,0,"- ","- ",,,"SAN DIEGO","SAN DIEGO",-117.26325497000001,32.833185819999997
6518612,2014,2014-07-30,3711,2014-05-08,2152,HB5062,,4,5,7,3711,0,0,0,,0,550,"LANING RD","LANING RD 2700",12.00,S,N,A,-,N,,,,,,,,,,N,3,0,1,2,A,-,01,23153,B,N,E,G,A,A,H,-,C,D,0,,Y,,,Y,Y,A,01,0,1,0,0,0,0,1,0,0,"- ","- ",,,"SAN DIEGO","SAN DIEGO",,
6519201,2014,2015-02-17,3711,2014-06-03,0545,HB3763,,2,5,7,3711,0,0,0,,0,504,"NORTH HARBOR DR","WEST GRAPE ST",0.00,,Y,B,-,N,,,,,,,,,,N,3,0,1,2,A,-,21,22106,,N,D,G,A,A,H,-,A,A,0,,Y,,,Y,,A,01,0,1,0,0,0,0,1,0,0,"- ","- ",,,"SAN DIEGO","SAN DIEGO",-117.17321001000001,32.7241201
6519202,2014,2016-02-08,3711,2014-06-05,1510,5866,SDPD,4,5,7,3711,0,0,0,,0,725,"PALM AV","RT 805",27.00,N,N,A,-,Y,SD,11,805,-,-,2.669,R,1,N,N,4,0,1,2,A,-,"- ",,,N,D,G,A,A,H,-,A,A,0,,Y,,,Y,,L,04,0,0,1,0,0,0,1,0,0,"- ","- ",,,"SAN DIEGO","SAN DIEGO",-117.03766890999999,32.580486710000002
6519229,2014,2014-08-08,3711,2014-06-01,2046,6294,,7,5,7,3711,0,0,0,,0,517,"B ST","22ND ST",8.00,E,N,A,-,N,,,,,,,,,,N,3,0,1,1,A,-,03,22350,,N,H,J,A,A,H,-,C,D,0,,Y,,,Y,Y,L,04,0,1,0,0,0,0,1,0,0,"- ","- ",,,"SAN DIEGO","SAN DIEGO",-117.14401408000001,32.717889999999997
6519233,2014,2014-08-08,3711,2014-06-01,0623,5292,,7,5,7,3711,0,0,0,,0,521,"11TH AV","B ST",23.00,S,N,B,-,N,,,,,,,,,,N,2,0,1,2,A,-,03,22350,,N,D,G,A,A,H,-,A,A,0,,Y,,,Y,,L,04,1,0,0,0,0,0,1,0,0,"- ","- ",,,"SAN DIEGO","SAN DIEGO",-117.15472878999999,32.717767000000002
6520181,2014,2014-08-08,3711,2014-06-07,1930,5989,,6,5,7,3711,0,0,0,,0,122,"GRAND AV","CASS AV",0.00,,Y,A,-,N,,,,,,,,,,N,3,0,1,2,A,-,08,22107,,M,B,G,A,A,H,-,A,A,0,,Y,,,Y,,-,,0,1,0,0,0,0,1,0,0,"- ","- ",,,"SAN DIEGO","SAN DIEGO",-117.25126002,32.795530079999999
6520234,2014,2014-08-08,3711,2014-06-08,0920,6223,N1,7,5,7,3711,0,0,0,,0,123,"FIESTA ISLAND RD","EAST MISSION BAY DR",2500.00,E,N,A,-,N,,,,,,,,,,N,3,0,1,2,C,-,18,,,N,H,H,A,A,H,-,A,D,0,,Y,,,Y,,-,"- ",0,1,0,0,0,0,1,0,0,"- ","- ",,,"SAN DIEGO","SAN DIEGO",-117.2092,32.768839999999997
6523571,2014,2014-07-18,3711,2014-04-24,2040,6469,,4,5,7,3711,0,0,0,,0,451,"COLLEGE AV","COLLEGE GROVE DR",3.00,E,N,A,-,N,,,,,,,,,,N,4,0,1,2,A,-,11,21456,B,N,D,G,A,A,H,-,C,A,0,,Y,,,Y,,L,04,0,0,1,0,0,0,1,0,0,"- ","- ",,,"SAN DIEGO","SAN DIEGO",-117.05363156,32.744355919999997
6523913,2014,2014-07-17,3711,2014-04-10,1110,6167,SD,4,5,7,3711,0,0,0,,0,124,"NAUTILUS ST","LA JOLLA SCENIC DR",500.00,W,N,A,-,N,,,,,,,,,,N,4,0,1,2,A,-,08,22107,,N,B,G,A,A,H,-,A,D,0,,Y,,,Y,,-,,0,0,1,0,0,0,1,0,0,"- ","- ",,,"SAN DIEGO","SAN DIEGO",-117.2508387,32.833772940000003
6524082,2014,2014-07-17,3711,2014-04-21,0945,4527,,1,5,7,3711,0,0,0,,0,526,4TH,CEDAR,24.00,S,N,A,-,N,,,,,,,,,,N,4,0,1,2,A,-,12,21453,A,N,D,G,A,A,H,-,A,A,0,,Y,,,Y,,L,04,0,0,1,0,0,0,1,0,0,"- ","- ",,,"SAN DIEGO","SAN DIEGO",-117.16111871,32.721904670000001
6524146,2014,2016-02-12,3711,2014-04-21,1438,4116,,1,5,7,3711,0,0,0,,0,321,"ALVARADO CANYON RD","FAIRMONT AV",6.00,E,N,A,-,N,,,,,,,,,,N,4,0,1,1,A,-,08,22107,,N,E,G,A,A,H,-,A,A,0,,Y,,,Y,Y,L,04,0,0,1,0,0,0,1,0,0,"- ","- ",,,"SAN DIEGO","SAN DIEGO",-117.10153218000001,32.780193400000002
6524165,2014,2014-08-06,3711,2014-05-06,1442,6892,,2,5,7,3711,0,0,0,,0,613,"CHATSWORTH BL","WAWONA DR",100.00,W,N,A,-,N,,,,,,,,,,N,4,0,1,1,A,-,08,22107,,N,H,-,A,A,A,-,A,D,0,,Y,,,Y,,L,04,0,0,1,0,0,0,1,0,0,"- ","- ",,,"SAN DIEGO","SAN DIEGO",-117.23186321999999,32.735830030000002
6524214,2014,2014-08-06,3711,2014-05-07,1940,7116,SANDI,3,5,7,3711,0,0,0,,0,624,"ADAMS AV","ADAMS ST",9.00,S,N,A,-,N,,,,,,,,,,N,3,0,1,1,A,-,03,22350,,N,F,-,A,A,H,-,C,D,0,,Y,,,Y,Y,L,04,0,1,0,0,0,0,1,0,0,"- ","- ",,,"SAN DIEGO","SAN DIEGO",-117.14838,32.76247
6524405,2014,2014-09-25,3711,2014-05-11,0735,6252,,7,5,7,3711,0,0,0,,0,611,"KURTZ ST","CAMINO DEL RIO W",5.00,W,N,A,-,N,,,,,,,,,,N,3,0,1,1,A,-,"- ",,,N,H,A,A,A,H,-,A,D,0,,Y,,,Y,,-,"- ",0,1,0,0,0,0,1,0,0,"- ","- ",,,"SAN DIEGO","SAN DIEGO",-117.20504395,32.753026980000001
6524958,2014,2014-08-08,3711,2014-06-10,0745,6192,,2,5,7,3711,0,0,0,,0,242,"GOLD COAST DR","WESTCHESTER AV",0.00,,Y,B,-,N,,,,,,,,,,N,3,0,1,2,A,-,08,22100,A,M,D,G,A,A,H,-,A,D,0,,Y,,,Y,,-,,0,1,0,0,0,0,1,0,0,"- ","- ",,,"SAN DIEGO","SAN DIEGO",-117.1271201,32.905360100000003
6524965,2014,2014-08-08,3711,2014-06-10,1630,6653,,2,5,7,3711,0,0,0,,0,833,"UNIVERSITY AV","47TH ST",0.00,,Y,A,-,N,,,,,,,,,,N,4,0,1,2,A,-,09,21802,A,M,D,G,A,A,H,-,A,A,0,,Y,,,Y,,-,,0,0,1,0,0,0,1,0,0,"- ","- ",,,"SAN DIEGO","SAN DIEGO",-117.09333006,32.749570079999998
6524973,2014,2014-08-08,3711,2014-06-05,1615,8783,SANDI,4,5,7,3711,0,0,0,,0,625,"TAYLOR ST","JUAN ST",0.00,,Y,A,-,N,,,,,,,,,,N,3,0,1,2,A,-,09,21804,A,N,D,G,A,A,H,-,A,A,0,,Y,,,Y,Y,L,04,0,1,0,0,0,0,1,0,0,"- ","- ",,,"SAN DIEGO","SAN DIEGO",-117.19860002999999,32.756780069999998
6524981,2014,2014-08-08,3711,2014-06-07,1624,6000,,6,5,7,3711,0,0,0,,0,832,"42ND ST","ORANGE AV",233.00,N,N,A,-,N,,,,,,,,,,N,3,0,1,2,A,-,05,21650,1,N,A,G,A,A,H,-,A,D,0,,Y,,,Y,,L,04,0,1,0,0,0,0,1,0,0,"- ","- ",,,"SAN DIEGO","SAN DIEGO",-117.10506650000001,32.753838129999998
6525014,2014,2014-08-11,3711,2014-06-05,1646,6043,,4,5,7,3711,0,0,0,,0,242,"GOLD COAST DR","AMBASSADOR AV",0.00,,Y,A,-,N,,,,,,,,,,N,4,0,1,2,A,-,09,21802,A,N,D,G,A,A,H,-,A,D,0,,Y,,,Y,,A,01,0,0,1,0,0,0,1,0,0,"- ","- ",,,"SAN DIEGO","SAN DIEGO",-117.14724004999999,32.905320039999999
6525029,2014,2014-08-08,3711,2014-06-09,1458,4653,,1,5,7,3711,0,0,0,,0,813,"EL CAJON BL","30TH ST",156.00,E,N,B,-,N,,,,,,,,,,N,3,0,1,2,A,-,08,22107,,N,D,G,A,A,H,-,A,D,0,,Y,,,Y,,L,04,0,1,0,0,0,0,1,0,0,"- ","- ",,,"SAN DIEGO","SAN DIEGO",-117.12966428,32.755400000000002
6527304,2014,2014-07-17,3711,2014-04-10,1020,6553,,4,5,7,3711,0,0,0,,0,124,"GILMAN DR","VILLA LA JOLLA DR",600.00,N,N,A,-,N,,,,,,,,,,N,4,0,1,2,A,-,08,22107,,N,B,G,A,A,H,-,A,D,0,,Y,,,Y,,L,04,0,0,1,0,0,0,1,0,0,"- ","- ",,,"SAN DIEGO","SAN DIEGO",-117.23684758,32.865718940000001
6529265,2014,2014-08-11,3711,2014-06-13,0500,6389,,5,5,7,3711,0,0,0,,0,524,"B ST","B ST 1000",15.00,N,N,B,-,N,,,,,,,,,,N,4,0,1,2,A,-,07,21658,A,N,C,G,A,A,H,-,B,A,0,,Y,,,Y,,L,04,0,0,1,0,0,0,1,0,0,"- ","- ",,,"SAN DIEGO","SAN DIEGO",-117.15562195,32.717825900000001
6529772,2014,2014-08-20,3711,2014-06-17,1702,4653,,2,5,7,3711,0,0,0,,0,813,"WIGHTMAN ST","ALABAMA ST",0.00,,Y,A,-,N,,,,,,,,,,N,2,0,1,1,A,-,12,22450,A,N,F,A,A,A,H,-,A,A,0,,Y,,,Y,,L,04,1,0,0,0,0,0,1,0,0,"- ","- ",,,"SAN DIEGO","SAN DIEGO",-117.1421801,32.747400020000001
6529775,2014,2014-08-20,3711,2014-06-16,1915,4759,,1,5,7,3711,0,0,0,,0,,"MISSION BL",WILBUR,90.00,N,N,A,-,N,,,,,,,,,,N,3,0,1,1,D,-,00,,,N,H,I,A,A,G,-,-,D,0,,Y,,,Y,,-,"- ",0,1,0,0,0,0,1,0,0,"- ","- ",,,"SAN DIEGO","SAN DIEGO",-117.25786472,32.804268360000002
6529776,2014,2014-08-20,3711,2014-06-13,1535,,,5,5,7,3711,0,0,0,,0,832,"43RD ST","POLK AV",0.00,,Y,A,-,N,,,,,,,,,,N,4,0,1,2,A,-,09,21802,A,N,D,G,A,A,H,-,A,A,0,,Y,,,Y,,L,04,0,0,1,0,0,0,1,0,0,"- ","- ",,,"SAN DIEGO","SAN DIEGO",-117.10199006000001,32.75140004
6530839,2014,2014-08-12,3711,2014-06-19,1319,5654,,4,5,7,3711,0,0,0,,0,122,"OCEAN BL",THOMAS,18.00,S,N,A,-,N,,,,,,,,,,N,3,0,1,2,A,-,03,22350,,M,C,-,E,A,H,-,A,D,0,Y,Y,,,Y,,L,04,0,1,0,0,1,0,0,0,0,"- ","- ",,,"SAN DIEGO","SAN DIEGO",-117.25571879,32.793341599999998
6530871,2014,2014-08-12,3711,2014-06-19,1600,5916,,4,5,7,3711,0,0,0,,0,116,"CLAIREMONT DR","RAPPAHANNOCK AV",225.00,S,N,A,-,N,,,,,,,,,,N,3,0,1,1,A,-,05,21202,A,N,F,A,A,A,H,-,A,D,0,,Y,,,Y,,L,04,0,1,0,0,0,0,1,0,0,"- ","- ",,,"SAN DIEGO","SAN DIEGO",-117.20048701,32.805158409999997
6538422,2014,2014-08-12,3711,2014-06-29,0918,5600,,7,5,7,3711,0,0,0,,0,326,"54TH ST","CHAPARRAL WY",142.00,W,N,A,-,N,,,,,,,,,,Y,3,0,1,2,A,-,03,22350,,N,C,E,A,A,H,-,A,D,0,,Y,,,Y,Y,L,04,0,1,0,0,0,0,1,0,0,"- ","- ",,,"SAN DIEGO","SAN DIEGO",-117.07992245,32.767447490000002
6538450,2014,2014-08-12,3711,2014-06-27,1327,6855,,5,5,7,3711,0,0,0,,0,611,"SPORTS ARENA BL","ROSECRANS ST",410.00,W,N,A,-,N,,,,,,,,,,N,4,0,1,2,A,-,08,22107,,N,D,G,A,A,H,-,A,D,0,,Y,,,Y,,A,01,0,0,1,0,0,0,1,0,0,"- ","- ",,,"SAN DIEGO","SAN DIEGO",-117.20610141,32.752012460000003
6538477,2014,2014-08-12,3711,2014-06-24,2025,4491,,2,5,7,3711,0,0,0,,0,521,"PARK BL",BROADWAY,12.00,S,N,A,-,N,,,,,,,,,,N,3,0,1,1,A,-,03,22350,,N,F,J,A,A,G,-,C,A,0,,Y,,,Y,,L,04,0,1,0,0,0,0,1,0,0,"- ","- ",,,"SAN DIEGO","SAN DIEGO",-117.15376968,32.715707129999998
6538478,2014,2014-08-12,3711,2014-06-25,1930,4505,,3,5,7,3711,0,0,0,,0,936,"CAMINO DEL SUR","TORREY MEADOWS DR",0.00,,Y,A,-,N,,,,,,,,,,N,4,0,1,2,A,-,11,21456,B,N,B,G,B,A,H,-,B,A,0,Y,Y,,,Y,,N,60,0,0,1,0,0,0,1,0,0,"- ","- ",,,"SAN DIEGO","SAN DIEGO",-117.15113009,32.963190009999998
6539471,2014,2014-08-16,3711,2014-06-09,1521,6294,,1,5,7,3711,0,0,0,,0,524,"WEST BROADWAY","STATE ST",96.00,E,N,B,-,N,,,,,,,,,,N,3,0,1,2,A,-,17,22517,,N,H,G,A,A,H,-,A,D,0,,Y,,,Y,,-,,0,1,0,0,0,0,1,0,0,"- ","- ",,,"SAN DIEGO","SAN DIEGO",-117.16618892,32.715760000000003
6539558,2014,2014-08-28,3711,2014-06-19,1534,6772,SANDI,4,5,7,3711,0,0,0,,0,833,"UNIVERSITY AV","UNIVERSITY AV 4500",8.00,S,N,A,-,N,,,,,,,,,,N,3,0,1,2,A,-,08,22107,,N,D,G,A,A,H,-,A,D,0,,Y,,,Y,Y,L,04,0,1,0,0,0,0,1,0,0,"- ","- ",,,"SAN DIEGO","SAN DIEGO",,
6539570,2014,2014-09-23,3711,2014-06-19,1617,5046,,4,5,7,3711,0,0,0,,0,521,"A ST","11TH AV",0.00,,Y,A,-,N,,,,,,,,,,N,3,0,1,2,A,-,12,21453,A,N,D,G,A,A,H,-,A,A,0,,Y,,,Y,,L,04,0,1,0,0,0,0,1,0,0,"- ","- ",,,"SAN DIEGO","SAN DIEGO",-117.15473005,32.718860040000003
6540805,2014,2014-08-08,3711,2014-01-11,0915,4565,,6,5,7,3711,0,0,0,,0,931,"SCRANTON RD","CARROLL CANYON RD",0.00,,Y,A,-,N,,,,,,,,,,N,4,0,1,2,A,-,08,22107,,N,B,G,A,A,D,-,A,D,0,,Y,,,Y,,L,04,0,0,1,0,0,0,1,0,0,"- ","- ",,,"SAN DIEGO","SAN DIEGO",-117.20100001,32.889740070000002
6543987,2014,2016-02-06,9645,2014-06-17,1515,019257,,2,2,7,3711,0,1,1,,2,001,"RT 5","PALM AV",3.00,S,N,A,-,Y,SD,11,5,-,-,4.848,R,1,S,N,3,0,1,2,A,-,21,22106,,N,D,G,A,A,H,-,A,A,1,,Y,,,Y,,D,22,0,1,0,0,0,0,1,0,0,TO,"- ",32.584180000000003,-117.0889,"SAN DIEGO","SAN DIEGO",-117.0877309,32.586861849999998
6544973,2014,2014-08-19,3711,2014-06-21,1159,6064,SANDI,6,5,7,3711,0,0,0,,0,,"5TH AV","HARBOR DR",98.00,N,N,A,-,N,,,,,,,,,,N,3,0,1,2,A,-,09,21804,A,N,G,G,A,A,-,-,A,A,0,,Y,,,Y,,L,04,0,1,0,0,0,0,1,0,0,"- ","- ",,,"SAN DIEGO","SAN DIEGO",-117.1603999,32.707070100000003
6545009,2014,2014-08-19,3711,2014-06-30,2225,4203,,1,5,7,3711,0,0,0,,0,243,"KEARNY VILLA RD","MIRAMAR WY",1000.00,S,N,A,-,N,,,,,,,,,,N,3,0,1,2,A,-,08,22107,,N,-,G,A,A,H,-,D,D,0,,Y,,,Y,,L,04,0,1,0,0,0,0,1,0,0,"- ","- ",,,"SAN DIEGO","SAN DIEGO",-117.11668581000001,32.877820960000001
6545047,2014,2014-08-18,3711,2014-06-29,2237,7093,SDPD,7,5,7,3711,0,0,0,,0,627,UNIVERSITY,"NORMAL AV",0.00,,Y,A,-,N,,,,,,,,,,N,3,0,1,2,A,-,09,21801,A,N,D,G,A,A,G,-,C,A,0,,Y,,,Y,,L,04,0,1,0,0,0,0,1,0,0,"- ","- ",,,"SAN DIEGO","SAN DIEGO",-117.14996008,32.748460020000003
6545067,2014,2014-08-18,3711,2014-06-27,1846,6276,,5,5,7,3711,0,0,0,,0,611,"SPORTS ARENA BL","HANCOCK ST",664.00,S,N,B,-,N,,,,,,,,,,N,3,0,1,1,A,-,08,22107,,N,E,-,A,A,H,-,A,D,0,,Y,,,Y,,L,04,0,1,0,0,0,0,1,0,0,"- ","- ",,,"SAN DIEGO","SAN DIEGO",-117.21503497,32.754289139999997