CASE_ID,ACCIDENT_YEAR,PROC_DATE,JURIS,COLLISION_DATE,COLLISION_TIME,OFFICER_ID,REPORTING_DISTRICT,DAY_OF_WEEK,CHP_SHIFT,POPULATION,CNTY_CITY_LOC,SPECIAL_COND,BEAT_TYPE,CHP_BEAT_TYPE,CITY_DIVISION_LAPD,CHP_BEAT_CLASS,BEAT_NUMBER,PRIMARY_RD,SECONDARY_RD,DISTANCE,DIRECTION,INTERSECTION,WEATHER_1,WEATHER_2,STATE_HWY_IND,CALTRANS_COUNTY,CALTRANS_DISTRICT,STATE_ROUTE,ROUTE_SUFFIX,POSTMILE_PREFIX,POSTMILE,LOCATION_TYPE,RAMP_INTERSECTION,SIDE_OF_HWY,TOW_AWAY,COLLISION_SEVERITY,NUMBER_KILLED,NUMBER_INJURED,PARTY_COUNT,PRIMARY_COLL_FACTOR,PCF_CODE_OF_VIOL,PCF_VIOL_CATEGORY,PCF_VIOLATION,PCF_VIOL_SUBSECTION,HIT_AND_RUN,TYPE_OF_COLLISION,MVIW,PED_ACTION,ROAD_SURFACE,ROAD_COND_1,ROAD_COND_2,LIGHTING,CONTROL_DEVICE,CHP_ROAD_TYPE,PEDESTRIAN_ACCIDENT,BICYCLE_ACCIDENT,MOTORCYCLE_ACCIDENT,TRUCK_ACCIDENT,NOT_PRIVATE_PROPERTY,ALCOHOL_INVOLVED,STWD_VEHTYPE_AT_FAULT,CHP_VEHTYPE_AT_FAULT,COUNT_SEVERE_INJ,COUNT_VISIBLE_INJ,COUNT_COMPLAINT_PAIN,COUNT_PED_KILLED,COUNT_PED_INJURED,COUNT_BICYCLIST_KILLED,COUNT_BICYCLIST_INJURED,COUNT_MC_KILLED,COUNT_MC_INJURED,PRIMARY_RAMP,SECONDARY_RAMP,LATITUDE,LONGITUDE,COUNTY,CITY,POINT_X,POINT_Y
6545092,2014,2014-08-20,3711,2014-06-25,2030,6513,,3,5,7,3711,0,0,0,,0,242,"COMPASS POINT DR","COMPASS POINT DR 9500",0.00,,Y,A,-,N,,,,,,,,,,N,3,0,1,2,A,-,09,21802,A,M,D,G,A,A,H,-,C,D,0,,Y,,,Y,,-,99,0,1,0,0,0,0,1,0,0,"- ","- ",,,"SAN DIEGO","SAN DIEGO",,
6545104,2014,2014-08-20,3711,2014-06-27,0944,4236,,5,5,7,3711,0,0,0,,0,931,"PACIFIC HEIGHTS BL",CORNERSTONE,16.00,N,N,A,-,N,,,,,,,,,,N,3,0,1,1,C,-,18,,,N,F,A,A,A,H,-,A,A,0,,Y,,,Y,,-,"- ",0,1,0,0,0,0,1,0,0,"- ","- ",,,"SAN DIEGO","SAN DIEGO",-117.18912863,32.896889950000002
6545108,2014,2014-08-19,3711,2014-06-30,1500,6998,,1,5,7,3711,0,0,0,,0,313,"CONVOY ST","CONVOY ST 4647",0.00,E,N,A,-,N,,,,,,,,,,N,3,0,1,2,A,-,05,21650,1,N,D,G,A,A,H,-,A,D,0,,Y,,,Y,,L,04,0,1,0,0,0,0,1,0,0,"- ","- ",,,"SAN DIEGO","SAN DIEGO",-117.15502381,32.825402510000004
6545116,2014,2014-08-19,3711,2014-06-26,2102,6759,,4,5,7,3711,0,0,0,,0,433,"KLAUBER AV","ATTIX ST",154.00,S,N,A,-,N,,,,,,,,,,N,3,0,2,2,A,-,06,21751,,N,A,G,A,A,H,-,C,D,0,,Y,Y,,Y,,C,02,0,1,1,0,0,0,1,0,1,"- ","- ",,,"SAN DIEGO","SAN DIEGO",-117.05568332999999,32.722165570000001
6546922,2014,2014-08-18,3711,2014-07-01,2101,7114,SD,2,5,7,3711,0,0,0,,0,113,"CHIPPEWA CT","EPANOW AV",92.00,E,N,A,-,N,,,,,,,,,,N,3,0,1,2,A,-,03,22350,,N,C,G,A,A,H,-,C,D,0,,Y,,,Y,,L,04,0,1,0,0,0,0,1,0,0,"- ","- ",,,"SAN DIEGO","SAN DIEGO",-117.20248156,32.813626450000001
6546930,2014,2014-08-29,3711,2014-06-26,1356,6372,,4,5,7,3711,0,0,0,,0,839,"UNIVERSITY AV","WABASH ST",63.00,W,N,A,-,N,,,,,,,,,,N,3,0,1,2,A,-,06,21754,,N,B,G,A,A,H,-,A,A,0,,Y,,,Y,,L,04,0,1,0,0,0,0,1,0,0,"- ","- ",,,"SAN DIEGO","SAN DIEGO",-117.12093745,32.74907237
6550183,2014,2014-08-25,3711,2014-06-30,1605,4881,,1,5,7,3711,0,0,0,,0,518,"DATE ST","DALE ST",1600.00,,N,A,-,N,,,,,,,,,,N,4,0,1,2,A,-,12,22450,A,N,D,G,A,A,H,-,A,A,0,,Y,,,Y,,L,04,0,0,1,0,0,0,1,0,0,"- ","- ",,,"SAN DIEGO","SAN DIEGO",-117.13113007,32.723400050000002
6550187,2014,2014-08-25,3711,2014-06-30,1955,6827,,1,5,7,3711,0,0,0,,0,839,"UNIVERSITY AV","37TH ST",0.00,,Y,A,-,N,,,,,,,,,,N,3,0,1,2,A,-,03,22350,,N,C,G,A,A,H,-,B,D,0,,Y,,,Y,,L,04,0,1,0,0,0,0,1,0,0,"- ","- ",,,"SAN DIEGO","SAN DIEGO",-117.11311004,32.749730079999999
6550220,2014,2014-09-02,3711,2014-06-27,2117,5198,,5,5,7,3711,0,0,0,,0,517,"B ST","21ST ST",84.00,W,N,B,-,N,,,,,,,,,,N,3,0,1,1,A,-,03,22350,,N,F,A,A,A,H,-,C,A,0,,Y,,,Y,,L,04,0,1,0,0,0,0,1,0,0,"- ","- ",,,"SAN DIEGO","SAN DIEGO",-117.14522220000001,32.717880000000001
6550228,2014,2014-09-02,3711,2014-06-29,1205,6852,,7,5,7,3711,0,0,0,,0,313,"RUFFIN RD","RUFFIN RD 3700",0.00,,N,A,-,N,,,,,,,,,,N,3,0,1,1,A,-,03,22350,,N,H,A,A,A,G,-,A,D,0,,Y,,,Y,,L,04,0,1,0,0,0,0,1,0,0,"- ","- ",,,"SAN DIEGO","SAN DIEGO",,
6550236,2014,2015-10-13,3711,2014-06-27,1509,6000,,5,5,7,3711,0,0,0,,0,311,"MURPHY CANYON MULTI USE PATH","FRIARS RD",75.00,S,N,A,-,N,,,,,,,,,,N,3,0,2,2,-,-,"- ",,,N,B,G,A,A,H,-,A,D,0,,Y,Y,,Y,,-,"- ",0,2,0,0,0,0,1,0,1,"- ",TR,,,"SAN DIEGO","SAN DIEGO",,
6550456,2014,2016-05-24,3711,2014-07-01,1730,5989,,2,5,7,3711,0,0,0,,0,126,"GENESEE AV","RT 5",1320.00,W,N,A,-,Y,SD,11,5,-,R,29.336,R,4,S,N,3,0,1,1,A,-,08,22107,,N,E,-,A,A,H,-,A,D,0,,Y,,,Y,,L,04,0,1,0,0,0,0,1,0,0,"- ","- ",,,"SAN DIEGO","SAN DIEGO",-117.22809407,32.885254439999997
6551404,2014,2014-08-12,3711,2014-06-18,1609,7001,SDPD,3,5,7,3711,0,0,0,,0,611,"WEST SIDEWALK","MIDWAY DR 2900",0.00,,N,A,-,N,,,,,,,,,,N,3,0,1,2,A,-,"- ",,,N,D,G,A,A,-,-,A,D,0,,Y,,,Y,,L,04,0,1,0,0,0,0,1,0,0,"- ","- ",,,"SAN DIEGO","SAN DIEGO",,
6553854,2014,2014-08-20,3711,2014-07-09,2124,HB5372,,3,5,7,3711,0,0,0,,0,503,"HARBOR ISLAND DR","NORTH HARBOR DR",157.00,S,N,A,-,N,,,,,,,,,,N,3,0,1,2,A,-,09,21803,A,F,D,G,A,A,H,-,C,A,0,,Y,,,Y,Y,A,01,0,1,0,0,0,0,1,0,0,"- ","- ",,,"SAN DIEGO","SAN DIEGO",-117.19523232,32.728861479999999
6560081,2014,2014-08-26,3711,2014-07-05,0058,7150,,6,5,7,3711,0,0,0,,0,122,"HAINES ST","PACIFIC BEACH DR",162.00,N,N,A,-,N,,,,,,,,,,N,3,0,1,2,A,-,08,22107,,N,C,E,A,A,H,-,C,D,0,,Y,,,Y,Y,L,04,0,1,0,0,0,0,1,0,0,"- ","- ",,,"SAN DIEGO","SAN DIEGO",-117.24105708,32.794000650000001
6560089,2014,2014-08-21,3711,2014-07-05,2035,4386,,6,5,7,3711,0,0,0,,0,627,"5TH AV","ROBINSON ST",0.00,,Y,A,-,N,,,,,,,,,,N,3,0,1,2,A,-,08,22107,,N,D,G,A,A,H,-,C,A,0,,Y,,,Y,,-,,0,1,0,0,0,0,1,0,0,"- ","- ",,,"SAN DIEGO","SAN DIEGO",-117.16041009,32.746940119999998
6560090,2014,2014-08-21,3711,2014-07-02,0930,6814,,3,5,7,3711,0,0,0,,0,531,"PARK BL","UPAS ST",15.00,N,N,A,-,N,,,,,,,,,,N,4,0,1,2,A,-,08,22107,,N,B,G,A,A,H,-,A,A,0,,Y,,,Y,,-,,0,0,1,0,0,0,1,0,0,"- ","- ",,,"SAN DIEGO","SAN DIEGO",-117.14752151,32.741181070000003
6560164,2014,2014-08-21,3711,2014-07-05,0009,5072,,6,5,7,3711,0,0,0,,0,123,"EAST MISSION BAY DR","CLAIREMONT DR",3696.00,S,N,A,-,N,,,,,,,,,,N,3,0,1,2,A,-,08,22107,,N,B,G,A,A,H,-,C,D,0,,Y,,,Y,,A,01,0,1,0,0,0,0,1,0,0,"- ","- ",,,"SAN DIEGO","SAN DIEGO",-117.20920172,32.780713759999998
6560176,2014,2014-08-21,3711,2014-07-07,1840,3432,,1,5,7,3711,0,0,0,,0,124,"LA JOLLA SHORES DR","LA JOLLA SHORES LN",0.00,,Y,A,-,N,,,,,,,,,,N,3,0,1,1,A,-,03,22350,,N,H,-,A,A,G,-,A,D,0,,Y,,,Y,,L,04,0,1,0,0,0,0,1,0,0,"- ","- ",,,"SAN DIEGO","SAN DIEGO",-117.25121011,32.871000080000002
6560177,2014,2014-08-26,3711,2014-07-04,0811,6831,,5,5,7,3711,0,0,0,,0,721,"CORONADO AV","ATWATER ST",81.00,W,N,B,-,N,,,,,,,,,,N,3,0,1,2,A,-,"- ",,,N,H,G,A,A,H,-,A,D,0,,Y,,,Y,,-,"- ",0,1,0,0,0,0,1,0,0,"- ","- ",,,"SAN DIEGO","SAN DIEGO",-117.09983200000001,32.576504229999998
6560197,2014,2014-08-21,3711,2014-07-02,1653,7084,SOUTH,3,5,7,3711,0,0,0,,0,723,"PALM AV","BEYER WY 600",0.00,E,N,A,-,N,,,,,,,,,,N,3,0,1,2,A,-,08,22107,,N,H,G,A,A,H,-,A,D,0,,Y,,,Y,,-,,0,1,0,0,0,0,1,0,0,"- ","- ",,,"SAN DIEGO","SAN DIEGO",,
6560489,2014,2014-08-13,3711,2014-06-30,1230,7075,,1,5,7,3711,0,0,0,,0,326,"MONTEZUMA RD",CAMPANILE,60.00,W,N,A,-,N,,,,,,,,,,N,4,0,1,2,A,-,05,21650,1,N,B,G,A,A,H,-,A,D,0,,Y,,,Y,,L,04,0,0,1,0,0,0,1,0,0,"- ","- ",,,"SAN DIEGO","SAN DIEGO",-117.07211452999999,32.770710000000001
6560581,2014,2014-08-12,3711,2014-06-17,1457,7085,SANDI,2,5,7,3711,0,0,0,,0,242,"BLACK MOUNTAIN RD","GOLD COAST DR",1056.00,N,N,A,-,N,,,,,,,,,,N,4,0,1,2,A,-,05,21650,1,N,D,G,A,A,H,-,A,D,0,,Y,,,Y,,L,04,0,0,1,0,0,0,1,0,0,"- ","- ",,,"SAN DIEGO","SAN DIEGO",-117.12426404999999,32.90825212
6564372,2014,2014-08-25,3711,2014-07-09,1010,4421,,3,5,7,3711,0,0,0,,0,936,"CARMEL VALLEY RD","ZINNIA HILLS PL",150.00,E,N,A,-,N,,,,,,,,,,N,3,0,2,2,A,-,03,22350,,N,H,-,A,A,H,-,A,D,0,,Y,,,Y,,L,04,0,2,0,0,0,0,2,0,0,"- ","- ",,,"SAN DIEGO","SAN DIEGO",-117.18584432999999,32.965151480000003
6564388,2014,2014-08-25,3711,2014-07-03,2253,5051,,4,5,7,3711,0,0,0,,0,611,"SPORTS ARENA BL","ROSECRANS ST",0.00,,Y,A,-,N,,,,,,,,,,N,4,0,1,2,A,-,12,21453,A,N,D,G,A,A,H,-,C,A,0,,Y,,,Y,,L,04,0,0,1,0,0,0,1,0,0,"- ","- ",,,"SAN DIEGO","SAN DIEGO",-117.20494006,32.751530010000003
6564457,2014,2014-08-22,3711,2014-07-10,1545,4759,,4,5,7,3711,0,0,0,,0,122,"GARNET AV","HAINES ST",0.00,,Y,B,-,N,,,,,,,,,,N,3,0,1,2,A,-,09,21801,A,N,D,G,A,A,H,-,A,A,0,,Y,,,Y,,-,,0,1,0,0,0,0,1,0,0,"- ","- ",,,"SAN DIEGO","SAN DIEGO",-117.24271001,32.799390039999999
6564474,2014,2014-08-22,3711,2014-07-08,1700,7086,,2,5,7,3711,0,0,0,,0,813,"REDWOOD ST","33RD ST",0.00,,Y,A,-,N,,,,,,,,,,N,3,0,1,2,A,-,12,22450,A,N,D,G,A,A,H,-,A,D,0,,Y,,,Y,,L,04,0,1,0,0,0,0,1,0,0,"- ","- ",,,"SAN DIEGO","SAN DIEGO",-117.12308001,32.73742008
6567944,2014,2014-08-25,3711,2014-07-10,0923,5498,,4,5,7,3711,0,0,0,,0,521,"IMPERIAL AV","13TH ST",4.00,W,N,A,-,N,,,,,,,,,,N,3,0,1,2,A,-,03,22350,,N,G,-,F,A,H,-,A,D,0,Y,Y,,,Y,,L,04,0,1,0,0,1,0,0,0,0,"- ","- ",,,"SAN DIEGO","SAN DIEGO",-117.15278296,32.70628
6567968,2014,2014-08-25,3711,2014-07-06,1900,5958,,7,5,7,3711,0,0,0,,0,121,"BAYSIDE WALK","ISLAND CT",0.00,,Y,A,-,N,,,,,,,,,,N,3,0,1,2,A,-,17,21200,A,N,H,-,E,A,H,-,A,D,0,Y,Y,,,Y,,L,04,0,1,0,0,1,0,0,0,0,"- ","- ",,,"SAN DIEGO","SAN DIEGO",-117.24969005,32.772640090000003
6567976,2014,2014-08-25,3711,2014-07-15,1500,4965,,2,5,7,3711,0,0,0,,0,813,"30TH ST","KALMIA ST",88.00,S,N,B,-,N,,,,,,,,,,N,3,0,1,2,A,-,17,22517,,N,B,G,A,A,H,-,A,D,0,,Y,,,Y,,-,,0,1,0,0,0,0,1,0,0,"- ","- ",,,"SAN DIEGO","SAN DIEGO",-117.12956572,32.730559929999998
6567980,2014,2014-08-25,3711,2014-07-09,1649,6415,,3,5,7,3711,0,0,0,,0,315,"MISSION CENTER RD","FRIARS RD",20.00,N,N,A,-,N,,,,,,,,,,N,3,0,1,1,A,-,05,21650,1,N,E,G,A,A,H,-,A,A,0,,Y,,,Y,Y,L,04,0,1,0,0,0,0,1,0,0,"- ","- ",,,"SAN DIEGO","SAN DIEGO",-117.15385503,32.774694629999999
6569160,2014,2016-05-24,9645,2014-07-15,0930,012572,SANDI,2,1,7,3711,0,1,1,,2,003,"PERSHING DR","RT 5",300.00,E,N,B,-,Y,SD,11,5,-,R,15.539,R,3,N,N,3,0,1,1,B,-,22,,,N,F,A,A,A,H,-,A,D,1,,Y,,,Y,,L,04,0,1,0,0,0,0,1,0,0,FR,"- ",,,"SAN DIEGO","SAN DIEGO",-117.14826539000001,32.720815260000002
6570807,2014,2014-08-28,3711,2014-07-18,1923,6415,,5,5,7,3711,0,0,0,,0,311,"AERO DR","KEARNY VILLA RD",0.00,,Y,A,-,N,,,,,,,,,,N,4,0,1,2,A,-,08,21717,,N,-,G,A,A,H,-,A,A,0,,Y,,,Y,,A,07,0,0,1,0,0,0,1,0,0,"- ","- ",,,"SAN DIEGO","SAN DIEGO",-117.15092005,32.810070060000001
6570826,2014,2014-09-23,3711,2014-07-17,1259,7149,SANDI,4,5,7,3711,0,0,0,,0,,"NOBEL DR",REGENTS,180.00,W,N,A,-,N,,,,,,,,,,N,3,0,1,2,A,-,08,22107,,N,B,G,A,A,H,-,A,A,0,,Y,,,Y,,-,,0,1,0,0,0,0,1,0,0,"- ","- ",,,"SAN DIEGO","SAN DIEGO",-117.21965596,32.867704830000001
6570831,2014,2014-08-28,3711,2014-07-21,1529,4653,,1,5,7,3711,0,0,0,,0,826,"ALTADENA AV","TROJAN AV",0.00,,Y,A,-,N,,,,,,,,,,N,3,0,1,2,A,-,12,22450,A,N,D,G,A,A,H,-,A,A,0,,Y,,,Y,,L,04,0,1,0,0,0,0,1,0,0,"- ","- ",,,"SAN DIEGO","SAN DIEGO",-117.08578008000001,32.754900050000003
6570833,2014,2014-08-28,3711,2014-07-18,1025,6009,EASTE,5,5,7,3711,0,0,0,,0,321,"SANTO RD","FRIARS RD",528.00,N,N,A,-,N,,,,,,,,,,N,3,0,1,1,C,-,18,,,N,E,I,A,A,C,-,A,D,0,,Y,,,Y,,-,"- ",0,1,0,0,0,0,1,0,0,"- ","- ",,,"SAN DIEGO","SAN DIEGO",-117.10563501999999,32.791735129999999
6570834,2014,2014-08-28,3711,2014-07-18,1722,7025,,5,5,7,3711,0,0,0,,0,572,IMPERIAL,"21ST ST",0.00,,Y,A,-,N,,,,,,,,,,N,3,0,1,2,A,-,17,22517,,N,B,G,A,A,H,-,A,D,0,,Y,,,Y,,-,,0,1,0,0,0,0,1,0,0,"- ","- ",,,"SAN DIEGO","SAN DIEGO",-117.14486005000001,32.70628009
6570843,2014,2014-08-28,3711,2014-07-18,0938,6430,SANDI,5,5,7,3711,0,0,0,,0,126,"NORTH TORREY PINES RD","SALK INSTITUTE RD",42.00,N,N,B,-,N,,,,,,,,,,N,3,0,1,2,A,-,08,22107,,N,C,G,A,A,H,-,A,A,0,,Y,,,Y,,L,04,0,1,0,0,0,0,1,0,0,"- ","- ",,,"SAN DIEGO","SAN DIEGO",-117.243915,32.886204990000003
6570850,2014,2014-08-28,3711,2014-07-16,1139,5300,,3,5,7,3711,0,0,0,,0,614,"CASTELAR ST","WEST POINT LOMA BL",8.00,S,N,A,-,N,,,,,,,,,,N,4,0,1,2,A,-,12,22450,A,N,D,G,A,A,H,-,A,A,0,,Y,,,Y,,-,,0,0,1,0,0,0,1,0,0,"- ","- ",,,"SAN DIEGO","SAN DIEGO",-117.23840803,32.75073055
6570851,2014,2014-08-28,3711,2014-07-20,1200,5899,,7,5,7,3711,0,0,0,,0,824,"FAIRMOUNT AV","CAMINO DEL RIO S",150.00,E,N,A,-,N,,,,,,,,,,N,3,0,3,3,D,-,00,,,N,B,G,A,A,H,-,A,D,0,,Y,,,Y,,-,"- ",0,1,2,0,0,0,2,0,0,"- ","- ",,,"SAN DIEGO","SAN DIEGO",-117.09921052,32.7758702
6570855,2014,2014-09-03,3711,2014-07-20,1114,5585,,7,5,7,3711,0,0,0,,0,614,"SUNSET CLIFFS BL","WEST POINT LOMA BL",108.00,E,N,A,-,N,,,,,,,,,,N,3,0,1,2,A,-,08,22107,,N,D,G,A,A,H,-,A,D,0,,Y,,,Y,,-,,0,1,0,0,0,0,1,0,0,"- ","- ",,,"SAN DIEGO","SAN DIEGO",-117.24205971000001,32.751176579999999
6572811,2014,2016-01-05,3711,2014-07-19,1350,4757,,6,5,7,3711,0,0,0,,0,529,"4TH AV","UPAS ST",36.00,N,N,B,-,N,,,,,,,,,,N,4,0,1,2,A,-,09,21801,A,N,D,G,A,A,H,-,A,D,0,,Y,,,Y,,-,,0,0,1,0,0,0,1,0,0,"- ","- ",,,"SAN DIEGO","SAN DIEGO",-117.16127197,32.740898600000001
6572812,2014,2014-09-02,3711,2014-07-21,1920,4653,,1,5,7,3711,0,0,0,,0,315,"TEXAS ST","CAMINO DEL RIO S",101.00,S,N,B,-,N,,,,,,,,,,N,3,0,1,1,A,-,03,22350,,N,F,A,A,A,H,-,B,D,0,,Y,,,Y,,L,04,0,1,0,0,0,0,1,0,0,"- ","- ",,,"SAN DIEGO","SAN DIEGO",-117.13917816,32.76703449
6572871,2014,2014-09-02,3711,2014-07-22,0730,4421,,2,5,7,3711,0,0,0,,0,935,"SAN DIEGUITO RD","SAN DIEGUITO RD 14150",45.00,W,N,A,-,N,,,,,,,,,,N,3,0,1,2,A,-,08,22107,,M,B,G,A,A,H,-,A,D,0,,Y,,,Y,,-,,0,1,0,0,0,0,1,0,0,"- ","- ",,,"SAN DIEGO","SAN DIEGO",,
6573153,2014,2014-08-29,3711,2014-07-15,0825,HB3855,,2,5,7,3711,0,0,0,,0,504,"WEST HARBOR DR","WEST HARBOR DR 550",0.00,,N,A,-,N,,,,,,,,,,N,3,0,1,3,A,-,17,22517,,N,A,G,A,A,H,-,A,D,0,,Y,,,Y,,-,,0,1,0,0,0,0,1,0,0,"- ","- ",,,"SAN DIEGO","SAN DIEGO",,
6573165,2014,2014-08-29,3711,2014-07-17,1753,HB5247,,4,5,7,3711,0,0,0,,0,504,"NORTH HARBOR DR","N HARBOR DR 950",18.20,E,N,A,-,N,,,,,,,,,,N,3,0,1,2,A,-,08,22107,,N,D,G,A,A,H,-,A,D,0,,Y,,,Y,,A,01,0,1,0,0,0,0,1,0,0,"- ","- ",,,"SAN DIEGO","SAN DIEGO",,
6580616,2014,2014-09-02,3711,2014-07-26,1342,6895,,6,5,7,3711,0,0,0,,0,813,"OREGON ST","UNIVERSITY AV",0.00,,Y,A,-,N,,,,,,,,,,N,3,0,1,1,A,-,03,22350,,N,H,A,A,A,A,-,A,D,0,,Y,,,Y,,L,04,0,1,0,0,0,0,1,0,0,"- ","- ",,,"SAN DIEGO","SAN DIEGO",-117.13511004,32.74846007
6580617,2014,2014-09-02,3711,2014-07-07,0830,3815,,1,5,7,3711,0,0,0,,0,140700,"MERCURY ST","ENGINEER RD",235.00,S,N,A,-,N,,,,,,,,,,N,3,0,1,1,C,-,18,,,N,H,A,A,A,A,-,A,D,0,,Y,,,Y,,-,"- ",0,1,0,0,0,0,1,0,0,"- ","- ",,,"SAN DIEGO","SAN DIEGO",-117.1489,32.824137399999998
6580618,2014,2014-09-02,3711,2014-07-23,1341,6855,,3,5,7,3711,0,0,0,,0,611,"ROSECRANS ST","MIDWAY DR",200.00,N,N,A,-,N,,,,,,,,,,N,4,0,1,2,A,-,"- ",,,N,D,G,A,A,H,-,A,D,0,,Y,,,Y,,L,04,0,0,1,0,0,0,1,0,0,"- ","- ",,,"SAN DIEGO","SAN DIEGO",-117.20579669,32.750147980000001
6580619,2014,2014-09-02,3711,2014-07-24,1347,5197,,4,5,7,3711,0,0,0,,0,524,"C ST","8TH AV",30.00,W,N,A,-,N,,,,,,,,,,N,3,0,1,1,A,-,08,22107,,N,E,I,A,A,H,-,A,D,0,,Y,,,Y,,L,04,0,1,0,0,0,0,1,0,0,"- ","- ",,,"SAN DIEGO","SAN DIEGO",-117.15752721,32.71676892
6580622,2014,2014-09-03,3711,2014-07-20,1009,7061,,7,5,7,3711,0,0,0,,0,115,"GENESEE AV","APRIL CT",528.00,S,N,B,-,N,,,,,,,,,,N,4,0,1,2,A,-,09,21801,A,N,H,G,A,A,H,-,A,D,0,,Y,,,Y,,-,,0,0,1,0,0,0,1,0,0,"- ","- ",,,"SAN DIEGO","SAN DIEGO",-117.20402733,32.848724249999997
6580628,2014,2016-05-24,3711,2014-07-26,1139,5114,,6,5,7,3711,0,0,0,,0,233,"BLACK MOUNTAIN RD","RT 56",14.00,S,N,A,-,Y,SD,11,56,-,-,7.746,R,4,E,N,3,0,1,2,A,-,10,21950,C,N,A,G,A,A,H,-,A,A,0,,Y,,,Y,,-,,0,1,0,0,0,0,1,0,0,"- ",EO,,,"SAN DIEGO","SAN DIEGO",-117.12696768000001,32.954320340000002
6580635,2014,2014-09-04,3711,2014-07-26,0952,6831,,6,5,7,3711,0,0,0,,0,725,"PALM AV","PALM AV 4600",180.00,E,N,A,-,N,,,,,,,,,,,4,0,1,2,A,-,08,22107,,N,D,G,A,A,H,-,A,D,0,,Y,,,Y,,-,"- ",0,0,1,0,0,0,1,0,0,"- ","- ",,,"SAN DIEGO","SAN DIEGO",,
6580689,2014,2014-09-03,3711,2014-07-24,1735,6775,,4,5,7,3711,0,0,0,,0,623,"SEFTON PARK","HOTEL CIRCLE PL",528.00,W,N,A,-,N,,,,,,,,,,Y,3,0,1,2,A,-,09,21801,A,N,D,G,A,A,H,-,A,D,0,,Y,,,Y,,-,,0,1,0,0,0,0,1,0,0,"- ","- ",,,"SAN DIEGO","SAN DIEGO",,
6580702,2014,2014-09-03,3711,2014-07-01,1117,6830,,2,5,7,3711,0,0,0,,0,115,"BOTHE AV","CURRIE PL",60.00,W,N,A,-,N,,,,,,,,,,N,3,0,1,1,A,-,03,22350,,N,H,-,A,A,G,-,A,D,0,,Y,,,Y,,L,04,0,1,0,0,0,0,1,0,0,"- ","- ",,,"SAN DIEGO","SAN DIEGO",-117.22625938,32.840955219999998
6580712,2014,2014-09-08,3711,2014-07-24,1450,5348,,4,5,7,3711,0,0,0,,0,511,"NATIONAL AV","CESAR CHAVEZ",225.00,E,N,A,-,N,,,,,,,,,,N,4,0,1,2,A,-,05,21650,1,N,B,G,A,A,-,-,A,D,0,,Y,,,Y,,-,"- ",0,0,1,0,0,0,1,0,0,"- ","- ",,,"SAN DIEGO","SAN DIEGO",,
6582322,2014,2014-08-27,3711,2014-07-25,1845,7127,,5,5,7,3711,0,0,0,,0,111,"LIMERICK AV","CLAIREMONT MESA BL",12.00,N,N,A,-,N,,,,,,,,,,N,3,0,1,2,A,-,09,21801,A,N,A,G,A,A,H,-,A,D,0,,Y,,,Y,,A,01,0,1,0,0,0,0,1,0,0,"- ","- ",,,"SAN DIEGO","SAN DIEGO",-117.17875854,32.834442850000002
6582332,2014,2014-08-18,3711,2014-07-31,2100,5348,,4,5,7,3711,0,0,0,,0,516,MARKET,32ND,4.00,E,N,A,-,N,,,,,,,,,,N,3,0,1,2,A,-,05,21650,1,N,B,G,A,A,-,-,C,A,0,,Y,,,Y,,L,04,0,1,0,0,0,0,1,0,0,"- ","- ",,,"SAN DIEGO","SAN DIEGO",-117.12525705,32.711679680000003
6582344,2014,2014-08-18,3711,2014-07-08,0549,6526,,2,5,7,3711,0,0,0,,0,511,"HARBOR DR","HARBOR DR BRIDGE",250.00,E,N,A,-,N,,,,,,,,,,N,2,0,1,2,A,-,08,22107,,F,C,G,A,A,H,-,B,D,0,,Y,,,Y,,-,,1,0,0,0,0,0,1,0,0,"- ","- ",,,"SAN DIEGO","SAN DIEGO",,
6582352,2014,2014-08-18,3711,2014-07-30,0829,7050,,3,5,7,3711,0,0,0,,0,234,"BERNARDO CENTER DR","LOMICA DR",0.00,,Y,A,-,N,,,,,,,,,,N,3,0,1,2,A,-,08,22100,A,N,D,G,A,A,H,-,A,A,0,,Y,,,Y,,-,,0,1,0,0,0,0,1,0,0,"- ","- ",,,"SAN DIEGO","SAN DIEGO",-117.07610009,33.017040100000003
6582356,2014,2014-08-18,3711,2014-07-30,0751,4885,,3,5,7,3711,0,0,0,,0,243,"TRADE PL","DUNBROOK RD",114.00,S,N,A,-,N,,,,,,,,,,N,3,0,1,2,A,-,17,22517,,N,B,G,A,A,H,-,A,D,0,,Y,,,Y,,-,,0,1,0,0,0,0,1,0,0,"- ","- ",,,"SAN DIEGO","SAN DIEGO",-117.15337551,32.892257749999999
6582395,2014,2014-08-20,3711,2014-07-16,1937,6461,SANDI,3,5,7,3711,0,0,0,,0,122,"LA JOLLA BL",TURQUOISE,4.00,W,N,A,-,N,,,,,,,,,,N,4,0,1,2,A,-,03,22350,,N,D,G,A,A,H,-,A,D,0,,Y,,,Y,,L,04,0,0,1,0,0,0,1,0,0,"- ","- ",,,"SAN DIEGO","SAN DIEGO",-117.26239282,32.80801829
6582397,2014,2014-08-18,3711,2014-07-29,0534,4684,,2,5,7,3711,0,0,0,,0,314,"MISSION VILLAGE DR","RONDA RD",929.00,S,N,A,-,N,,,,,,,,,,N,3,0,1,1,A,-,03,22350,,N,F,J,A,A,B,-,C,D,0,,Y,,,Y,,L,04,0,1,0,0,0,0,1,0,0,"- ","- ",,,"SAN DIEGO","SAN DIEGO",-117.12124448,32.790396690000001