CASE_ID,ACCIDENT_YEAR,PROC_DATE,JURIS,COLLISION_DATE,COLLISION_TIME,OFFICER_ID,REPORTING_DISTRICT,DAY_OF_WEEK,CHP_SHIFT,POPULATION,CNTY_CITY_LOC,SPECIAL_COND,BEAT_TYPE,CHP_BEAT_TYPE,CITY_DIVISION_LAPD,CHP_BEAT_CLASS,BEAT_NUMBER,PRIMARY_RD,SECONDARY_RD,DISTANCE,DIRECTION,INTERSECTION,WEATHER_1,WEATHER_2,STATE_HWY_IND,CALTRANS_COUNTY,CALTRANS_DISTRICT,STATE_ROUTE,ROUTE_SUFFIX,POSTMILE_PREFIX,POSTMILE,LOCATION_TYPE,RAMP_INTERSECTION,SIDE_OF_HWY,TOW_AWAY,COLLISION_SEVERITY,NUMBER_KILLED,NUMBER_INJURED,PARTY_COUNT,PRIMARY_COLL_FACTOR,PCF_CODE_OF_VIOL,PCF_VIOL_CATEGORY,PCF_VIOLATION,PCF_VIOL_SUBSECTION,HIT_AND_RUN,TYPE_OF_COLLISION,MVIW,PED_ACTION,ROAD_SURFACE,ROAD_COND_1,ROAD_COND_2,LIGHTING,CONTROL_DEVICE,CHP_ROAD_TYPE,PEDESTRIAN_ACCIDENT,BICYCLE_ACCIDENT,MOTORCYCLE_ACCIDENT,TRUCK_ACCIDENT,NOT_PRIVATE_PROPERTY,ALCOHOL_INVOLVED,STWD_VEHTYPE_AT_FAULT,CHP_VEHTYPE_AT_FAULT,COUNT_SEVERE_INJ,COUNT_VISIBLE_INJ,COUNT_COMPLAINT_PAIN,COUNT_PED_KILLED,COUNT_PED_INJURED,COUNT_BICYCLIST_KILLED,COUNT_BICYCLIST_INJURED,COUNT_MC_KILLED,COUNT_MC_INJURED,PRIMARY_RAMP,SECONDARY_RAMP,LATITUDE,LONGITUDE,COUNTY,CITY,POINT_X,POINT_Y
6582399,2014,2014-08-18,3711,2014-07-31,1756,4523,,4,5,7,3711,0,0,0,,0,124,"LA JOLLA SHORES DR","LA JOLLA SHORES LN",1056.00,E,N,A,-,N,,,,,,,,,,N,3,0,1,2,A,-,08,22107,,N,B,G,A,A,H,-,A,D,0,,Y,,,Y,,L,04,0,1,0,0,0,0,1,0,0,"- ","- ",,,"SAN DIEGO","SAN DIEGO",-117.24912707,32.86911508
6583834,2014,2014-09-23,3711,2014-07-18,2135,6502,,5,5,7,3711,0,0,0,,0,122,"GARNET AV","JEWELL ST",0.00,,Y,A,-,N,,,,,,,,,,N,4,0,1,3,A,-,"- ",,,N,D,G,A,A,H,-,C,A,0,,Y,,,Y,,L,04,0,0,1,0,0,0,1,0,0,"- ","- ",,,"SAN DIEGO","SAN DIEGO",-117.2389701,32.800200080000003
6583964,2014,2014-08-18,3711,2014-07-26,1346,HB4132,,6,5,7,3711,0,0,0,,0,503,"NORTH HARBOR DR","COAST GUARD TAXIWAY",300.00,W,N,A,-,N,,,,,,,,,,N,3,0,2,2,C,-,18,,,N,A,G,A,-,H,-,A,D,0,,Y,,,Y,,-,"- ",0,1,1,0,0,0,2,0,0,"- ","- ",,,"SAN DIEGO","SAN DIEGO",,
6585524,2014,2014-09-05,3711,2014-08-02,1519,5046,,6,5,7,3711,0,0,0,,0,524,"MARKET ST","7TH AV",63.00,W,N,C,-,N,,,,,,,,,,N,4,0,1,2,A,-,17,22517,,N,B,G,A,B,H,-,A,D,0,,Y,,,Y,,A,01,0,0,1,0,0,0,1,0,0,"- ","- ",,,"SAN DIEGO","SAN DIEGO",-117.15853414,32.711509999999997
6585763,2014,2014-08-19,3711,2014-07-30,1149,6788,,3,5,7,3711,0,0,0,,0,311,"AERO DR","RUFFIN RD",69.00,S,N,A,-,N,,,,,,,,,,N,3,0,1,2,A,-,10,21950,A,N,D,G,A,A,H,-,A,A,0,,Y,,,Y,,-,,0,1,0,0,0,0,1,0,0,"- ","- ",,,"SAN DIEGO","SAN DIEGO",-117.12974,32.80988
6585767,2014,2014-08-19,3711,2014-07-19,2117,5972,,6,5,7,3711,0,0,0,,0,614,"CABLE ST","NARRAGANSETT AV",8.00,N,N,A,-,N,,,,,,,,,,N,2,0,2,2,A,-,11,21954,A,N,H,B,D,A,H,-,C,D,0,Y,Y,,,Y,,N,60,1,1,0,0,1,0,1,0,0,"- ","- ",,,"SAN DIEGO","SAN DIEGO",-117.25072502,32.744137889999998
6585775,2014,2014-08-19,3711,2014-07-23,2215,4576,,3,5,7,3711,0,0,0,,0,813,"UNIVERSITY AV","OREGON ST",0.00,,Y,A,-,N,,,,,,,,,,N,2,0,1,2,A,-,09,21801,A,N,D,G,A,A,H,-,C,D,0,,Y,,,Y,,A,08,1,0,0,0,0,0,1,0,0,"- ","- ",,,"SAN DIEGO","SAN DIEGO",-117.13511004,32.74846007
6585811,2014,2014-09-23,3711,2014-07-27,1025,5787,,7,5,7,3711,0,0,0,,0,122,"SOLEDAD MOUNTAIN RD","FELSPAR ST",36.00,N,N,C,-,N,,,,,,,,,,N,3,0,1,1,A,-,03,22350,,N,H,-,A,D,G,-,A,D,0,,Y,,,Y,,L,04,0,1,0,0,0,0,1,0,0,"- ","- ",,,"SAN DIEGO","SAN DIEGO",-117.22423336,32.805934520000001
6587472,2014,2016-01-05,3711,2014-08-04,1442,6465,SD,1,5,7,3711,0,0,0,,0,315,"RIO SAN DIEGO","QUALCOMM WY",17.00,E,N,A,-,N,,,,,,,,,,,3,0,1,2,A,-,12,21453,A,N,H,G,A,A,H,-,A,A,0,,Y,,,Y,,L,04,0,1,0,0,0,0,1,0,0,"- ","- ",,,"SAN DIEGO","SAN DIEGO",-117.14122636,32.775680729999998
6588899,2014,2014-09-18,3711,2014-08-05,1131,5624,,2,5,7,3711,0,0,0,,0,713,"PASEO DE LAS AMERICAS","SIEMPRE VIVA",0.00,,Y,A,-,N,,,,,,,,,,N,3,0,1,2,A,-,17,21208,A,N,B,G,A,A,H,-,A,A,0,,Y,,Y,Y,,L,04,0,1,0,0,0,0,1,0,0,"- ","- ",,,"SAN DIEGO","SAN DIEGO",-116.93592013,32.556890080000002
6589682,2014,2014-09-04,3711,2014-08-08,0827,6677,,5,5,7,3711,0,0,0,,0,124,"PROSPECT PL","CAVE ST",0.00,,Y,B,-,N,,,,,,,,,,N,4,0,1,2,A,-,08,22107,,N,D,G,A,A,H,-,A,D,0,,Y,,,Y,,-,,0,0,1,0,0,0,1,0,0,"- ","- ",,,"SAN DIEGO","SAN DIEGO",-117.27040013,32.848460029999998
6589690,2014,2014-09-04,3711,2014-08-07,0045,4576,,4,5,7,3711,0,0,0,,0,835,"FAIRMOUNT AV","HOME AV",0.00,,Y,A,-,N,,,,,,,,,,N,3,0,1,1,A,-,12,21453,A,N,F,A,A,A,H,-,C,A,0,,Y,,,Y,,L,04,0,1,0,0,0,0,1,0,0,"- ","- ",,,"SAN DIEGO","SAN DIEGO",-117.09974004,32.728880070000002
6589721,2014,2014-09-04,3711,2014-08-01,1916,5972,,5,5,7,3711,0,0,0,,0,121,"BAYSIDE WALK","DEVON CT",0.00,,Y,A,-,N,,,,,,,,,,N,2,0,1,1,A,-,08,22107,,N,E,I,A,A,H,-,B,D,0,,Y,,,Y,Y,L,04,1,0,0,0,0,0,1,0,0,"- ","- ",,,"SAN DIEGO","SAN DIEGO",-117.25003009,32.766190109999997
6589746,2014,2014-09-04,3711,2014-08-09,0850,7012,,6,5,7,3711,0,0,0,,0,934,"CARMEL COUNTRY RD","SAGAMORE WY",0.00,,Y,B,-,N,,,,,,,,,,N,3,0,1,2,A,-,03,22350,,N,H,G,A,A,H,-,A,D,0,,Y,,,Y,,L,04,0,1,0,0,0,0,1,0,0,"- ","- ",,,"SAN DIEGO","SAN DIEGO",-117.20825008,32.934520040000002
6589758,2014,2016-01-05,3711,2014-08-08,0845,6776,SANDI,5,5,7,3711,0,0,0,,0,813,"GEORGIA ST","ROBINSON AV",36.00,N,N,B,-,N,,,,,,,,,,N,4,0,1,2,A,-,08,22107,,N,B,-,A,A,H,-,A,B,0,,Y,,,Y,,L,04,0,0,1,0,0,0,1,0,0,"- ","- ",,,"SAN DIEGO","SAN DIEGO",-117.14495159000001,32.746548609999998
6589921,2014,2014-08-22,3711,2014-07-31,1936,7042,,4,5,7,3711,0,0,0,,0,627,WASHINGTON,RICHMOND,90.00,W,N,A,-,N,,,,,,,,,,N,3,0,1,2,A,-,08,22107,,N,-,G,A,A,H,-,A,D,0,,Y,,,Y,,A,01,0,1,0,0,0,0,1,0,0,"- ","- ",,,"SAN DIEGO","SAN DIEGO",-117.15125813,32.751263620000003
6589929,2014,2014-08-22,3711,2014-07-18,1747,6956,,5,5,7,3711,0,0,0,,0,115,"EXECUTIVE DR","EXECUTIVE WY",0.00,,Y,A,-,N,,,,,,,,,,N,4,0,1,2,A,-,04,21703,,N,B,G,A,A,H,-,A,A,0,,Y,,,Y,,L,04,0,0,1,0,0,0,1,0,0,"- ","- ",,,"SAN DIEGO","SAN DIEGO",-117.21014003000001,32.875600089999999
6589931,2014,2014-08-25,3711,2014-07-25,2050,4491,,5,5,7,3711,0,0,0,,0,517,"2000 B",21ST,47.00,W,N,A,-,N,,,,,,,,,,N,3,0,1,1,A,-,03,22350,,N,F,G,A,A,H,-,C,A,0,,Y,,,Y,,L,04,0,1,0,0,0,0,1,0,0,"- ","- ",,,"SAN DIEGO","SAN DIEGO",-117.1451023,32.717880000000001
6589941,2014,2014-08-22,3711,2014-07-12,2337,5393,,6,5,7,3711,0,0,0,,0,813,"30TH ST","REDWOOD ST",170.00,N,N,A,-,N,,,,,,,,,,N,2,0,1,2,A,-,09,21801,A,N,D,G,A,A,H,-,D,D,0,,Y,,,Y,,A,01,1,0,0,0,0,0,1,0,0,"- ","- ",,,"SAN DIEGO","SAN DIEGO",-117.12932000000001,32.737885679999998
6592567,2014,2014-09-04,3711,2014-08-05,2210,7029,,2,5,7,3711,0,0,0,,0,827,UNIVERSITY,"52ND ST",210.00,E,N,A,-,N,,,,,,,,,,N,3,0,1,2,A,-,08,22107,,N,B,G,A,A,H,-,C,D,0,,Y,,,Y,,L,04,0,1,0,0,0,0,1,0,0,"- ","- ",,,"SAN DIEGO","SAN DIEGO",-117.08290938,32.749091989999997
6592640,2014,2014-09-04,3711,2014-08-05,1800,6774,,2,5,7,3711,0,0,0,,0,615,"CANON ST","ROSECRANS ST",68.00,W,N,A,-,N,,,,,,,,,,N,4,0,1,2,A,-,08,22107,,N,D,G,A,A,H,-,A,D,0,,Y,,,Y,,-,,0,0,1,0,0,0,1,0,0,"- ","- ",,,"SAN DIEGO","SAN DIEGO",-117.23207069999999,32.72163664
6595486,2014,2014-09-25,3711,2014-08-06,1920,4759,,3,5,7,3711,0,0,0,,0,124,"LA JOLLA SCENIC","RUTGERS RD",0.00,,Y,B,-,N,,,,,,,,,,N,3,0,1,1,C,-,18,,,N,H,A,A,A,B,-,A,D,0,,Y,,,Y,,-,"- ",0,1,0,0,0,0,1,0,0,"- ","- ",,,"SAN DIEGO","SAN DIEGO",-117.2553901,32.824270060000003
6595501,2014,2014-09-08,3711,2014-08-04,0625,7052,SD,1,5,7,3711,0,0,0,,0,522,"WEST G ST","PACIFIC HWY",105.00,E,N,A,-,N,,,,,,,,,,N,4,0,1,2,A,-,05,21650,,N,A,G,A,A,H,-,A,D,0,,Y,,,Y,,L,04,0,0,1,0,0,0,1,0,0,"- ","- ",,,"SAN DIEGO","SAN DIEGO",-117.17069979,32.712523619999999
6595502,2014,2014-09-25,3711,2014-08-05,1635,4892,,2,5,7,3711,0,0,0,,0,617,"CATALINA BL","GARDEN LN",105.00,S,N,A,-,N,,,,,,,,,,N,4,0,1,2,A,-,"- ",,,N,B,G,A,A,H,-,A,D,0,,Y,,,Y,,-,,0,0,1,0,0,0,1,0,0,"- ","- ",,,"SAN DIEGO","SAN DIEGO",-117.24812,32.7134
6595518,2014,2014-09-08,3711,2014-08-07,1600,6994,,4,5,7,3711,0,0,0,,0,442,"BOSTON AV","40TH ST",6.00,E,N,A,-,N,,,,,,,,,,N,4,0,1,2,A,-,09,21802,A,N,D,G,A,A,H,-,A,D,0,,Y,,,Y,Y,-,,0,0,1,0,0,0,1,0,0,"- ","- ",,,"SAN DIEGO","SAN DIEGO",-117.10811056999999,32.693930299999998
6595608,2014,2014-08-28,3711,2014-07-16,2040,5340,,3,5,7,3711,0,0,0,,0,114,"CLAIREMONT MESA BL","ROLFE RD",0.00,,Y,A,-,N,,,,,,,,,,N,3,0,1,2,A,-,12,21453,A,N,D,G,A,A,H,-,C,D,0,,Y,,,Y,,L,04,0,1,0,0,0,0,1,0,0,"- ","- ",,,"SAN DIEGO","SAN DIEGO",-117.20245001000001,32.82832003
6595632,2014,2014-08-28,3711,2014-07-30,0744,6814,,3,5,7,3711,0,0,0,,0,524,"1ST AV","A ST",4.00,S,N,A,-,N,,,,,,,,,,N,4,0,1,2,A,-,17,21200,A,N,D,G,A,A,H,-,A,A,0,,Y,,,Y,,L,04,0,0,1,0,0,0,1,0,0,"- ","- ",,,"SAN DIEGO","SAN DIEGO",-117.16384021,32.71881904
6600740,2014,2014-09-03,3711,2014-08-03,1220,6686,SD,7,5,7,3711,0,0,0,,0,813,"HOWARD AV","ARIZONA ST",0.00,,Y,A,-,N,,,,,,,,,,N,3,0,1,2,-,-,"- ",,,N,D,G,A,A,H,-,A,A,0,,Y,,,Y,Y,-,"- ",0,1,0,0,0,0,1,0,0,"- ","- ",,,"SAN DIEGO","SAN DIEGO",-117.13759001,32.754040019999998
6601158,2014,2014-09-04,3711,2014-08-11,1647,6957,,1,5,7,3711,0,0,0,,0,,"EAST MISSION BAY DR","SEA WORLD DR",2640.00,N,N,B,-,N,,,,,,,,,,N,3,0,1,2,A,-,03,22350,,M,D,-,F,A,H,-,A,D,0,Y,Y,,,Y,,L,04,0,1,0,0,1,0,0,0,0,"- ","- ",,,"SAN DIEGO","SAN DIEGO",-117.20829766,32.773509879999999
6601161,2014,2014-09-15,3711,2014-08-12,2000,5122,,2,5,7,3711,0,0,0,,0,437,"SKYLINE  DR","SYCHAR RD",0.00,,Y,A,-,N,,,,,,,,,,N,3,0,1,1,A,-,"- ",,,N,H,-,A,A,H,-,C,A,0,,Y,,,Y,,L,04,0,1,0,0,0,0,1,0,0,"- ","- ",,,"SAN DIEGO","SAN DIEGO",-117.04289003,32.703320009999999
6601185,2014,2014-09-04,3711,2014-08-18,1452,4835,SD,1,5,7,3711,0,0,0,,0,934,"VEREDA MAR DE CORAZON","CORTE MAR DE CORAZON",93.00,N,N,B,-,N,,,,,,,,,,N,3,0,1,1,B,-,22,,,N,H,I,A,A,H,-,A,D,0,,Y,,,Y,,L,04,0,1,0,0,0,0,1,0,0,"- ","- ",,,"SAN DIEGO","SAN DIEGO",-117.21453285,32.922362759999999
6601193,2014,2014-09-15,3711,2014-08-18,1547,7169,,1,5,7,3711,0,0,0,,0,111,"BERWICK DR","BOXFORD DR",0.00,,Y,A,-,N,,,,,,,,,,N,3,0,1,1,A,-,"- ",,,N,H,J,A,A,H,-,A,D,0,,Y,,,Y,,L,04,0,1,0,0,0,0,1,0,0,"- ","- ",,,"SAN DIEGO","SAN DIEGO",-117.16481011,32.823070029999997
6601194,2014,2014-09-04,3711,2014-08-13,0923,5061,,3,5,7,3711,0,0,0,,0,521,"C ST","11TH ST",40.00,E,N,A,-,N,,,,,,,,,,N,3,0,1,2,A,-,12,21453,A,N,D,G,A,A,H,-,A,A,0,,Y,,,Y,,L,04,0,1,0,0,0,0,1,0,0,"- ","- ",,,"SAN DIEGO","SAN DIEGO",-117.15458039000001,32.71679134
6601687,2014,2014-09-10,3711,2014-08-23,1230,7086,,6,5,7,3711,0,0,0,,0,832,"EL CAJON BL","COPELAND AV",0.00,,Y,A,-,N,,,,,,,,,,N,4,0,1,2,A,-,17,22517,,N,H,G,A,A,H,-,A,D,0,,Y,,,Y,,-,,0,0,1,0,0,0,1,0,0,"- ","- ",,,"SAN DIEGO","SAN DIEGO",-117.10404002999999,32.755210060000003
6601711,2014,2016-05-16,3711,2014-08-20,1210,3633,,3,5,7,3711,0,0,0,,0,713,"SIEMPRE VIVA RD","RT 905",0.00,,Y,A,-,Y,SD,11,905,-,R,11.266,R,1,E,N,4,0,1,2,A,-,05,21650,,N,D,G,A,A,H,-,A,A,0,,Y,,,Y,,L,04,0,0,1,0,0,0,1,0,0,"- ","- ",,,"SAN DIEGO","SAN DIEGO",-116.94105705,32.556649219999997
6601724,2014,2014-09-24,3711,2014-08-24,1037,6717,,7,5,7,3711,0,0,0,,0,512,"HARBOR DR","SCHLEY ST",540.00,E,N,A,-,N,,,,,,,,,,N,4,0,1,1,A,-,08,22107,,N,H,A,A,A,H,-,A,D,0,,Y,,,Y,,-,"- ",0,0,1,0,0,0,1,0,0,"- ","- ",,,"SAN DIEGO","SAN DIEGO",-117.13804764,32.692120959999997
6601732,2014,2014-09-25,3711,2014-08-20,1447,6493,,3,5,7,3711,0,0,0,,0,313,"SPECTRUM CTR BL","RUFFIN RD",0.00,,Y,B,-,N,,,,,,,,,,N,4,0,1,2,A,-,12,21453,A,N,D,G,A,A,H,-,A,A,0,,Y,,,Y,,L,04,0,0,1,0,0,0,1,0,0,"- ","- ",,,"SAN DIEGO","SAN DIEGO",-117.12745008,32.825390079999998
6601735,2014,2014-09-10,3711,2014-08-25,1131,6852,,1,5,7,3711,0,0,0,,0,313,"CLAIREMONT MESA BL","MERCURY ST",400.00,E,N,A,-,N,,,,,,,,,,N,3,0,1,2,A,-,05,21650,1,N,D,G,A,A,H,-,A,-,0,,Y,,,Y,,L,04,0,1,0,0,0,0,1,0,0,"- ","- ",,,"SAN DIEGO","SAN DIEGO",-117.14760232,32.83287
6601741,2014,2014-09-10,3711,2014-08-12,1825,5916,,2,5,7,3711,0,0,0,,0,123,"FIESTA ISLAND RD","FIESTA ISLAND RD 1000",0.00,,Y,B,-,N,,,,,,,,,,Y,2,0,11,12,A,-,17,21657,,N,A,G,A,A,H,-,A,D,0,,Y,,,Y,,A,01,2,7,2,0,0,0,11,0,0,"- ","- ",,,"SAN DIEGO","SAN DIEGO",-117.22203165000001,32.780072840000003
6603202,2014,2014-09-08,3711,2014-08-04,1340,6358,,1,5,7,3711,0,0,0,,0,524,BROADWAY,"6TH AV",0.00,,Y,A,-,N,,,,,,,,,,N,3,0,1,2,A,-,"- ",,,N,B,G,A,A,H,-,A,A,0,,Y,,,Y,,L,04,0,1,0,0,0,0,1,0,0,"- ","- ",,,"SAN DIEGO","SAN DIEGO",-117.15925,32.715710090000002
6608060,2014,2014-09-09,3711,2014-08-14,2141,7017,SD,4,5,7,3711,0,0,0,,0,614,"CAPE MAY","CABLE ST",45.00,W,N,-,-,N,,,,,,,,,,N,3,0,1,2,A,-,08,22107,,N,-,-,A,A,H,-,C,D,0,,Y,,,Y,Y,L,04,0,1,0,0,0,0,1,0,0,"- ","- ",,,"SAN DIEGO","SAN DIEGO",-117.24723772999999,32.748382810000003
6610054,2014,2014-09-16,3711,2014-08-20,2304,HB5627,,3,5,7,3711,0,0,0,,0,504,"W HARBOR DR","MARKET PL",210.00,E,N,A,-,N,,,,,,,,,,N,3,0,1,2,A,-,05,21650,1,N,D,G,A,A,H,-,C,D,0,,Y,,,Y,,L,04,0,1,0,0,0,0,1,0,0,"- ","- ",,,"SAN DIEGO","SAN DIEGO",-117.16765644,32.710630459999997
6610070,2014,2014-09-16,3711,2014-08-01,1102,HB5404,,5,5,7,3711,0,0,0,,0,503,"HARBOR ISLAND","HARBOR ISLAND DR 1000",0.00,,Y,-,-,N,,,,,,,,,,N,3,0,1,2,A,-,08,22101,D,N,D,G,A,A,H,-,A,A,0,,Y,,,Y,,A,01,0,1,0,0,0,0,1,0,0,"- ","- ",,,"SAN DIEGO","SAN DIEGO",-117.19182819,32.724695650000001
6611619,2014,2014-09-19,3711,2014-08-12,1430,6576,MIDCI,2,5,7,3711,0,0,0,,0,813,"EL CAJON BL","KANSAS ST",150.00,E,N,A,-,N,,,,,,,,,,N,3,0,1,2,A,-,03,22350,,N,C,G,A,A,A,-,A,A,0,,Y,,,Y,,L,04,0,1,0,0,0,0,1,0,0,"- ","- ",,,"SAN DIEGO","SAN DIEGO",-117.13093373,32.755400000000002
6611854,2014,2014-09-23,3711,2014-08-28,1024,6469,,4,5,7,3711,0,0,0,,0,432,"IMPERIAL AV","5100 IMPERIAL AV",5.00,S,N,A,-,N,,,,,,,,,,N,3,0,1,2,A,-,17,21200,A,N,C,G,A,A,H,-,A,A,0,,Y,,,Y,,L,04,0,1,0,0,0,0,1,0,0,"- ","- ",,,"SAN DIEGO","SAN DIEGO",,
6611925,2014,2014-10-03,3711,2014-09-01,0915,4300,,1,5,7,3711,0,0,0,,0,531,"MORLEY FIELD DR","PARK BL",1320.00,E,N,B,-,N,,,,,,,,,,N,3,0,1,1,A,-,"- ",,,N,H,-,A,A,H,-,A,D,0,,Y,,,Y,,L,04,0,1,0,0,0,0,1,0,0,"- ","- ",,,"SAN DIEGO","SAN DIEGO",-117.14325718000001,32.739822850000003
6612232,2014,2014-09-16,3711,2014-08-26,1915,7180,SANDI,2,5,7,3711,0,0,0,,0,832,MARLBOROUGH,UNIVERSITY,4.00,N,N,A,-,N,,,,,,,,,,Y,4,0,1,2,-,-,"- ",,,N,A,G,A,A,H,-,B,D,0,,Y,,,Y,,-,"- ",0,0,1,0,0,0,1,0,0,"- ","- ",,,"SAN DIEGO","SAN DIEGO",-117.10568988,32.749690960000002
6612588,2014,2014-09-22,3711,2014-08-22,0017,5393,,5,5,7,3711,0,0,0,,0,822,"EL CAJON BL","55TH ST",92.00,E,N,A,-,N,,,,,,,,,,N,2,0,2,2,A,-,03,22350,,N,D,C,A,A,H,-,D,D,0,,Y,,,Y,,L,04,1,1,0,0,0,0,1,0,0,"- ","- ",,,"SAN DIEGO","SAN DIEGO",-117.07581541,32.758349279999997
6612592,2014,2014-09-19,3711,2014-08-19,0930,5197,,2,5,7,3711,0,0,0,,0,526,"ASH ST","5TH AV",0.00,,Y,A,-,N,,,,,,,,,,N,4,0,1,1,D,-,00,,,N,H,A,A,A,H,-,A,A,0,,Y,,,Y,,-,"- ",0,0,1,0,0,0,1,0,0,"- ","- ",,,"SAN DIEGO","SAN DIEGO",-117.16019006000001,32.719890020000001
6612616,2014,2014-09-22,3711,2014-08-27,1846,7179,,3,5,7,3711,0,0,0,,0,611,ROSECRANS,"ROOSEVELT RD",0.00,,Y,A,-,N,,,,,,,,,,N,4,0,1,2,A,-,11,21456,,N,D,G,A,A,H,-,A,A,0,,Y,,,Y,,L,04,0,0,1,0,0,0,1,0,0,"- ","- ",,,"SAN DIEGO","SAN DIEGO",-117.21686004999999,32.739220029999998
6612620,2014,2014-09-22,3711,2014-08-26,1210,5668,,2,5,7,3711,0,0,0,,0,611,"ROSECRANS ST","MOORE ST",75.00,E,N,A,-,N,,,,,,,,,,N,3,0,1,1,A,-,08,22107,,N,E,-,A,A,A,-,A,D,0,,Y,,,Y,,L,04,0,1,0,0,0,0,1,0,0,"- ","- ",,,"SAN DIEGO","SAN DIEGO",-117.20239458,32.754014669999997
6613388,2014,2014-09-30,3711,2014-09-03,1712,5953,,3,5,7,3711,0,0,0,,0,516,"J ST","33RD ST",0.00,,Y,A,-,N,,,,,,,,,,N,3,0,2,2,A,-,12,22450,A,N,H,B,B,A,H,-,A,A,0,Y,Y,,,Y,,L,04,0,2,0,0,1,0,1,0,0,"- ","- ",,,"SAN DIEGO","SAN DIEGO",-117.12225006,32.710000100000002
6613400,2014,2014-10-02,3711,2014-09-05,1108,7048,,5,5,7,3711,0,0,0,,0,122,"CASS ST",TOURMALINE,70.00,N,N,A,-,N,,,,,,,,,,N,3,0,1,2,A,-,08,22107,,N,B,E,A,A,H,-,-,D,0,,Y,,,Y,,L,04,0,1,0,0,0,0,1,0,0,"- ","- ",,,"SAN DIEGO","SAN DIEGO",-117.25504771,32.807865479999997
6613416,2014,2014-10-02,3711,2014-09-04,1720,4491,,4,5,7,3711,0,0,0,,0,521,MARKET,"PARK BL",0.00,,Y,A,-,N,,,,,,,,,,N,4,0,1,2,A,-,09,21802,A,N,D,G,A,A,H,-,A,A,0,,Y,,,Y,,L,04,0,0,1,0,0,0,1,0,0,"- ","- ",,,"SAN DIEGO","SAN DIEGO",-117.15375001,32.71153004
6613423,2014,2014-10-27,3711,2014-09-04,1712,5335,,4,5,7,3711,0,0,0,,0,234,"WEST BERNARDO DR","RANCHO BERNARDO RD",528.00,S,N,A,-,N,,,,,,,,,,N,4,0,1,2,A,-,"- ",,,N,D,G,A,A,H,-,A,D,0,,Y,,,Y,,L,04,0,0,1,0,0,0,1,0,0,"- ","- ",,,"SAN DIEGO","SAN DIEGO",-117.08188918,33.022516150000001
6613439,2014,2014-09-30,3711,2014-09-03,1821,6684,,3,5,7,3711,0,0,0,,0,432,"EUCLID AV","NARANJA ST",50.00,N,N,A,-,N,,,,,,,,,,N,3,0,1,2,A,-,10,21950,A,M,D,G,A,A,H,-,A,A,0,,Y,,,Y,,-,,0,1,0,0,0,0,1,0,0,"- ","- ",,,"SAN DIEGO","SAN DIEGO",-117.08504000000001,32.708766959999998
6613686,2014,2016-01-05,3711,2014-07-03,0916,5450,,4,5,7,3711,0,0,0,,0,121,"WEST MISSION BAY DR","MISSION BL",230.00,E,N,A,-,N,,,,,,,,,,N,3,0,1,2,A,-,05,21650,1,N,D,G,A,A,H,-,A,D,0,,Y,,,Y,,L,04,0,1,0,0,0,0,1,0,0,"- ","- ",,,"SAN DIEGO","SAN DIEGO",-117.2503844,32.772053749999998
6614849,2014,2016-05-21,9645,2014-08-07,1948,20867,,4,2,7,3711,0,1,1,,2,015,"RT 805","OTHELLO AV",1320.00,S,N,A,-,Y,SD,11,805,-,-,21.030,H,-,N,N,2,0,1,2,A,-,08,22107,,N,D,G,A,A,H,-,C,D,1,,Y,,,Y,,L,04,1,0,0,0,0,0,1,0,0,"- ","- ",,,"SAN DIEGO","SAN DIEGO",-117.15731769999999,32.813728130000001
6619632,2014,2014-10-27,3711,2014-09-02,1620,7189,,2,5,7,3711,0,0,0,,0,838,"WILSON AV","EL CAJON BL",0.00,,Y,-,-,N,,,,,,,,,,Y,3,0,1,2,A,-,09,21802,A,N,-,G,A,-,-,-,-,D,0,,Y,,,Y,,A,01,0,1,0,0,0,0,1,0,0,"- ","- ",,,"SAN DIEGO","SAN DIEGO",-117.11683001,32.75530011
6621799,2014,2014-09-27,3711,2014-03-17,1330,5876,WESTE,1,5,7,3711,0,0,0,,0,623,"BIKE PATH","PACIFIC HWY",0.00,,Y,A,-,N,,,,,,,,,,N,3,0,3,3,A,-,05,21650,,N,A,G,A,A,H,-,A,-,0,,Y,,,Y,,L,04,0,2,1,0,0,0,3,0,0,"- ","- ",,,"SAN DIEGO","SAN DIEGO",,
6625450,2014,2014-10-07,3711,2014-09-08,1910,7085,SANDI,1,5,7,3711,0,0,0,,0,123,"INGRAHAM ST","LA PLAYA AV",58.00,S,N,A,-,N,,,,,,,,,,Y,4,0,1,2,A,-,"- ",,,M,G,G,A,A,H,-,A,D,0,,Y,,,Y,,A,08,0,0,1,0,0,0,1,0,0,"- ","- ",,,"SAN DIEGO","SAN DIEGO",-117.23743306,32.788586129999999
6625513,2014,2014-10-14,3711,2014-09-07,2142,7145,,7,5,7,3711,0,0,0,,0,517,BROADWAY,"21ST ST",5.00,W,N,B,-,N,,,,,,,,,,N,4,0,1,2,A,-,05,21202,A,N,H,-,D,A,H,-,C,D,0,Y,Y,,,Y,,-,"- ",0,0,1,0,1,0,0,0,0,"- ","- ",,,"SAN DIEGO","SAN DIEGO",-117.14494620000001,32.715779830000002