CASE_ID,ACCIDENT_YEAR,PROC_DATE,JURIS,COLLISION_DATE,COLLISION_TIME,OFFICER_ID,REPORTING_DISTRICT,DAY_OF_WEEK,CHP_SHIFT,POPULATION,CNTY_CITY_LOC,SPECIAL_COND,BEAT_TYPE,CHP_BEAT_TYPE,CITY_DIVISION_LAPD,CHP_BEAT_CLASS,BEAT_NUMBER,PRIMARY_RD,SECONDARY_RD,DISTANCE,DIRECTION,INTERSECTION,WEATHER_1,WEATHER_2,STATE_HWY_IND,CALTRANS_COUNTY,CALTRANS_DISTRICT,STATE_ROUTE,ROUTE_SUFFIX,POSTMILE_PREFIX,POSTMILE,LOCATION_TYPE,RAMP_INTERSECTION,SIDE_OF_HWY,TOW_AWAY,COLLISION_SEVERITY,NUMBER_KILLED,NUMBER_INJURED,PARTY_COUNT,PRIMARY_COLL_FACTOR,PCF_CODE_OF_VIOL,PCF_VIOL_CATEGORY,PCF_VIOLATION,PCF_VIOL_SUBSECTION,HIT_AND_RUN,TYPE_OF_COLLISION,MVIW,PED_ACTION,ROAD_SURFACE,ROAD_COND_1,ROAD_COND_2,LIGHTING,CONTROL_DEVICE,CHP_ROAD_TYPE,PEDESTRIAN_ACCIDENT,BICYCLE_ACCIDENT,MOTORCYCLE_ACCIDENT,TRUCK_ACCIDENT,NOT_PRIVATE_PROPERTY,ALCOHOL_INVOLVED,STWD_VEHTYPE_AT_FAULT,CHP_VEHTYPE_AT_FAULT,COUNT_SEVERE_INJ,COUNT_VISIBLE_INJ,COUNT_COMPLAINT_PAIN,COUNT_PED_KILLED,COUNT_PED_INJURED,COUNT_BICYCLIST_KILLED,COUNT_BICYCLIST_INJURED,COUNT_MC_KILLED,COUNT_MC_INJURED,PRIMARY_RAMP,SECONDARY_RAMP,LATITUDE,LONGITUDE,COUNTY,CITY,POINT_X,POINT_Y
6625517,2014,2014-10-14,3711,2014-09-06,0751,6895,,6,5,7,3711,0,0,0,,0,813,"CYPRESS AV","FLORIDA ST",0.00,,Y,A,-,N,,,,,,,,,,N,3,0,1,1,A,-,03,22350,,N,H,A,A,A,H,-,A,D,0,,Y,,,Y,,L,04,0,1,0,0,0,0,1,0,0,"- ","- ",,,"SAN DIEGO","SAN DIEGO",-117.14372007,32.744330060000003
6629333,2014,2014-10-09,3711,2014-09-10,1150,7048,,3,5,7,3711,0,0,0,,0,122,"LAW ST",CASS,0.00,,Y,A,-,N,,,,,,,,,,N,3,0,1,2,A,-,09,21800,A,M,B,G,A,A,H,-,A,A,0,,Y,,,Y,Y,-,,0,1,0,0,0,0,1,0,0,"- ","- ",,,"SAN DIEGO","SAN DIEGO",-117.25355003999999,32.802970109999997
6629336,2014,2014-10-09,3711,2014-09-09,0920,6195,,2,5,7,3711,0,0,0,,0,814,"E MOUNTAIN VIEW DR",COPLEY,15.00,N,N,A,-,N,,,,,,,,,,N,2,0,1,1,C,-,18,,,N,H,A,A,A,H,-,A,D,0,,Y,,,Y,,-,"- ",1,0,0,0,0,0,1,0,0,"- ","- ",,,"SAN DIEGO","SAN DIEGO",-117.11583469,32.767239170000003
6629337,2014,2014-10-09,3711,2014-09-09,0855,6391,,2,5,7,3711,0,0,0,,0,838,"UNIVERSITY AV","35TH ST",5.00,E,N,A,-,N,,,,,,,,,,N,3,0,1,2,A,-,11,21456,B,N,D,G,A,A,H,-,A,A,0,,Y,,,Y,,L,04,0,1,0,0,0,0,1,0,0,"- ","- ",,,"SAN DIEGO","SAN DIEGO",-117.11803379,32.749759869999998
6629347,2014,2014-10-09,3711,2014-09-09,1419,6192,,2,5,7,3711,0,0,0,,0,242,"ACAMA ST","ACAMA CT",70.00,W,N,A,-,N,,,,,,,,,,N,3,0,1,2,A,-,09,21804,A,N,A,G,A,A,H,-,A,D,0,,Y,,,Y,,L,04,0,1,0,0,0,0,1,0,0,"- ","- ",,,"SAN DIEGO","SAN DIEGO",-117.15546734,32.926636940000002
6629350,2014,2014-10-09,3711,2014-09-09,0903,6891,,2,5,7,3711,0,0,0,,0,114,"DIANE AV","CLAIREMONT MESA BL",135.00,N,N,A,-,N,,,,,,,,,,N,3,0,1,2,A,-,03,22350,,N,B,C,A,A,H,-,A,D,0,,Y,,,Y,,L,04,0,1,0,0,0,0,1,0,0,"- ","- ",,,"SAN DIEGO","SAN DIEGO",-117.18704027,32.834899739999997
6629717,2014,2014-09-29,3711,2014-09-11,1939,4490,,4,5,7,3711,0,0,0,,0,327,"MONTEZUMA RD","E CAMPUS DR",0.00,,Y,A,-,N,,,,,,,,,,N,3,0,1,2,A,-,05,21651,B,N,D,G,A,A,H,-,C,A,0,,Y,,,Y,,L,04,0,1,0,0,0,0,1,0,0,"- ","- ",,,"SAN DIEGO","SAN DIEGO",-117.06724009,32.77071007
6629729,2014,2014-10-07,3711,2014-09-13,1908,7024,3711,6,5,7,3711,0,0,0,,0,312,"TIERRASANTA BL","ESPLENDENTE BL",18.00,W,N,A,-,N,,,,,,,,,,N,3,0,1,2,A,-,08,22107,,N,B,G,A,A,H,-,A,A,0,,Y,,,Y,,A,01,0,1,0,0,0,0,1,0,0,"- ","- ",,,"SAN DIEGO","SAN DIEGO",-117.10117667999999,32.82305186
6629741,2014,2014-09-29,3711,2014-09-13,2010,7024,3711,6,5,7,3711,0,0,0,,0,313,"CLAIREMONT MESA BL","COMPLEX DR",0.00,,Y,A,-,N,,,,,,,,,,N,3,0,1,2,A,-,11,21456,B,N,D,G,A,A,H,-,C,A,0,,Y,,,Y,Y,L,04,0,1,0,0,0,0,1,0,0,"- ","- ",,,"SAN DIEGO","SAN DIEGO",-117.1346801,32.831340040000001
6629884,2014,2014-09-30,3711,2014-09-15,1000,7056,,1,5,7,3711,0,0,0,,0,437,"MEADOWBROOK DR","BLOOMFIELD RD",111.00,N,N,A,-,N,,,,,,,,,,N,3,0,1,2,A,-,04,21703,,M,-,G,A,A,H,-,A,D,0,,Y,,,Y,,-,,0,1,0,0,0,0,1,0,0,"- ","- ",,,"SAN DIEGO","SAN DIEGO",-117.03105501,32.70432503
6629900,2014,2014-09-30,3711,2014-09-14,1428,7130,,7,5,7,3711,0,0,0,,0,122,"MISSION BL","REED AV",66.00,N,N,A,-,N,,,,,,,,,,N,3,0,1,1,A,-,"- ",,,N,-,I,A,A,H,-,A,D,0,,Y,,,Y,Y,L,04,0,1,0,0,0,0,1,0,0,"- ","- ",,,"SAN DIEGO","SAN DIEGO",-117.25435398,32.792864979999997
6629903,2014,2014-09-29,3711,2014-09-12,0750,6562,MC1,5,5,7,3711,0,0,0,,0,824,"FAIRMONT AV","MONTEZUMA RD",0.00,,Y,A,-,N,,,,,,,,,,N,3,0,1,2,A,-,08,22107,,N,H,G,A,A,H,-,A,D,0,,Y,,,Y,,L,04,0,1,0,0,0,0,1,0,0,"- ","- ",,,"SAN DIEGO","SAN DIEGO",-117.09717003,32.772450030000002
6630676,2014,2016-05-24,9645,2014-09-04,2050,19410,,4,2,7,3711,0,1,1,,2,005,"RT 5","RT 8",800.00,N,N,A,-,Y,SD,11,5,-,R,20.312,R,3,S,Y,4,0,1,2,A,-,21,22106,,N,D,G,A,A,H,-,C,D,1,,Y,,,Y,,L,04,0,0,1,0,0,0,1,0,0,TO,"- ",32.762610000000002,-117.20511999999999,"SAN DIEGO","SAN DIEGO",-117.20493227,32.762749220000003
6631107,2014,2014-11-03,3711,2014-09-15,0738,6909,,1,5,7,3711,0,0,0,,0,934,"EL CAMINO REAL","CARMEL VALLEY RD",0.00,,Y,A,-,N,,,,,,,,,,N,3,0,1,1,A,-,03,22350,,N,H,A,A,B,H,-,A,A,0,,Y,,,Y,,L,04,0,1,0,0,0,0,1,0,0,"- ","- ",,,"SAN DIEGO","SAN DIEGO",-117.23715000999999,32.934710019999997
6637974,2014,2014-10-14,3711,2014-09-20,1215,4757,,6,5,7,3711,0,0,0,,0,528,"INDIA ST","GRAPE ST",180.00,S,N,A,-,N,,,,,,,,,,N,3,0,1,2,A,-,08,22107,,N,B,E,A,A,H,-,A,A,0,,Y,,,Y,,L,04,0,1,0,0,0,0,1,0,0,"- ","- ",,,"SAN DIEGO","SAN DIEGO",-117.16878936000001,32.724946989999999
6638311,2014,2014-10-08,3711,2014-09-11,0827,6513,,4,5,7,3711,0,0,0,,0,833,"UNIVERSITY AV","CHAMOUNE AV",0.00,,Y,A,-,N,,,,,,,,,,Y,2,0,1,2,A,-,12,21453,A,N,H,G,A,A,H,-,A,A,0,,Y,,,Y,,L,04,1,0,0,0,0,0,1,0,0,"- ","- ",,,"SAN DIEGO","SAN DIEGO",-117.09658004000001,32.749600020000003
6638314,2014,2014-10-08,3711,2014-09-19,1858,6516,,5,5,7,3711,0,0,0,,0,621,"MESA COLLEGE DR","ASHFORD ST",300.00,W,N,A,-,N,,,,,,,,,,N,4,0,1,3,A,-,"- ",,,M,B,G,A,A,H,-,B,D,0,,Y,,,Y,,-,,0,0,1,0,0,0,1,0,0,"- ","- ",,,"SAN DIEGO","SAN DIEGO",-117.16049409,32.801771129999999
6638316,2014,2014-10-08,3711,2014-09-18,2028,6902,,4,5,7,3711,0,0,0,,0,813,"UNIVERSITY AV","39TH ST",0.00,,Y,A,-,N,,,,,,,,,,N,3,0,1,2,A,-,12,22450,A,M,D,G,A,A,H,-,C,D,0,,Y,,,Y,Y,-,,0,1,0,0,0,0,1,0,0,"- ","- ",,,"SAN DIEGO","SAN DIEGO",-117.11065003,32.749690049999998
6640629,2014,2014-10-13,3711,2014-09-10,1744,7084,"S 2",3,5,7,3711,0,0,0,,0,723,"PALM AV","BEYER BL",15.00,W,N,A,-,N,,,,,,,,,,N,4,0,1,2,A,-,08,22100,A,N,H,G,A,A,H,-,A,A,0,,Y,,,Y,,-,,0,0,1,0,0,0,1,0,0,"- ","- ",,,"SAN DIEGO","SAN DIEGO",-117.07128853,32.583880000000001
6640637,2014,2014-10-13,3711,2014-09-05,1156,6789,,5,5,7,3711,0,0,0,,0,627,"6TH AV",ROBINSON,200.00,S,N,A,-,N,,,,,,,,,,N,3,0,1,2,A,-,05,21202,A,M,D,-,F,A,H,-,A,D,0,Y,Y,,,Y,,L,04,0,1,0,0,1,0,0,0,0,"- ","- ",,,"SAN DIEGO","SAN DIEGO",-117.15953,32.74638212
6641911,2014,2014-10-06,3711,2014-05-06,0702,4806,,2,5,7,3711,0,0,0,,0,122,"MISSION BAY DR","GRAND AV",317.00,E,N,A,-,N,,,,,,,,,,N,4,0,1,2,-,-,"- ",,,N,H,G,A,A,H,-,A,D,0,,Y,,,Y,,-,"- ",0,0,1,0,0,0,1,0,0,"- ","- ",,,"SAN DIEGO","SAN DIEGO",-117.21447678,32.801233170000003
6643036,2014,2014-10-22,3711,2014-07-24,1740,6912,FSNVL,4,5,7,3711,0,0,0,,0,623,"FASHION VALLEY RD","FASHION VALLEY RD 1300",0.00,,-,A,-,N,,,,,,,,,,N,3,0,1,2,A,-,08,22107,,N,D,G,A,A,H,-,A,D,0,,Y,,,Y,,-,,0,1,0,0,0,0,1,0,0,"- ","- ",,,"SAN DIEGO","SAN DIEGO",-117.17045724,32.765227160000002
6643037,2014,2014-11-14,3711,2014-10-01,1150,5313,,3,5,7,3711,0,0,0,,0,723,"PALM AV","BEYER BL",0.00,,Y,A,-,N,,,,,,,,,,N,3,0,1,2,A,-,08,22107,,N,B,G,A,A,H,-,A,A,0,,Y,,,Y,,A,01,0,1,0,0,0,0,1,0,0,"- ","- ",,,"SAN DIEGO","SAN DIEGO",-117.07124005,32.583880069999999
6644812,2014,2014-10-10,3711,2014-09-11,1009,7025,,4,5,7,3711,0,0,0,,0,528,"STATE ST","HAWTHORN ST",600.00,W,N,A,-,N,,,,,,,,,,N,2,0,1,2,A,-,08,22107,,N,B,G,A,A,H,-,A,A,0,,Y,,,Y,,-,,1,0,0,0,0,0,1,0,0,"- ","- ",,,"SAN DIEGO","SAN DIEGO",-117.16892141,32.728221240000003
6644816,2014,2014-10-10,3711,2014-09-20,0558,5985,,6,5,7,3711,0,0,0,,0,233,"CARMEL MOUNTAIN RD","STONEY CREEK CT",1253.00,W,N,B,-,N,,,,,,,,,,N,2,0,1,1,A,-,03,22350,,N,F,A,A,A,B,-,D,D,0,,Y,,,Y,,L,04,1,0,0,0,0,0,1,0,0,"- ","- ",,,"SAN DIEGO","SAN DIEGO",-117.10649359,32.96190713
6644851,2014,2014-10-10,3711,2014-09-24,1230,6133,,3,5,7,3711,0,0,0,,0,124,"CAMINO DE LA COSTA","6300 CAMINO DE LA COSTA",0.00,,Y,A,-,N,,,,,,,,,,N,3,0,1,1,A,-,03,22350,,N,F,J,A,A,H,-,A,D,0,,Y,,,Y,,L,04,0,1,0,0,0,0,1,0,0,"- ","- ",,,"SAN DIEGO","SAN DIEGO",-117.27934599,32.823241889999998
6646808,2014,2014-10-17,3711,2014-09-29,1930,6329,SANDI,1,5,7,3711,0,0,0,,0,834,"THOM AV","38TH ST",8.00,W,N,B,-,N,,,,,,,,,,N,3,0,1,2,A,-,08,22107,,N,-,G,A,A,H,-,B,D,0,,Y,,,Y,,-,,0,1,0,0,0,0,1,0,0,"- ","- ",,,"SAN DIEGO","SAN DIEGO",-117.1119759,32.740321129999998
6646847,2014,2014-10-09,3711,2014-09-27,1430,6059,,6,5,7,3711,0,0,0,,0,518,"CEDAR ST","31ST ST",0.00,,Y,A,-,N,,,,,,,,,,N,3,0,1,2,A,-,12,22450,A,N,D,G,A,A,H,-,A,D,0,,Y,,,Y,,L,04,0,1,0,0,0,0,1,0,0,"- ","- ",,,"SAN DIEGO","SAN DIEGO",-117.12753006,32.722310049999997
6647132,2014,2014-10-23,3711,2014-09-12,0708,6819,,5,5,7,3711,0,0,0,,0,447,"ALTADENA AV","EUCLID AV",8.00,W,N,A,-,N,,,,,,,,,,N,3,0,1,2,D,-,00,,,N,A,G,A,A,H,-,A,A,0,,Y,,,Y,,-,"- ",0,1,0,0,0,0,1,0,0,"- ","- ",,,"SAN DIEGO","SAN DIEGO",-117.08999,32.736980000000003
6647160,2014,2016-01-05,3711,2014-09-13,1745,4939,,6,5,7,3711,0,0,0,,0,821,"EL CAJON BL","ART ST",0.00,,Y,A,-,N,,,,,,,,,,N,4,0,1,2,A,-,12,21453,A,N,D,G,A,A,H,-,A,A,0,,Y,,,Y,,L,04,0,0,1,0,0,0,1,0,0,"- ","- ",,,"SAN DIEGO","SAN DIEGO",-117.06089009999999,32.764870039999998
6649532,2014,2014-10-28,3711,2014-09-04,0711,6702,,4,5,7,3711,0,0,0,,0,611,"MIDWAY DR","KEMPER ST",424.00,N,N,A,-,N,,,,,,,,,,N,3,0,1,2,A,-,05,21650,1,N,H,G,A,A,H,-,A,A,0,,Y,,,Y,,L,04,0,1,0,0,0,0,1,0,0,"- ","- ",,,"SAN DIEGO","SAN DIEGO",-117.2162838,32.752798929999997
6649591,2014,2014-10-28,3711,2014-09-03,1544,4653,,3,5,7,3711,0,0,0,,0,122,"DAWES ST","GARNET AV",87.00,N,N,A,-,N,,,,,,,,,,N,4,0,1,2,A,-,09,21804,A,M,D,C,A,A,H,-,A,D,0,,Y,,,Y,,L,04,0,0,1,0,0,0,1,0,0,"- ","- ",,,"SAN DIEGO","SAN DIEGO",-117.25007804000001,32.797961319999999
6650912,2014,2014-10-10,3711,2014-09-27,1117,7180,,6,5,7,3711,0,0,0,,0,514,"19TH ST","ISLAND AV",7920.00,S,N,A,-,N,,,,,,,,,,N,4,0,1,2,D,-,00,,,N,D,G,A,A,H,-,A,A,0,,Y,,,Y,Y,-,"- ",0,0,1,0,0,0,1,0,0,"- ","- ",,,"SAN DIEGO","SAN DIEGO",-117.14671,32.705249999999999
6650925,2014,2014-10-09,3711,2014-09-11,1814,6043,,4,5,7,3711,0,0,0,,0,242,"WESTVIEW PKWY","MIRA MESA BL",6.00,N,N,A,-,N,,,,,,,,,,N,2,0,1,2,A,-,05,21650,1,N,D,G,A,A,H,-,A,A,0,,Y,,,Y,,L,04,1,0,0,0,0,0,1,0,0,"- ","- ",,,"SAN DIEGO","SAN DIEGO",-117.12052064,32.917336429999999
6650933,2014,2014-10-09,3711,2014-09-10,0717,6788,,3,5,7,3711,0,0,0,,0,313,"RIDGEHAVEN CT","RUFFIN RD",156.00,E,N,A,-,N,,,,,,,,,,N,3,0,1,2,A,-,17,22517,,M,B,G,A,A,H,-,A,D,0,,Y,,,Y,,-,,0,1,0,0,0,0,1,0,0,"- ","- ",,,"SAN DIEGO","SAN DIEGO",-117.12612657,32.819738780000002
6650959,2014,2014-10-09,3711,2014-09-28,1412,5209,,7,5,7,3711,0,0,0,,0,115,"GENESEE AV",RADCLIFFE,20.00,S,N,A,-,N,,,,,,,,,,N,3,0,1,2,A,-,09,21801,A,N,D,G,A,A,H,-,A,D,0,,Y,,,Y,,A,01,0,1,0,0,0,0,1,0,0,"- ","- ",,,"SAN DIEGO","SAN DIEGO",-117.20397131,32.852195700000003
6656619,2014,2014-10-22,3711,2014-09-28,1634,6702,,7,5,7,3711,0,0,0,,0,511,"CEASAR CHAVEZ PKWY","HARBOR DR",0.00,,Y,A,-,N,,,,,,,,,,Y,3,0,6,5,A,-,12,21453,A,N,D,C,A,A,H,-,A,A,0,,Y,,,Y,,J,48,0,4,2,0,0,0,3,0,0,"- ","- ",,,"SAN DIEGO","SAN DIEGO",-117.14736164,32.698316480000003
6658184,2014,2016-02-23,3711,2014-10-07,1355,HB5625,,2,5,7,3711,0,0,0,,0,503,"NORTH HARBOR DR","HARBOR ISLAND DR",0.00,,Y,A,-,N,,,,,,,,,,N,4,0,1,2,A,-,12,21453,A,N,D,G,A,B,H,-,A,A,0,,Y,,,Y,,L,04,0,0,1,0,0,0,1,0,0,"- ","- ",,,"SAN DIEGO","SAN DIEGO",-117.1951901,32.729290040000002
6659046,2014,2014-11-17,3711,2014-10-03,0000,6929,NORTH,5,5,7,3711,0,0,0,,0,122,BALBOA,"GARNET AV",0.00,,Y,A,-,N,,,,,,,,,,N,3,0,1,2,A,-,09,21453,C,N,D,G,A,A,H,-,C,A,0,,Y,,,Y,Y,L,04,0,1,0,0,0,0,1,0,0,"- ","- ",,,"SAN DIEGO","SAN DIEGO",-117.22697013,32.802740059999998
6659058,2014,2014-12-02,3711,2014-10-05,0922,S284,,7,5,7,3711,0,0,0,,0,122,"GARNET AV","GRESHAM ST",0.00,,Y,A,-,N,,,,,,,,,,N,3,0,1,2,A,-,09,21802,A,N,D,G,A,A,H,-,A,A,0,,Y,,,Y,,-,"- ",0,1,0,0,0,0,1,0,0,"- ","- ",,,"SAN DIEGO","SAN DIEGO",-117.24452004,32.798940090000002
6659110,2014,2014-11-17,3711,2014-10-02,2315,5105,,4,5,7,3711,0,0,0,,0,813,"EL CAJON BL","ILLINOIS ST",0.00,,Y,A,-,N,,,,,,,,,,N,4,0,1,2,A,-,09,21802,A,N,B,G,A,A,H,-,C,A,0,,Y,,,Y,,-,,0,0,1,0,0,0,1,0,0,"- ","- ",,,"SAN DIEGO","SAN DIEGO",-117.1277001,32.75541003
6661522,2014,2016-01-15,9645,2014-09-27,1815,18950,,6,2,7,3711,0,1,1,,2,003,"PERSHING DR","RT 5",599.00,E,N,A,-,N,,,,,,,,,,N,2,0,1,1,A,-,01,21200,5,N,F,A,A,A,H,-,A,D,0,,Y,,,Y,Y,L,04,1,0,0,0,0,0,1,0,0,NO,"- ",32.720669999999998,-117.14518,"SAN DIEGO","SAN DIEGO",-117.14631554,32.719802950000002
6661849,2014,2014-12-12,3711,2014-10-02,1414,5046,,4,5,7,3711,0,0,0,,0,512,"NATIONAL AV","30TH ST",131.00,W,N,A,-,N,,,,,,,,,,N,3,0,1,2,A,-,17,22517,,N,B,G,A,A,H,-,A,D,0,,Y,,,Y,,A,01,0,1,0,0,0,0,1,0,0,"- ","- ",,,"SAN DIEGO","SAN DIEGO",-117.12990438,32.695958060000002
6661857,2014,2014-12-15,3711,2014-10-01,1156,6104,,3,5,7,3711,0,0,0,,0,611,"SPORTS ARENA BL","KEMPER ST",540.00,E,N,A,-,N,,,,,,,,,,N,4,0,1,2,A,-,05,21650,1,N,D,G,A,A,H,-,A,D,0,,Y,,,Y,,L,04,0,0,1,0,0,0,1,0,0,"- ","- ",,,"SAN DIEGO","SAN DIEGO",-117.21210051,32.753676579999997
6661905,2014,2014-12-12,3711,2014-10-01,1700,5046,,3,5,7,3711,0,0,0,,0,122,"INGRAHAM ST","THOMAS AV",0.00,,Y,A,-,N,,,,,,,,,,N,3,0,1,2,A,-,05,21650,1,N,A,G,A,A,H,-,A,A,0,,Y,,,Y,,L,04,0,1,0,0,0,0,1,0,0,"- ","- ",,,"SAN DIEGO","SAN DIEGO",-117.23995007000001,32.796860090000003
6661952,2014,2016-01-05,3711,2014-09-30,2130,6686,,2,5,7,3711,0,0,0,,0,813,"31ST ST","NORTH PARK WY",0.00,,Y,A,-,N,,,,,,,,,,N,4,0,1,2,A,-,09,21802,A,N,D,G,A,A,H,-,C,A,0,,Y,,,Y,,-,,0,0,1,0,0,0,1,0,0,"- ","- ",,,"SAN DIEGO","SAN DIEGO",-117.12716011000001,32.74744012
6664385,2014,2014-10-21,3711,2014-08-23,0655,6018,,6,5,7,3711,0,0,0,,0,621,"LINDA VISTA RD","FULTON ST",0.00,,Y,A,-,N,,,,,,,,,,N,3,0,1,2,A,-,09,21801,A,N,D,G,A,A,H,-,A,A,0,,Y,,,Y,,-,,0,1,0,0,0,0,1,0,0,"- ","- ",,,"SAN DIEGO","SAN DIEGO",-117.16756006999999,32.789940080000001
6664596,2014,2014-12-10,3711,2014-10-06,1913,6888,,1,5,7,3711,0,0,0,,0,612,"ROSECRANS ST","ELLIOTT ST",0.00,,Y,A,-,N,,,,,,,,,,N,3,0,1,2,A,-,08,22107,,N,D,G,A,A,H,-,D,D,0,,Y,,,Y,,L,04,0,1,0,0,0,0,1,0,0,"- ","- ",,,"SAN DIEGO","SAN DIEGO",-117.21614005000001,32.740070090000003
6665997,2014,2014-12-19,3711,2014-10-15,1755,7093,,3,5,7,3711,0,0,0,,0,613,"WEST POINT LOMA BL","WEST POINT LOMA BL 4400",12.00,S,N,A,F,N,,,,,,,,,,Y,3,0,1,2,A,-,09,21801,A,N,D,G,A,A,H,-,A,D,0,,Y,,,Y,,L,04,0,1,0,0,0,0,1,0,0,"- ","- ",,,"SAN DIEGO","SAN DIEGO",,
6666802,2014,2014-11-14,3711,2014-10-04,1838,5916,,6,5,7,3711,0,0,0,,0,813,"30TH ST","POLK AV",10.00,S,N,A,-,N,,,,,,,,,,N,3,0,1,1,D,-,00,,,N,F,A,A,A,H,-,C,D,0,,Y,,,Y,Y,-,"- ",0,1,0,0,0,0,1,0,0,"- ","- ",,,"SAN DIEGO","SAN DIEGO",-117.13019942,32.752202609999998
6666814,2014,2014-11-14,3711,2014-10-03,1625,6959,,5,5,7,3711,0,0,0,,0,831,"EL CAJON BL","HIGHLAND AV",0.00,,Y,A,-,N,,,,,,,,,,N,3,0,1,2,A,-,09,21801,A,N,D,G,A,A,H,-,A,A,0,,Y,,,Y,,-,,0,1,0,0,0,0,1,0,0,"- ","- ",,,"SAN DIEGO","SAN DIEGO",-117.09920013,32.755100040000002
6666842,2014,2014-12-22,3711,2014-10-04,1430,6713,,6,5,7,3711,0,0,0,,0,622,"MORENA BL","VIOLA ST",0.00,,Y,A,-,N,,,,,,,,,,N,3,0,1,2,A,-,05,21650,1,F,H,G,A,A,H,-,A,D,0,,Y,,,Y,,L,04,0,1,0,0,0,0,1,0,0,"- ","- ",,,"SAN DIEGO","SAN DIEGO",-117.20206002,32.771710079999998
6666940,2014,2014-10-29,3711,2014-09-27,1350,7122,,6,5,7,3711,0,0,0,,0,611,"ROSECRANS ST","MIDWAY DR",603.00,S,N,A,-,N,,,,,,,,,,N,3,0,2,3,A,-,08,22107,,N,G,G,A,A,H,-,A,A,0,,Y,,,Y,,-,,0,1,1,0,0,0,2,0,0,"- ","- ",,,"SAN DIEGO","SAN DIEGO",-117.20741834,32.748432970000003
6668813,2014,2014-12-15,3711,2014-10-11,0230,6892,,6,5,7,3711,0,0,0,,0,627,"UNIVERSITY AV","8TH AV",0.00,,Y,B,-,N,,,,,,,,,,N,3,0,1,2,A,-,08,22102,,N,A,G,A,A,-,-,C,A,0,,Y,,,Y,,-,,0,1,0,0,0,0,1,0,0,"- ","- ",,,"SAN DIEGO","SAN DIEGO",,
6668814,2014,2014-12-15,3711,2014-10-10,0715,6345,SD,5,5,7,3711,0,0,0,,0,246,"SCRIPPS POWAY PKWY","RT 15",28.00,E,N,A,-,Y,,,,,,,,,,N,4,0,1,2,A,-,09,21453,B,N,D,G,A,A,H,-,A,A,0,,Y,,,Y,,A,07,0,0,1,0,0,0,1,0,0,"- ",NO,,,"SAN DIEGO","SAN DIEGO",,
6668822,2014,2014-12-15,3711,2014-10-13,0615,6576,MIDCI,1,5,7,3711,0,0,0,,0,813,"30TH ST","PALM ST",18.00,N,N,A,-,N,,,,,,,,,,N,4,0,1,2,A,-,09,21801,A,N,D,G,A,A,H,-,A,A,0,,Y,,,Y,,-,,0,0,1,0,0,0,1,0,0,"- ","- ",,,"SAN DIEGO","SAN DIEGO",-117.12932000000001,32.735679310000002
6668845,2014,2014-12-12,3711,2014-10-10,1733,6648,,5,5,7,3711,0,0,0,,0,825,RIDGEWAY,PALISADES,260.00,E,N,A,-,N,,,,,,,,,,N,3,0,1,2,A,-,21,22106,,N,B,G,A,A,H,-,A,D,0,,Y,,,Y,,-,,0,1,0,0,0,0,1,0,0,"- ","- ",,,"SAN DIEGO","SAN DIEGO",-117.10476849,32.77409917
6668850,2014,2014-11-26,3711,2014-10-10,0725,7153,,5,5,7,3711,0,0,0,,0,115,"GENESEE AV","CENTURION SQ",300.00,S,N,A,-,N,,,,,,,,,,N,3,0,1,1,B,-,22,,,N,H,G,A,A,H,-,A,D,0,,Y,,,Y,,L,04,0,1,0,0,0,0,1,0,0,"- ","- ",,,"SAN DIEGO","SAN DIEGO",-117.20878869000001,32.86060586
6672419,2014,2015-01-29,3711,2014-10-14,0728,5611,,2,5,7,3711,0,0,0,,0,242,"BLACK MOUNTAIN RD","HILLERY DR",528.00,S,N,B,-,N,,,,,,,,,,N,4,0,1,2,A,-,"- ",,,N,D,G,A,A,H,-,A,A,0,,Y,,,Y,,L,04,0,0,1,0,0,0,1,0,0,"- ","- ",,,"SAN DIEGO","SAN DIEGO",-117.12435775,32.911424359999998
6672433,2014,2016-06-13,3711,2014-10-14,0640,6962,,2,5,7,3711,0,0,0,,0,722,"PALM AV","SATURN BL",22.00,E,N,A,-,Y,SD,11,75,-,-,9.310,I,6,S,N,4,0,1,2,A,-,10,21950,A,N,G,G,A,A,H,-,B,A,0,,Y,,,Y,,-,,0,0,1,0,0,0,1,0,0,"- ","- ",,,"SAN DIEGO","SAN DIEGO",-117.09267041,32.583757939999998
6672437,2014,2014-12-18,3711,2014-10-10,1529,5582,,5,5,7,3711,0,0,0,,0,612,"ELLIOTT ST","CHATSWORTH BL",7.00,W,N,A,-,N,,,,,,,,,,N,3,0,1,2,A,-,05,21202,A,N,D,G,A,A,H,-,A,D,0,,Y,,,Y,,L,04,0,1,0,0,0,0,1,0,0,"- ","- ",,,"SAN DIEGO","SAN DIEGO",-117.22196819,32.743601460000001
6675113,2014,2016-02-24,3711,2014-10-22,0715,6992,,3,5,7,3711,0,0,0,,0,529,"KALMIA ST",4TH,15.00,W,N,A,-,N,,,,,,,,,,N,3,0,1,2,A,-,09,21802,A,N,D,G,A,A,H,-,A,A,0,,Y,,,Y,,-,,0,1,0,0,0,0,1,0,0,"- ","- ",,,"SAN DIEGO","SAN DIEGO",-117.16125861,32.730329470000001
6679364,2014,2014-12-29,3711,2014-10-17,1928,6702,,5,5,7,3711,0,0,0,,0,931,"MIRA MESA BL","CAMINO SANTA FE",128.00,W,N,A,-,N,,,,,,,,,,N,2,0,1,2,A,-,07,21658,A,N,C,G,A,A,H,-,C,D,0,,Y,Y,,Y,Y,L,04,1,0,0,0,0,0,1,0,0,"- ","- ",,,"SAN DIEGO","SAN DIEGO",-117.1718273,32.907549930000002