CASE_ID,ACCIDENT_YEAR,PROC_DATE,JURIS,COLLISION_DATE,COLLISION_TIME,OFFICER_ID,REPORTING_DISTRICT,DAY_OF_WEEK,CHP_SHIFT,POPULATION,CNTY_CITY_LOC,SPECIAL_COND,BEAT_TYPE,CHP_BEAT_TYPE,CITY_DIVISION_LAPD,CHP_BEAT_CLASS,BEAT_NUMBER,PRIMARY_RD,SECONDARY_RD,DISTANCE,DIRECTION,INTERSECTION,WEATHER_1,WEATHER_2,STATE_HWY_IND,CALTRANS_COUNTY,CALTRANS_DISTRICT,STATE_ROUTE,ROUTE_SUFFIX,POSTMILE_PREFIX,POSTMILE,LOCATION_TYPE,RAMP_INTERSECTION,SIDE_OF_HWY,TOW_AWAY,COLLISION_SEVERITY,NUMBER_KILLED,NUMBER_INJURED,PARTY_COUNT,PRIMARY_COLL_FACTOR,PCF_CODE_OF_VIOL,PCF_VIOL_CATEGORY,PCF_VIOLATION,PCF_VIOL_SUBSECTION,HIT_AND_RUN,TYPE_OF_COLLISION,MVIW,PED_ACTION,ROAD_SURFACE,ROAD_COND_1,ROAD_COND_2,LIGHTING,CONTROL_DEVICE,CHP_ROAD_TYPE,PEDESTRIAN_ACCIDENT,BICYCLE_ACCIDENT,MOTORCYCLE_ACCIDENT,TRUCK_ACCIDENT,NOT_PRIVATE_PROPERTY,ALCOHOL_INVOLVED,STWD_VEHTYPE_AT_FAULT,CHP_VEHTYPE_AT_FAULT,COUNT_SEVERE_INJ,COUNT_VISIBLE_INJ,COUNT_COMPLAINT_PAIN,COUNT_PED_KILLED,COUNT_PED_INJURED,COUNT_BICYCLIST_KILLED,COUNT_BICYCLIST_INJURED,COUNT_MC_KILLED,COUNT_MC_INJURED,PRIMARY_RAMP,SECONDARY_RAMP,LATITUDE,LONGITUDE,COUNTY,CITY,POINT_X,POINT_Y
6680465,2014,2015-01-08,3711,2014-10-13,1007,5876,,1,5,7,3711,0,0,0,,0,612,"EVERGREEN ST","3000 EVERGREEN ST",0.00,,Y,A,-,N,,,,,,,,,,N,3,0,1,1,A,-,"- ",,,N,F,A,A,A,H,-,A,A,0,,Y,,,Y,Y,-,"- ",0,1,0,0,0,0,1,0,0,"- ","- ",,,"SAN DIEGO","SAN DIEGO",-117.21445799,32.745474690000002
6680467,2014,2014-12-12,3711,2014-10-19,2130,3691,,7,5,7,3711,0,0,0,,0,831,"ORANGE AV","FAIRMONT AV",0.00,,Y,A,-,N,,,,,,,,,,N,4,0,1,2,A,-,10,21950,A,N,B,G,A,A,H,-,C,A,0,,Y,,,Y,,-,,0,0,1,0,0,0,1,0,0,"- ","- ",,,"SAN DIEGO","SAN DIEGO",-117.10086002,32.753170089999998
6680468,2014,2014-12-12,3711,2014-10-17,2044,6648,,5,5,7,3711,0,0,0,,0,813,"UNIVERSITY AV","32ND ST",0.00,,Y,A,-,N,,,,,,,,,,N,3,0,1,2,A,-,05,21202,A,N,A,G,A,A,H,-,C,A,0,,Y,,,Y,Y,L,04,0,1,0,0,0,0,1,0,0,"- ","- ",,,"SAN DIEGO","SAN DIEGO",-117.12521005000001,32.748500010000001
6680469,2014,2014-12-12,3711,2014-10-17,0409,6203,,5,5,7,3711,0,0,0,,0,832,"FAIRMONT AV","ORANGE AV",12.00,N,N,A,-,N,,,,,,,,,,N,4,0,1,2,A,-,12,21453,A,N,C,G,A,A,H,-,C,A,0,,Y,,,Y,,A,01,0,0,1,0,0,0,1,0,0,"- ","- ",,,"SAN DIEGO","SAN DIEGO",-117.10086,32.753202870000003
6680477,2014,2015-01-28,3711,2014-10-05,0254,4310,,7,5,7,3711,0,0,0,,0,813,"EL CAJON BL","HAMILTON ST",0.00,,Y,A,-,N,,,,,,,,,,N,2,0,1,2,A,-,"- ",,,F,H,A,A,A,H,-,C,D,0,,Y,,,Y,Y,-,99,1,0,0,0,0,0,1,0,0,"- ","- ",,,"SAN DIEGO","SAN DIEGO",-117.13636002,32.755380080000002
6680805,2014,2014-12-12,3711,2014-10-19,1124,7086,,7,5,7,3711,0,0,0,,0,E13,"UNIVERSITY AV","TEXAS ST",150.00,W,N,A,-,N,,,,,,,,,,N,3,0,1,2,A,-,"- ",,,N,B,G,A,A,H,-,A,D,0,,Y,,,Y,,-,,0,1,0,0,0,0,1,0,0,"- ","- ",,,"SAN DIEGO","SAN DIEGO",-117.1394562,32.748444589999998
6680806,2014,2014-12-12,3711,2014-10-18,0942,7086,,6,5,7,3711,0,0,0,,0,813,"TEXAS ST",LINCOLN,145.00,S,N,B,-,N,,,,,,,,,,N,3,0,1,2,A,-,21,22106,,N,D,G,A,A,H,-,A,D,0,,Y,,,Y,,-,,0,1,0,0,0,0,1,0,0,"- ","- ",,,"SAN DIEGO","SAN DIEGO",-117.13880759,32.749912799999997
6680808,2014,2014-12-12,3711,2014-10-15,1120,5491,,3,5,7,3711,0,0,0,,0,531,"8TH AV","2300 8TH AV",1.00,S,N,A,-,N,,,,,,,,,,N,3,0,1,1,A,-,08,22107,,N,E,I,A,A,H,-,A,D,0,,Y,,,Y,,L,04,0,1,0,0,0,0,1,0,0,"- ","- ",,,"SAN DIEGO","SAN DIEGO",-117.15765595000001,32.727586909999999
6680810,2014,2016-02-23,3711,2014-10-16,0800,7067,,4,5,7,3711,0,0,0,,0,627,"WASHINGTON ST","5TH AV",15.00,E,N,B,-,N,,,,,,,,,,N,4,0,2,2,A,-,12,21453,A,N,D,-,B,A,H,-,A,A,0,Y,Y,,,Y,,L,04,0,0,2,0,1,0,1,0,0,"- ","- ",,,"SAN DIEGO","SAN DIEGO",-117.16078137,32.75
6681333,2014,2014-12-12,3711,2014-10-18,0630,7161,NORTH,6,5,7,3711,0,0,0,,0,121,"MISSION BL","SAN RAFAEL PL",3.00,N,N,B,-,N,,,,,,,,,,N,3,0,1,2,A,-,09,21802,A,N,B,G,A,A,H,-,B,A,0,,Y,,,Y,,-,,0,1,0,0,0,0,1,0,0,"- ","- ",,,"SAN DIEGO","SAN DIEGO",-117.25357,32.787148219999999
6681349,2014,2014-12-11,3711,2014-10-19,1242,6774,SANDI,7,5,7,3711,0,0,0,,0,626,"PRESIDIO DR","COSOY WY",528.00,N,N,A,-,N,,,,,,,,,,N,3,0,1,1,C,-,18,,,N,E,I,A,A,G,-,A,D,0,,Y,,,Y,,-,"- ",0,1,0,0,0,0,1,0,0,"- ","- ",,,"SAN DIEGO","SAN DIEGO",-117.19406499999999,32.758719960000001
6688921,2014,2014-12-26,3711,2014-10-23,1629,8824,,4,5,7,3711,0,0,0,,0,313,"CLAIREMONT MESA BL","KEARNY VILLA RD",0.00,,Y,A,-,N,,,,,,,,,,N,4,0,1,2,A,-,12,21453,A,N,D,G,A,A,H,-,A,A,0,,Y,,,Y,,L,04,0,0,1,0,0,0,1,0,0,"- ","- ",,,"SAN DIEGO","SAN DIEGO",-117.13842006,32.831530100000002
6688991,2014,2014-12-23,3711,2014-10-21,1320,7192,,2,5,7,3711,0,0,0,,0,242,"GOLD COAST DR","WESTONHILL DR",3.00,E,N,A,-,N,,,,,,,,,,N,3,0,1,2,A,-,12,22450,A,N,D,G,A,A,H,-,A,A,0,,Y,,,Y,,-,,0,1,0,0,0,0,1,0,0,"- ","- ",,,"SAN DIEGO","SAN DIEGO",-117.13552034999999,32.905758839999997
6689122,2014,2014-12-23,3711,2014-10-24,1644,7138,,5,5,7,3711,0,0,0,,0,826,"TROJAN AV","48TH ST",0.00,,Y,A,-,N,,,,,,,,,,N,3,0,1,2,A,-,09,21804,A,N,D,G,A,A,H,-,A,D,0,,Y,,,Y,,L,04,0,1,0,0,0,0,1,0,0,"- ","- ",,,"SAN DIEGO","SAN DIEGO",-117.09115001000001,32.754950020000003
6689151,2014,2014-12-22,3711,2014-10-28,0825,4759,,2,5,7,3711,0,0,0,,0,116,"MORENA BL","LISTER ST",49.00,N,N,A,-,N,,,,,,,,,,N,3,0,1,2,A,-,17,22517,,N,B,G,A,A,H,-,A,D,0,,Y,,,Y,,-,,0,1,0,0,0,0,1,0,0,"- ","- ",,,"SAN DIEGO","SAN DIEGO",-117.20645657,32.786152770000001
6689199,2014,2014-12-22,3711,2014-10-23,1249,7165,,4,5,7,3711,0,0,0,,0,813,"EL CAJON BL","OREGON ST",200.00,E,N,A,-,N,,,,,,,,,,N,4,0,1,2,A,-,17,22517,,N,H,G,A,A,H,-,A,D,0,,Y,,,Y,,-,,0,0,1,0,0,0,1,0,0,"- ","- ",,,"SAN DIEGO","SAN DIEGO",-117.13448167,32.755385189999998
6690588,2014,2014-12-24,3711,2014-10-25,2250,4708,,6,5,7,3711,0,0,0,,0,529,"LAUREL ST","5TH AV",0.00,,Y,A,-,N,,,,,,,,,,N,4,0,1,2,A,-,10,21950,A,N,H,G,A,A,H,-,C,A,0,,Y,,,Y,,-,,0,0,1,0,0,0,1,0,0,"- ","- ",,,"SAN DIEGO","SAN DIEGO",-117.16029002000001,32.731400059999999
6690623,2014,2015-01-07,3711,2014-10-23,1809,6632,MC2,4,5,7,3711,0,0,0,,0,813,"UNIVERSITY AV","LOUISIANA ST",30.00,E,N,A,-,N,,,,,,,,,,N,3,0,1,2,A,-,04,21703,,N,D,G,A,A,H,-,A,D,0,,Y,,,Y,,L,04,0,1,0,0,0,0,1,0,0,"- ","- ",,,"SAN DIEGO","SAN DIEGO",-117.13993275999999,32.74844908
6691550,2014,2014-12-09,3711,2014-10-29,1530,6823,,3,5,7,3711,0,0,0,,0,327,"MONTEZUMA RD","E FALLS VIEW DR",181.00,W,N,A,-,N,,,,,,,,,,N,4,0,1,2,A,-,05,21650,1,N,D,G,A,A,H,-,A,D,0,,Y,,,Y,Y,L,04,0,0,1,0,0,0,1,0,0,"- ","- ",,,"SAN DIEGO","SAN DIEGO",-117.06565492999999,32.770687219999999
6691750,2014,2014-11-20,3711,2014-09-16,2220,6394,,2,5,7,3711,0,0,0,,0,315,"CAMINO DEL RIO N","MISSION CITY PKWY",1056.00,W,N,B,-,N,,,,,,,,,,N,4,0,1,1,A,-,08,22107,,N,E,-,A,-,C,-,C,D,0,,Y,,,Y,,L,04,0,0,1,0,0,0,1,0,0,"- ","- ",,,"SAN DIEGO","SAN DIEGO",-117.12815291,32.774809699999999
6691754,2014,2014-11-20,3711,2014-09-19,0607,6493,,5,5,7,3711,0,0,0,,0,315,"FRIARS RD","QUALCOMM WY",1056.00,W,N,B,-,N,,,,,,,,,,N,4,0,1,2,A,-,07,21658,A,N,C,G,A,A,H,-,B,D,0,,Y,,,Y,,-,,0,0,1,0,0,0,1,0,0,"- ","- ",,,"SAN DIEGO","SAN DIEGO",-117.14491940000001,32.776673629999998
6691758,2014,2014-11-20,3711,2014-09-22,1829,3696,,1,5,7,3711,0,0,0,,0,115,"LEBON DR","LEBON DR 3400",18.00,S,N,A,-,N,,,,,,,,,,N,4,0,1,1,A,-,03,22350,,N,H,A,A,A,H,-,B,D,0,,Y,,,Y,,L,04,0,0,1,0,0,0,1,0,0,"- ","- ",,,"SAN DIEGO","SAN DIEGO",,
6695155,2014,2015-01-07,3711,2014-11-01,1441,5953,,6,5,7,3711,0,0,0,,0,525,"UNION ST","WEST F ST",75.00,N,N,A,-,N,,,,,,,,,,N,4,0,2,2,A,-,11,21950,B,N,G,B,D,A,H,-,A,A,0,Y,Y,,,Y,,N,60,0,0,2,0,1,0,1,0,0,"- ","- ",,,"SAN DIEGO","SAN DIEGO",-117.16562,32.713755460000002
6695167,2014,2015-01-07,3711,2014-11-03,1643,4821,,1,5,7,3711,0,0,0,,0,313,"CLAIREMONT MESA BL","KEARNY MESA RD",35.00,W,N,A,-,N,,,,,,,,,,N,3,0,1,2,A,-,08,22107,,N,D,G,A,A,H,-,A,D,0,,Y,,,Y,,A,01,0,1,0,0,0,0,1,0,0,"- ","- ",,,"SAN DIEGO","SAN DIEGO",-117.14364356,32.832920000000001
6695171,2014,2015-01-07,3711,2014-11-03,1700,7072,,1,5,7,3711,0,0,0,,0,114,"CLAIREMONT MESA BL",DOLIVA,528.00,E,N,A,-,N,,,,,,,,,,N,4,0,1,1,A,-,08,22107,,N,E,J,A,A,H,-,B,D,0,,Y,,,Y,,L,04,0,0,1,0,0,0,1,0,0,"- ","- ",,,"SAN DIEGO","SAN DIEGO",-117.17394836,32.834241149999997
6695300,2014,2015-01-02,3711,2014-10-29,1730,7163,,3,5,7,3711,0,0,0,,0,,"HOWARD ST","TEXAS ST",300.00,E,N,A,-,N,,,,,,,,,,N,3,0,1,2,A,-,08,22107,,N,D,G,A,A,H,-,A,D,0,,Y,,,Y,,-,,0,1,0,0,0,0,1,0,0,"- ","- ",,,"SAN DIEGO","SAN DIEGO",-117.13782752,32.754038039999998
6696688,2014,2015-01-05,9645,2014-10-18,1100,18344,,6,1,7,3711,0,1,3,,2,020,"RT 56","EL CAMINIO REAL",128.00,E,N,A,-,Y,,,56,,,,,,,N,3,0,1,1,A,-,03,22350,,N,E,J,A,A,H,-,A,D,0,,Y,,,Y,,L,04,0,1,0,0,0,0,1,0,0,"- ","- ",32.934800000000003,-117.23469,"SAN DIEGO","SAN DIEGO",-117.23474796000001,32.934954410000003
6696990,2014,2015-01-23,3711,2014-10-30,1610,7052,SD,4,5,7,3711,0,0,0,,0,521,"PARK BL","C ST",90.00,S,N,A,-,N,,,,,,,,,,N,3,0,1,2,A,-,"- ",,,N,A,B,F,A,H,-,A,D,0,Y,Y,,,Y,,L,04,0,1,0,0,1,0,0,0,0,"- ","- ",,,"SAN DIEGO","SAN DIEGO",-117.15374725,32.716553529999999
6696994,2014,2015-01-23,3711,2014-10-30,0649,6791,SD,4,5,7,3711,0,0,0,,0,528,"KETTNER BL","W FIRST",60.00,N,N,A,-,N,,,,,,,,,,N,3,0,1,2,A,-,08,22107,,N,-,-,A,A,H,-,B,-,0,,Y,,,Y,,L,04,0,1,0,0,0,0,1,0,0,"- ","- ",,,"SAN DIEGO","SAN DIEGO",,
6696998,2014,2014-12-31,3711,2014-10-31,0524,6493,,5,5,7,3711,0,0,0,,0,327,"COLLEGE AV","COLLEGE PL",0.00,,Y,A,-,N,,,,,,,,,,N,1,1,0,2,A,-,09,21802,A,N,H,G,A,A,H,-,C,A,0,,Y,,,Y,,L,04,0,0,0,0,0,1,0,0,0,"- ","- ",,,"SAN DIEGO","SAN DIEGO",-117.06952012000001,32.770110010000003
6697037,2014,2015-01-28,3711,2014-10-30,2045,6950,3711,4,5,7,3711,0,0,0,,0,115,"LA JOLLA VILLAGE DR","RT 5",200.00,E,N,A,-,Y,,,,,,,,,,N,3,0,1,2,A,-,05,21650,1,N,A,G,A,A,H,-,C,D,0,,Y,,,Y,,L,04,0,1,0,0,0,0,1,0,0,"- ","- ",,,"SAN DIEGO","SAN DIEGO",-117.22871117,32.872133169999998
6697348,2014,2014-11-19,3711,2014-09-30,1325,3661,TRAFF,2,5,7,3711,0,0,0,,0,323,"COLLEGE AV","BTWN THERESE WY & ELDERGARDENS ST",0.00,,N,A,-,N,,,,,,,,,,N,3,0,1,1,A,-,03,22350,,N,F,A,A,A,A,D,A,D,0,,Y,,,Y,Y,L,04,0,1,0,0,0,0,1,0,0,"- ","- ",,,"SAN DIEGO","SAN DIEGO",,
6697354,2014,2015-01-08,3711,2014-11-01,0950,7051,,6,5,7,3711,0,0,0,,0,931,"SORRENTO VALLEY RD","SORRENTO VALLEY COASTER STA",1056.00,N,N,A,B,N,,,,,,,,,,N,3,0,1,1,C,-,18,,,N,E,J,A,A,A,G,A,D,0,,Y,,,Y,,-,"- ",0,1,0,0,0,0,1,0,0,"- ","- ",,,"SAN DIEGO","SAN DIEGO",,
6699487,2014,2014-11-21,3711,2014-09-24,2200,6929,NORTH,3,5,7,3711,0,0,0,,0,122,"THOMAS AV","MISSION BL",107.00,E,N,A,-,N,,,,,,,,,,N,3,0,1,1,A,-,03,22350,,N,H,A,A,A,H,-,C,D,0,,Y,,,Y,Y,L,04,0,1,0,0,0,0,1,0,0,"- ","- ",,,"SAN DIEGO","SAN DIEGO",-117.2542552,32.793707259999998
6701053,2014,2015-01-23,3711,2014-11-06,1618,7170,3711,4,5,7,3711,0,0,0,,0,,"50TH ST","ORANGE AV",156.00,S,N,A,-,N,,,,,,,,,,N,3,0,1,1,A,-,03,22350,,N,-,J,A,A,H,-,B,D,0,,Y,,,Y,,L,04,0,1,0,0,0,0,1,0,0,"- ","- ",,,"SAN DIEGO","SAN DIEGO",-117.08686585,32.752622719999998
6701069,2014,2015-01-08,3711,2014-11-10,1630,7168,,1,5,7,3711,0,0,0,,0,123,"MISSION BAY DR","QUIVIRA ACCESS RD",1056.00,W,N,A,-,N,,,,,,,,,,N,3,0,1,2,A,-,08,22107,,N,E,G,A,A,H,-,A,D,0,,Y,,,Y,Y,L,04,0,1,0,0,0,0,1,0,0,"- ","- ",,,"SAN DIEGO","SAN DIEGO",-117.24090099,32.766887910000001
6701097,2014,2015-01-08,3711,2014-11-10,1600,4654,,1,5,7,3711,0,0,0,,0,327,"MONTEZUMA RD","ART ST",255.00,E,N,A,-,N,,,,,,,,,,N,3,0,1,2,A,-,09,21801,A,N,-,G,A,A,H,-,A,D,0,,Y,,,Y,,-,,0,1,0,0,0,0,1,0,0,"- ","- ",,,"SAN DIEGO","SAN DIEGO",-117.06248178,32.770114679999999
6701118,2014,2015-01-08,3711,2014-11-07,1647,6699,,5,5,7,3711,0,0,0,,0,833,LANDIS,44TH,68.00,W,N,A,-,N,,,,,,,,,,N,4,0,1,2,A,-,17,22517,,N,H,G,A,A,H,-,A,D,0,,Y,,,Y,,-,,0,0,1,0,0,0,1,0,0,"- ","- ",,,"SAN DIEGO","SAN DIEGO",-117.10002040000001,32.745860520000001
6702499,2014,2014-12-04,3711,2014-10-26,1151,4298,,7,5,7,3711,0,0,0,,0,315,"CAM DE LA REINA","MISSION CENTER RD",30.00,E,N,B,-,N,,,,,,,,,,N,3,0,1,1,A,-,08,22107,,N,E,-,A,A,H,-,A,A,0,,Y,,,Y,,L,04,0,1,0,0,0,0,1,0,0,"- ","- ",,,"SAN DIEGO","SAN DIEGO",-117.15374976,32.768176500000003
6702503,2014,2014-12-04,3711,2014-10-24,1530,5916,,5,5,7,3711,0,0,0,,0,116,"BALBOA AV","CLAIREMONT DR",1056.00,W,N,A,-,N,,,,,,,,,,N,3,0,1,1,A,-,08,22107,,N,E,I,A,A,H,-,A,D,0,,Y,,,Y,Y,L,04,0,1,0,0,0,0,1,0,0,"- ","- ",,,"SAN DIEGO","SAN DIEGO",-117.20437,32.81126956
6702534,2014,2016-02-23,3711,2014-10-29,0741,4823,SANDI,3,5,7,3711,0,0,0,,0,514,"16TH ST","G ST",0.00,,Y,A,-,N,,,,,,,,,,N,3,0,1,2,A,-,08,22107,,N,B,G,A,A,H,-,A,A,0,,Y,,,Y,,A,01,0,1,0,0,0,0,1,0,0,"- ","- ",,,"SAN DIEGO","SAN DIEGO",-117.14949011,32.71261002
6703718,2014,2015-01-08,3711,2014-11-06,1525,7196,,4,5,7,3711,0,0,0,,0,312,MONTEZUMA,"63RD AV",110.00,W,N,A,-,N,,,,,,,,,,N,3,0,1,2,A,-,05,21650,1,N,A,G,A,A,H,-,A,A,0,,Y,,,Y,,L,04,0,1,0,0,0,0,1,0,0,"- ","- ",,,"SAN DIEGO","SAN DIEGO",-117.06474909000001,32.770531599999998
6704498,2014,2015-01-12,3711,2014-11-12,2007,5051,,3,5,7,3711,0,0,0,,0,438,"VALLEY RD","REO DR",690.00,W,N,B,-,N,,,,,,,,,,N,3,0,1,2,A,-,03,22350,,N,C,E,A,A,H,-,D,D,0,,Y,,,Y,Y,L,04,0,1,0,0,0,0,1,0,0,"- ","- ",,,"SAN DIEGO","SAN DIEGO",-117.06366925,32.6632368
6705028,2014,2015-01-08,3711,2014-11-05,0810,6345,SD,3,5,7,3711,0,0,0,,0,233,"AZUAGA ST","RANCHO RENAQUIROS BL",250.00,E,N,A,-,N,,,,,,,,,,N,3,0,1,2,A,-,08,22107,,N,C,E,A,A,H,-,A,D,0,,Y,,,Y,,L,04,0,1,0,0,0,0,1,0,0,"- ","- ",,,"SAN DIEGO","SAN DIEGO",-117.11198598,32.958471789999997
6705501,2014,2015-01-08,3711,2014-11-03,1805,6798,,1,5,7,3711,0,0,0,,0,315,"MISSION CENTER RD",FRIARS,0.00,,Y,A,-,N,,,,,,,,,,N,3,0,1,1,A,-,03,22350,,N,H,J,A,A,H,-,C,A,0,,Y,,,Y,,L,04,0,1,0,0,0,0,1,0,0,"- ","- ",,,"SAN DIEGO","SAN DIEGO",-117.15386008,32.774640060000003
6705511,2014,2015-01-07,3711,2014-11-05,1351,5611,,3,5,7,3711,0,0,0,,0,242,"MIRA MESA BL","MIRA MESA BL 8800",0.00,N,N,A,-,N,,,,,,,,,,N,3,0,1,1,A,-,03,22350,,N,E,I,A,A,H,-,A,D,0,,Y,,,Y,,L,04,0,1,0,0,0,0,1,0,0,"- ","- ",,,"SAN DIEGO","SAN DIEGO",-117.13440299,32.91307784
6705867,2014,2015-01-12,3711,2014-11-03,1244,6785,,1,5,7,3711,0,0,0,,0,233,"PIMPERNEL DR","PIMPERNEL WY",114.00,W,N,A,-,N,,,,,,,,,,N,3,0,1,1,C,-,18,,,N,E,I,A,A,H,-,A,D,0,,Y,,,Y,,-,"- ",0,1,0,0,0,0,1,0,0,"- ","- ",,,"SAN DIEGO","SAN DIEGO",-117.13230021,32.951947250000003
6706042,2014,2015-01-08,3711,2014-11-02,1225,5985,,7,5,7,3711,0,0,0,,0,521,"15TH ST",BROADWAY,0.00,,Y,B,-,N,,,,,,,,,,N,3,0,1,2,A,-,09,21802,A,N,D,G,A,A,H,-,A,A,0,,Y,,,Y,Y,A,07,0,1,0,0,0,0,1,0,0,"- ","- ",,,"SAN DIEGO","SAN DIEGO",-117.15039011,32.715740019999998
6706117,2014,2014-12-09,3711,2014-10-22,2150,5226,,3,5,7,3711,0,0,0,,0,514,"MARKET ST","24TH ST",117.00,E,N,A,-,N,,,,,,,,,,N,4,0,1,1,A,-,03,22350,,N,H,A,A,A,H,-,C,A,0,,Y,,,Y,,L,04,0,0,1,0,0,0,1,0,0,"- ","- ",,,"SAN DIEGO","SAN DIEGO",-117.14206092000001,32.711583949999998
6706121,2014,2014-12-03,3711,2014-10-10,2035,3815,,5,5,7,3711,0,0,0,,0,934,"TORREY HILLS PK","10TH AV",0.00,,-,A,-,N,,,,,,,,,,N,2,0,1,1,A,-,08,22107,,N,E,I,A,A,H,-,C,D,0,,Y,,,Y,,L,04,1,0,0,0,0,0,1,0,0,"- ","- ",,,"SAN DIEGO","SAN DIEGO",,
6706125,2014,2014-12-03,3711,2014-10-12,0119,5972,,7,5,7,3711,0,0,0,,0,614,"SUNSET CLIFFS BL","POINT LOMA BL",0.00,,Y,A,-,N,,,,,,,,,,N,2,0,1,2,A,-,12,21453,A,F,G,G,A,A,H,-,C,A,0,,Y,,,Y,Y,-,99,1,0,0,0,0,0,1,0,0,"- ","- ",,,"SAN DIEGO","SAN DIEGO",-117.24227012,32.750940100000001
6708580,2014,2015-01-08,3711,2014-11-07,1800,587,WESTE,5,5,7,3711,0,0,0,,0,611,"HANCOCK ST","CAMINO DEL RIO W",45.00,W,N,A,-,N,,,,,,,,,,N,3,0,1,1,A,-,03,22350,,N,F,A,A,A,H,-,C,A,0,,Y,,,Y,Y,L,04,0,1,0,0,0,0,1,0,0,"- ","- ",,,"SAN DIEGO","SAN DIEGO",-117.20519838,32.75432206
6710881,2014,2015-01-28,3711,2014-11-15,1326,7171,,6,5,7,3711,0,0,0,,0,111,"LIMERICK AV","TARA PL",45.00,N,N,A,-,N,,,,,,,,,,N,3,0,1,1,A,-,03,22350,,N,H,-,A,A,H,-,A,D,0,,Y,,,Y,,L,04,0,1,0,0,0,0,1,0,0,"- ","- ",,,"SAN DIEGO","SAN DIEGO",-117.17878627,32.832293229999998
6710893,2014,2015-01-07,3711,2014-11-07,1254,6063,,5,5,7,3711,0,0,0,,0,122,"MISSION BAY DR",GLENDORA,78.00,S,N,A,-,N,,,,,,,,,,N,3,0,1,2,A,-,08,22107,,N,C,G,A,A,H,-,A,D,0,,Y,,,Y,,L,04,0,1,0,0,0,0,1,0,0,"- ","- ",,,"SAN DIEGO","SAN DIEGO",-117.2148548,32.801565830000001
6710954,2014,2015-01-08,3711,2014-11-15,1115,6717,,6,5,7,3711,0,0,0,,0,511,"HARBOR DR","S VESTA ST",486.00,S,N,A,-,N,,,,,,,,,,N,3,0,1,1,A,-,08,22107,,N,F,A,A,A,H,-,A,D,0,,Y,,,Y,,L,04,0,1,0,0,0,0,1,0,0,"- ","- ",,,"SAN DIEGO","SAN DIEGO",-117.11839479,32.680368039999998
6716256,2014,2015-05-28,3711,2014-09-25,1730,4604,,4,5,7,3711,0,0,0,,0,115,"REGENTS RD","REGENTS RD 9100",0.00,,Y,-,-,N,,,,,,,,,,N,4,0,1,1,A,-,"- ",,,N,-,-,A,-,-,-,-,-,0,,Y,,,Y,,-,"- ",0,0,1,0,0,0,1,0,0,"- ","- ",,,"SAN DIEGO","SAN DIEGO",,
6718803,2014,2015-01-13,3711,2014-11-11,1421,7183,,2,5,7,3711,0,0,0,,0,006,"NIMITZ BL",LOMA,1584.00,S,N,A,-,N,,,,,,,,,,N,4,0,1,2,A,-,08,22107,,N,B,G,A,A,H,-,A,D,0,,Y,,,Y,,L,04,0,0,1,0,0,0,1,0,0,"- ","- ",,,"SAN DIEGO","SAN DIEGO",,
6718948,2014,2015-01-09,3711,2014-11-09,2023,7079,,7,5,7,3711,0,0,0,,0,122,"HORNBLEND ST","FANUEL ST",0.00,,Y,A,-,N,,,,,,,,,,N,3,0,1,2,A,-,09,21802,A,F,D,G,A,A,H,-,D,D,0,,Y,,,Y,Y,L,04,0,1,0,0,0,0,1,0,0,"- ","- ",,,"SAN DIEGO","SAN DIEGO",-117.24607009,32.79761002
6718952,2014,2015-01-09,3711,2014-11-14,0730,5521,SANDI,5,5,7,3711,0,0,0,,0,B233,"BIKE PATH ALONG RT 56","BLACK MOUNTAIN RD",3168.00,W,N,B,-,N,,,,,,,,,,N,3,0,1,1,A,-,08,22107,,N,E,I,A,A,H,-,A,D,0,,Y,,,Y,,L,04,0,1,0,0,0,0,1,0,0,"- ","- ",,,"SAN DIEGO","SAN DIEGO",,
6719394,2014,2015-01-14,3711,2014-11-07,0840,HB4132,,5,5,7,3711,0,0,0,,0,504,"NORTH HARBOR DR",BROADWAY,560.00,S,N,A,-,N,,,,,,,,,,N,3,0,1,2,A,-,05,21651,A,N,F,A,A,-,H,-,A,D,0,,Y,,Y,Y,,F,25,0,1,0,0,0,0,1,0,0,"- ","- ",,,"SAN DIEGO","SAN DIEGO",-117.17306307,32.71417014
6720346,2014,2014-12-04,3711,2014-09-27,2038,6702,,6,5,7,3711,0,0,0,,0,528,"INDIA ST","W IVY ST",0.00,,Y,A,-,N,,,,,,,,,,N,4,0,1,2,A,-,08,22107,,N,B,G,A,A,H,-,D,D,0,,Y,,,Y,Y,L,04,0,0,1,0,0,0,1,0,0,"- ","- ",,,"SAN DIEGO","SAN DIEGO",-117.16983007,32.727380089999997
6720540,2014,2015-01-09,3711,2014-11-04,0902,7185,,2,5,7,3711,0,0,0,,0,613,"SANTA MONICA",FROUDE,0.00,,Y,A,-,N,,,,,,,,,,N,3,0,1,2,A,-,12,22450,A,N,D,G,A,A,H,-,A,D,0,,Y,,,Y,,L,04,0,1,0,0,0,0,1,0,0,"- ","- ",,,"SAN DIEGO","SAN DIEGO",-117.24339999999999,32.743430029999999