CASE_ID,ACCIDENT_YEAR,PROC_DATE,JURIS,COLLISION_DATE,COLLISION_TIME,OFFICER_ID,REPORTING_DISTRICT,DAY_OF_WEEK,CHP_SHIFT,POPULATION,CNTY_CITY_LOC,SPECIAL_COND,BEAT_TYPE,CHP_BEAT_TYPE,CITY_DIVISION_LAPD,CHP_BEAT_CLASS,BEAT_NUMBER,PRIMARY_RD,SECONDARY_RD,DISTANCE,DIRECTION,INTERSECTION,WEATHER_1,WEATHER_2,STATE_HWY_IND,CALTRANS_COUNTY,CALTRANS_DISTRICT,STATE_ROUTE,ROUTE_SUFFIX,POSTMILE_PREFIX,POSTMILE,LOCATION_TYPE,RAMP_INTERSECTION,SIDE_OF_HWY,TOW_AWAY,COLLISION_SEVERITY,NUMBER_KILLED,NUMBER_INJURED,PARTY_COUNT,PRIMARY_COLL_FACTOR,PCF_CODE_OF_VIOL,PCF_VIOL_CATEGORY,PCF_VIOLATION,PCF_VIOL_SUBSECTION,HIT_AND_RUN,TYPE_OF_COLLISION,MVIW,PED_ACTION,ROAD_SURFACE,ROAD_COND_1,ROAD_COND_2,LIGHTING,CONTROL_DEVICE,CHP_ROAD_TYPE,PEDESTRIAN_ACCIDENT,BICYCLE_ACCIDENT,MOTORCYCLE_ACCIDENT,TRUCK_ACCIDENT,NOT_PRIVATE_PROPERTY,ALCOHOL_INVOLVED,STWD_VEHTYPE_AT_FAULT,CHP_VEHTYPE_AT_FAULT,COUNT_SEVERE_INJ,COUNT_VISIBLE_INJ,COUNT_COMPLAINT_PAIN,COUNT_PED_KILLED,COUNT_PED_INJURED,COUNT_BICYCLIST_KILLED,COUNT_BICYCLIST_INJURED,COUNT_MC_KILLED,COUNT_MC_INJURED,PRIMARY_RAMP,SECONDARY_RAMP,LATITUDE,LONGITUDE,COUNTY,CITY,POINT_X,POINT_Y
6721779,2014,2015-01-13,3711,2014-11-22,1520,6339,,6,5,7,3711,0,0,0,,0,243,"ARJONS DR",DUNBROOK,26.00,W,N,A,-,N,,,,,,,,,,N,2,0,1,2,A,-,08,22107,,N,D,G,A,A,H,-,A,D,0,,Y,,,Y,,-,,1,0,0,0,0,0,1,0,0,"- ","- ",,,"SAN DIEGO","SAN DIEGO",-117.15045919000001,32.894119189999998
6721787,2014,2015-01-13,3711,2014-11-21,0918,7085,SANDI,5,5,7,3711,0,0,0,,0,,"BALBOA AV","MT ABERTINE",303.00,E,N,B,-,N,,,,,,,,,,N,3,0,1,2,A,-,05,21650,1,N,G,G,A,B,H,-,A,D,0,,Y,,,Y,,L,04,0,1,0,0,0,0,1,0,0,"- ","- ",,,"SAN DIEGO","SAN DIEGO",-117.17052700000001,32.820236029999997
6721807,2014,2015-01-13,3711,2014-11-22,1500,6143,,6,5,7,3711,0,0,0,,0,521,"16TH ST","RUSS ST",200.00,S,N,A,-,N,,,,,,,,,,N,3,0,1,1,A,-,03,22350,,N,H,-,A,A,H,-,A,D,0,,Y,,,Y,,L,04,0,1,0,0,0,0,1,0,0,"- ","- ",,,"SAN DIEGO","SAN DIEGO",-117.14953490000001,32.718842709999997
6727548,2014,2015-01-15,3711,2014-11-29,1053,7122,,6,5,7,3711,0,0,0,,0,611,"ROSECRANS ST","MOORE ST",42.00,N,N,A,-,N,,,,,,,,,,N,3,0,1,1,A,-,08,22107,,N,F,I,A,A,G,-,A,D,0,,Y,,,Y,Y,L,04,0,1,0,0,0,0,1,0,0,"- ","- ",,,"SAN DIEGO","SAN DIEGO",-117.20245857,32.753942209999998
6727929,2014,2015-01-14,3711,2014-11-25,1016,5491,SANDI,2,5,7,3711,0,0,0,,0,521,BROADWAY,"16TH ST",96.00,E,N,A,-,N,,,,,,,,,,N,3,0,1,1,A,-,03,22350,,N,H,-,A,A,H,-,A,D,0,,Y,,,Y,,L,04,0,1,0,0,0,0,1,0,0,"- ","- ",,,"SAN DIEGO","SAN DIEGO",-117.14915892,32.71575
6727935,2014,2015-01-15,3711,2014-11-24,1744,5901,,1,5,7,3711,0,0,0,,0,627,"ROBINSON AV","7TH AV",10.00,E,N,A,-,N,,,,,,,,,,N,4,0,1,2,A,-,09,21801,A,N,D,J,A,A,H,-,B,A,0,,Y,,,Y,,-,,0,0,1,0,0,0,1,0,0,"- ","- ",,,"SAN DIEGO","SAN DIEGO",-117.15834759000001,32.746940279999997
6727951,2014,2015-01-15,3711,2014-11-23,1337,7158,,7,5,7,3711,0,0,0,,0,326,"MONTEZUMA RD","YERBA SANTA DR",153.00,W,N,A,-,N,,,,,,,,,,N,4,0,1,1,C,-,18,,,N,H,A,A,-,H,-,A,D,0,,Y,,,Y,,-,"- ",0,0,1,0,0,0,1,0,0,"- ","- ",,,"SAN DIEGO","SAN DIEGO",-117.08492342,32.770591680000003
6727962,2014,2015-01-15,3711,2014-11-25,1709,4116,,2,5,7,3711,0,0,0,,0,326,"MONTEZUMA RD","GARY ST",299.00,W,N,A,-,N,,,,,,,,,,N,3,0,1,2,A,-,08,22107,,N,B,E,A,A,H,-,C,D,0,,Y,,,Y,Y,L,04,0,1,0,0,0,0,1,0,0,"- ","- ",,,"SAN DIEGO","SAN DIEGO",-117.06159621,32.76994792
6727973,2014,2015-01-14,3711,2014-11-30,1212,5985,,7,5,7,3711,0,0,0,,0,524,"E ST","7TH AV",20.00,E,N,A,-,N,,,,,,,,,,N,3,0,1,1,C,-,18,,,N,H,A,A,A,H,-,A,D,0,,Y,,,Y,,-,"- ",0,1,0,0,0,0,1,0,0,"- ","- ",,,"SAN DIEGO","SAN DIEGO",-117.15827519,32.714680000000001
6727975,2014,2015-01-15,3711,2014-11-23,1632,7176,,7,5,7,3711,0,0,0,,0,436,"IMPERIAL AV","68TH ST",1227.00,E,N,A,-,N,,,,,,,,,,N,4,0,1,2,A,-,09,21804,A,N,D,G,A,A,H,-,A,D,0,,Y,,,Y,Y,A,07,0,0,1,0,0,0,1,0,0,"- ","- ",,,"SAN DIEGO","SAN DIEGO",-117.04781846,32.713371780000003
6731693,2014,2015-01-30,3711,2014-12-03,1015,7211,,3,5,7,3711,0,0,0,,0,242,"CAMINO RUIZ","GOLD COAST DR",240.00,N,N,B,C,N,,,,,,,,,,N,3,0,1,2,A,-,09,21804,A,N,D,G,A,B,H,-,A,A,0,,Y,,,Y,,-,,0,1,0,0,0,0,1,0,0,"- ","- ",,,"SAN DIEGO","SAN DIEGO",-117.14615836,32.905986370000001
6731717,2014,2015-01-30,3711,2014-12-07,1721,6800,,7,5,7,3711,0,0,0,,0,627,"VERMONT ST","RICHMOND ST",0.00,,Y,A,-,N,,,,,,,,,,N,4,0,1,2,A,-,09,21802,A,N,B,G,A,A,H,-,C,A,0,,Y,,,Y,,-,,0,0,1,0,0,0,1,0,0,"- ","- ",,,"SAN DIEGO","SAN DIEGO",,
6731842,2014,2015-01-29,3711,2014-12-10,1300,7065,,3,5,7,3711,0,0,0,,0,825,"FAIRMOUNT AV","ALVARADO CYN RD",96.00,S,N,A,-,N,,,,,,,,,,N,4,0,1,2,A,-,08,22107,,N,D,G,A,A,H,-,A,D,0,,Y,,,Y,,L,04,0,0,1,0,0,0,1,0,0,"- ","- ",,,"SAN DIEGO","SAN DIEGO",-117.10161981,32.779949029999997
6731857,2014,2015-01-30,3711,2014-12-09,1600,6339,,2,5,7,3711,0,0,0,,0,242,"GOLD COAST DR","WESTCHESTER AV",150.00,W,N,A,-,N,,,,,,,,,,N,4,0,1,2,A,-,08,22107,,N,H,G,A,A,H,-,A,D,0,,Y,,,Y,Y,L,04,0,0,1,0,0,0,1,0,0,"- ","- ",,,"SAN DIEGO","SAN DIEGO",-117.12760704,32.905365869999997
6731885,2014,2015-02-17,3711,2014-12-05,1015,6284,839,5,5,7,3711,0,0,0,,0,,"UNIVERSITY AV",CHEROKEE,3.00,W,N,B,-,N,,,,,,,,,,N,4,0,1,2,A,-,05,21650,1,N,D,G,A,A,H,-,A,D,0,,Y,,,Y,,L,04,0,0,1,0,0,0,1,0,0,"- ","- ",,,"SAN DIEGO","SAN DIEGO",-117.11434972000001,32.749720160000003
6731917,2014,2015-02-03,3711,2014-12-07,1800,7097,,7,5,7,3711,0,0,0,,0,721,"PALM AV","RT 5",0.00,,Y,A,-,Y,,,,,,,,,,N,4,0,1,2,A,-,10,21950,A,N,H,G,A,A,H,-,C,A,0,,Y,,,Y,,-,,0,0,1,0,0,0,1,0,0,"- ",SF,,,"SAN DIEGO","SAN DIEGO",-117.08753009,32.583910039999999
6732484,2014,2015-02-09,3711,2014-12-02,1045,7056,,2,5,7,3711,0,0,0,,0,432,"ENCINA DR","SANTA ISABEL DR",285.00,E,N,B,C,N,,,,,,,,,,N,3,0,1,2,A,-,05,21202,A,N,B,G,A,B,H,-,A,D,0,,Y,,,Y,,L,04,0,1,0,0,0,0,1,0,0,"- ","- ",,,"SAN DIEGO","SAN DIEGO",-117.07796102,32.697279199999997
6732711,2014,2015-01-16,3711,2014-11-15,1356,7223,,6,5,7,3711,0,0,0,,0,527,"CEDAR ST","PACIFIC HWY",103.00,E,N,A,-,N,,,,,,,,,,N,3,0,1,1,A,-,"- ",,,N,E,I,A,A,H,-,A,D,0,,Y,,,Y,,L,04,0,1,0,0,0,0,1,0,0,"- ","- ",,,"SAN DIEGO","SAN DIEGO",-117.17071632,32.72195275
6737898,2014,2015-01-29,3711,2014-12-01,0800,4923,,1,5,7,3711,0,0,0,,0,233,"ELLINGHAM ST","SPARREN  AV",0.00,,Y,A,-,N,,,,,,,,,,N,4,0,1,2,A,-,09,21802,A,N,D,G,A,A,H,-,A,A,0,,Y,,,Y,,L,04,0,0,1,0,0,0,1,0,0,"- ","- ",,,"SAN DIEGO","SAN DIEGO",-117.13706003,32.964600099999998
6738668,2014,2015-01-29,3711,2014-12-04,1136,7169,,4,5,7,3711,0,0,0,,0,623,"HOTEL CIRCLE SOUTH","HOTEL CIRCLE CT",153.00,W,N,A,-,N,,,,,,,,,,N,4,0,1,2,A,-,05,21650,1,N,B,G,A,A,H,-,A,D,0,,Y,,,Y,,L,04,0,0,1,0,0,0,1,0,0,"- ","- ",,,"SAN DIEGO","SAN DIEGO",-117.1747463,32.75917733
6738965,2014,2015-01-29,3711,2014-11-22,1700,8824,SANDI,6,5,7,3711,0,0,0,,0,623,"FRIARS RD","NAPA ST",12.00,W,N,A,-,N,,,,,,,,,,N,4,0,1,1,A,-,08,22107,,N,H,G,A,A,H,-,C,A,0,,Y,,,Y,,L,04,0,0,1,0,0,0,1,0,0,"- ","- ",,,"SAN DIEGO","SAN DIEGO",-117.19527686000001,32.763459470000001
6748060,2014,2015-01-26,3711,2014-11-29,2035,6366,,6,5,7,3711,0,0,0,,0,451,"EUCLID LN","FEDERAL BL",0.00,,Y,A,-,N,,,,,,,,,,N,3,0,1,2,A,-,05,21650,1,N,D,G,A,A,H,-,C,A,0,,Y,,,Y,,L,04,0,1,0,0,0,0,1,0,0,"- ","- ",,,"SAN DIEGO","SAN DIEGO",-117.08495001,32.721420090000002
6749068,2014,2015-01-30,3711,2014-12-14,1240,6717,,7,5,7,3711,0,0,0,,0,523,BROADWAY,"5TH AV",39.00,E,N,A,-,N,,,,,,,,,,N,4,0,1,2,A,-,08,22107,,M,B,G,A,A,H,-,A,A,0,,Y,,,Y,,-,99,0,0,1,0,0,0,1,0,0,"- ","- ",,,"SAN DIEGO","SAN DIEGO",-117.16002362,32.715710000000001
6750333,2014,2015-01-29,3711,2014-12-18,1250,6701,,4,5,7,3711,0,0,0,,0,935,"SAN DIEGUITO RD","CAMINITO PACIFICA",2640.00,E,N,A,-,N,,,,,,,,,,N,3,0,1,1,A,-,03,22350,,N,H,-,A,A,B,-,A,D,0,,Y,,,Y,,L,04,0,1,0,0,0,0,1,0,0,"- ","- ",,,"SAN DIEGO","SAN DIEGO",-117.2147672,32.975013079999997
6750334,2014,2015-01-29,3711,2014-12-20,1600,6863,,6,5,7,3711,0,0,0,,0,935,"VIA DE LA VALLE","EL CAMINIO REAL",72.00,E,N,B,-,N,,,,,,,,,,N,3,0,1,2,A,-,"- ",,,M,H,G,A,A,H,-,A,D,0,,Y,,,Y,,-,"- ",0,1,0,0,0,0,1,0,0,"- ","- ",,,"SAN DIEGO","SAN DIEGO",-117.23024977,32.982755419999997
6750377,2014,2015-01-29,3711,2014-12-21,0915,5762,,7,5,7,3711,0,0,0,,0,322,"WARING RD","ZION AV",0.00,,Y,A,-,N,,,,,,,,,,N,3,0,1,2,A,-,04,21703,,N,C,G,A,A,H,-,A,-,0,,Y,,,Y,,L,04,0,1,0,0,0,0,1,0,0,"- ","- ",,,"SAN DIEGO","SAN DIEGO",-117.08065001,32.792740000000002
6750381,2014,2015-01-29,3711,2014-12-19,1500,7104,234,5,5,7,3711,0,0,0,,0,,"LOMICA DR","BERNARDO OAKS",24.00,E,N,B,-,N,,,,,,,,,,,4,0,1,1,A,-,03,22349,,N,H,G,A,A,H,-,A,D,0,,Y,,,Y,Y,L,04,0,0,1,0,0,0,1,0,0,"- ","- ",,,"SAN DIEGO","SAN DIEGO",-117.06371046,33.009590199999998
6750386,2014,2015-01-29,3711,2014-12-16,0920,6784,,2,5,7,3711,0,0,0,,0,524,"WEST BROADWAY","W BROADWAY 400",20.00,S,N,A,-,N,,,,,,,,,,N,4,0,1,2,A,-,08,22107,,N,E,I,A,A,H,-,A,D,0,,Y,,,Y,,L,04,0,0,1,0,0,0,0,0,0,"- ","- ",,,"SAN DIEGO","SAN DIEGO",,
6767076,2014,2015-02-05,3711,2014-12-24,1341,6812,,3,5,7,3711,0,0,0,,0,111,"BALBOA AV","MOUNT ABERNATHY AV",0.00,,Y,A,-,N,,,,,,,,,,N,4,0,1,2,A,-,10,21950,A,M,D,G,A,A,H,-,A,A,0,,Y,,,Y,,-,,0,0,1,0,0,0,1,0,0,"- ","- ",,,"SAN DIEGO","SAN DIEGO",-117.17614002000001,32.820390019999998
6767079,2014,2015-02-05,3711,2014-12-24,1026,6104,,3,5,7,3711,0,0,0,,0,611,"ROSECRANS ST","LYTTON ST",36.00,N,N,A,-,N,,,,,,,,,,N,3,0,1,2,A,-,08,22107,,N,D,G,A,A,H,-,A,A,0,,Y,,,Y,,-,,0,1,0,0,0,0,1,0,0,"- ","- ",,,"SAN DIEGO","SAN DIEGO",-117.21253267,32.744400560000003
6767087,2014,2015-02-05,3711,2014-12-19,1102,5627,,5,5,7,3711,0,0,0,,0,124,"EADS AV","PEARL ST",70.00,S,N,A,-,N,,,,,,,,,,N,3,0,1,2,A,-,09,21804,A,N,D,G,A,A,H,-,A,D,0,,Y,,,Y,,-,,0,1,0,0,0,0,1,0,0,"- ","- ",,,"SAN DIEGO","SAN DIEGO",-117.27484883,32.839765300000003
6767095,2014,2015-02-05,3711,2014-12-23,1450,7222,SANDI,2,5,7,3711,0,0,0,,0,114,"MERRIMAC AV","CLAIREMONT DR",9.00,N,N,A,-,N,,,,,,,,,,N,3,0,1,2,A,-,17,21208,A,N,D,G,A,A,H,-,A,A,0,,Y,,,Y,,L,04,0,1,0,0,0,0,1,0,0,"- ","- ",,,"SAN DIEGO","SAN DIEGO",-117.20273598999999,32.833300629999997
6767096,2014,2015-02-05,3711,2014-12-19,1630,8861,SANDI,5,5,7,3711,0,0,0,,0,624,"TEXAS ST","EL CAJON BL",0.00,,Y,A,-,N,,,,,,,,,,N,3,0,1,2,A,-,10,21950,A,M,H,G,A,A,H,-,A,A,0,,Y,,,Y,,-,,0,1,0,0,0,0,1,0,0,"- ","- ",,,"SAN DIEGO","SAN DIEGO",-117.13885012,32.755380010000003
6767252,2014,2015-02-03,3711,2014-12-24,2245,6560,50,3,5,7,3711,0,0,0,,0,627,"6TH AV","6TH AV 3795",0.00,,N,A,-,N,,,,,,,,,,N,3,0,1,1,D,-,00,,,N,H,A,A,A,H,-,C,D,0,,Y,,,Y,,-,"- ",0,1,0,0,0,0,1,0,0,"- ","- ",,,"SAN DIEGO","SAN DIEGO",-117.15951920000001,32.74668011
6767319,2014,2015-02-03,3711,2014-12-22,0835,7077,SANDI,1,5,7,3711,0,0,0,,0,,"CAMINO RUIZ","CAMINO RUIZ 10800",3.00,E,N,A,-,N,,,,,,,,,,N,3,0,1,2,A,-,12,21453,A,N,D,G,A,A,H,-,A,A,0,,Y,,,Y,,L,04,0,1,0,0,0,0,1,0,0,"- ","- ",,,"SAN DIEGO","SAN DIEGO",,
6771050,2014,2015-02-10,3711,2014-12-26,0950,7212,,5,5,7,3711,0,0,0,,0,614,"SANTA MONICA AV","CABLE ST",130.00,E,N,A,-,N,,,,,,,,,,N,4,0,1,1,A,-,03,22350,,N,H,G,A,A,H,-,A,D,0,,Y,,,Y,,L,04,0,0,1,0,0,0,1,0,0,"- ","- ",,,"SAN DIEGO","SAN DIEGO",-117.24825724999999,32.746432759999998
6771117,2014,2015-02-10,3711,2014-12-29,0945,7077,"SAN D",1,5,7,3711,0,0,0,,0,243,"MIRAMAR RD","COMMERCE AV",528.00,E,N,A,-,N,,,,,,,,,,N,3,0,2,2,A,-,17,21461,A,N,E,A,A,A,G,-,A,D,0,,Y,,,Y,,L,04,0,2,0,0,0,0,2,0,0,"- ","- ",,,"SAN DIEGO","SAN DIEGO",-117.16662865000001,32.878520530000003
6774507,2015,2015-02-27,3711,2015-01-05,1626,7031,SD,1,5,7,3711,0,0,0,,0,122,"GARNET AV","EVERTS ST",0.00,,Y,A,-,N,,,,,,,,,,N,4,0,1,2,A,-,09,21801,A,N,D,G,A,A,H,-,A,A,0,,Y,,,Y,,-,"- ",0,0,1,0,0,0,1,0,0,"- ","- ",,,"SAN DIEGO","SAN DIEGO",-117.24817011,32.798140099999998
6774508,2015,2015-02-20,3711,2015-01-05,1937,7186,3711,1,5,7,3711,0,0,0,,0,529,"ASH ST","2ND AV",0.00,,Y,A,-,N,,,,,,,,,,N,4,0,1,2,A,-,09,21801,A,N,G,G,A,A,H,-,C,A,0,,Y,,,Y,,-,,0,0,1,0,0,0,1,0,0,"- ","- ",,,"SAN DIEGO","SAN DIEGO",-117.16294000000001,32.71988005
6775032,2015,2015-02-19,3711,2015-01-04,1001,5652,SANDI,7,5,7,3711,0,0,0,,0,242,"BLACK MOUNTAIN RD","BABAUTA RD",14.00,N,N,A,-,N,,,,,,,,,,N,3,0,1,2,A,-,09,21801,A,N,A,G,A,A,H,-,A,D,0,,Y,,,Y,,A,01,0,1,0,0,0,0,1,0,0,"- ","- ",,,"SAN DIEGO","SAN DIEGO",-117.12605859,32.935575
6775036,2015,2015-02-19,3711,2015-01-03,1033,4220,,6,5,7,3711,0,0,0,,0,614,"CABLE ST","CABLE ST 1783",0.00,,N,A,-,N,,,,,,,,,,N,4,0,1,2,A,-,"- ",,,M,B,G,A,A,H,-,A,-,0,,Y,,,Y,,-,,0,0,1,0,0,0,1,0,0,"- ","- ",,,"SAN DIEGO","SAN DIEGO",-117.25098251999999,32.743839100000002
6775180,2015,2015-02-20,3711,2015-01-03,1710,5312,,6,5,7,3711,0,0,0,,0,517,"19TH ST","B ST",0.00,,Y,A,-,N,,,,,,,,,,N,3,0,1,2,A,-,12,21453,A,N,D,G,A,A,H,-,C,A,0,,Y,,,Y,,L,04,0,1,0,0,0,0,1,0,0,"- ","- ",,,"SAN DIEGO","SAN DIEGO",-117.14677007,32.717870009999999
6781103,2014,2015-02-10,3711,2014-12-08,1515,5876,WESTE,1,5,7,3711,0,0,0,,0,611,"ROSECRANS ST","ROSECRANS ST 3350",0.00,,Y,A,-,N,,,,,,,,,,N,3,0,1,2,A,-,09,21804,A,N,-,G,A,A,H,-,A,A,0,,Y,,,Y,Y,L,04,0,1,0,0,0,0,1,0,0,"- ","- ",,,"SAN DIEGO","SAN DIEGO",,
6781324,2015,2015-02-19,3711,2015-01-14,1830,4523,,3,5,7,3711,0,0,0,,0,111,"DERRICK DR","BALBOA ARMS DR",0.00,,Y,A,-,N,,,,,,,,,,N,3,0,1,2,A,-,09,21801,A,N,D,G,A,-,H,-,C,D,0,,Y,,,Y,,-,,0,1,0,0,0,0,1,0,0,"- ","- ",,,"SAN DIEGO","SAN DIEGO",-117.18302005,32.824000040000001
6781346,2015,2015-02-18,3711,2015-01-14,1710,4507,,3,5,7,3711,0,0,0,,0,124,"LA JOLLA MESA DR","BAJA MAR",6.00,N,N,A,-,N,,,,,,,,,,N,3,0,1,2,A,-,08,22107,,N,B,G,A,A,H,-,B,D,0,,Y,,,Y,,-,,0,1,0,0,0,0,1,0,0,"- ","- ",,,"SAN DIEGO","SAN DIEGO",-117.25939522,32.818660690000002
6781736,2015,2015-02-24,3711,2015-01-14,0751,5628,,3,5,7,3711,0,0,0,,0,315,"CAMINO DE LA REINA","PARK IN THE VALLEY DRIVEWAY",0.00,,Y,A,-,N,,,,,,,,,,N,4,0,1,2,A,-,09,21453,B,N,D,G,A,A,H,-,A,A,0,,Y,,Y,Y,,G,25,0,0,1,0,0,0,1,0,0,"- ","- ",,,"SAN DIEGO","SAN DIEGO",,
6782392,2015,2015-02-19,3711,2015-01-03,2013,4051,,6,5,7,3711,0,0,0,,0,824,"47TH ST","MEADE AV",147.00,S,N,A,-,N,,,,,,,,,,N,4,0,1,2,A,-,14,21201,D,N,H,G,A,A,H,-,C,D,0,,Y,,,Y,,L,04,0,0,1,0,0,0,1,0,0,"- ","- ",,,"SAN DIEGO","SAN DIEGO",-117.09294543999999,32.756557370000003
6782782,2015,2015-02-27,3711,2015-01-03,1155,6403,SD,6,5,7,3711,0,0,0,,0,242,"CAMINO RUIZ","CARROLL CANYON",528.00,N,N,A,-,N,,,,,,,,,,N,3,0,1,1,A,-,08,22107,,N,F,-,A,A,H,-,A,D,0,,Y,,,Y,,-,"- ",0,1,0,0,0,0,1,0,0,"- ","- ",,,"SAN DIEGO","SAN DIEGO",-117.14202951999999,32.899319759999997
6784132,2015,2015-02-18,3711,2015-01-07,2150,5051,,3,5,7,3711,0,0,0,,0,613,"WEST POINT LOMA BL","NIMITZ BL",0.00,,Y,A,-,N,,,,,,,,,,N,3,0,1,1,A,-,03,22350,,N,E,-,A,A,A,-,C,A,0,,Y,,,Y,Y,L,04,0,1,0,0,0,0,1,0,0,"- ","- ",,,"SAN DIEGO","SAN DIEGO",-117.23612006,32.751240009999997
6784173,2015,2015-02-23,3711,2015-01-05,1548,5417,,1,5,7,3711,0,0,0,,0,243,"CAMINO RUIZ","MIRALANI DR",0.00,,Y,A,-,N,,,,,,,,,,N,3,0,1,2,A,-,12,21453,A,N,D,G,A,A,H,-,A,A,0,,Y,,,Y,,L,04,0,1,0,0,0,0,1,0,0,"- ","- ",,,"SAN DIEGO","SAN DIEGO",-117.13637005,32.896770050000001
6784601,2014,2015-01-29,3711,2014-09-02,1827,6772,SANDI,2,5,7,3711,0,0,0,,0,831,"ORANGE AV","HIGHLAND AV",5.40,E,N,A,-,N,,,,,,,,,,N,3,0,1,1,A,-,08,22107,,N,H,A,A,A,H,-,A,A,0,,Y,,,Y,,-,"- ",0,1,0,0,0,0,1,0,0,"- ","- ",,,"SAN DIEGO","SAN DIEGO",-117.09867250000001,32.753140170000002
6785303,2015,2015-02-19,3711,2015-01-08,2004,6483,,4,5,7,3711,0,0,0,,0,824,"EL CAJON BL","47TH ST",0.00,,Y,A,-,N,,,,,,,,,,N,3,0,1,2,A,-,09,21801,A,N,D,G,A,A,H,-,C,A,0,,Y,,,Y,,-,,0,1,0,0,0,0,1,0,0,"- ","- ",,,"SAN DIEGO","SAN DIEGO",-117.09327001,32.755910030000003
6785319,2015,2015-02-19,3711,2015-01-04,1138,6994,,7,5,7,3711,0,0,0,,0,441,"NATIONAL AV","S 40TH ST",219.00,E,N,A,-,N,,,,,,,,,,N,3,0,1,2,A,-,05,21650,1,N,G,B,A,A,H,-,A,D,0,,Y,,,Y,,L,04,0,1,0,0,0,0,1,0,0,"- ","- ",,,"SAN DIEGO","SAN DIEGO",-117.10745057,32.696072569999998
6786075,2014,2015-02-18,3711,2014-12-30,0815,6930,,2,5,7,3711,0,0,0,,0,,"PACIFIC HWY","WEST BROADWAY",280.00,N,N,A,-,N,,,,,,,,,,N,3,0,1,2,A,-,08,22107,,N,H,G,A,A,H,-,A,D,0,,Y,,,Y,,-,"- ",0,1,0,0,0,0,1,0,0,"- ","- ",,,"SAN DIEGO","SAN DIEGO",-117.17104999999999,32.71655672
6790019,2015,2015-02-20,3711,2015-01-12,1630,6009,EASTE,1,5,7,3711,0,0,0,,0,313,"RUFFIN RD",AERO,2640.00,N,N,A,-,N,,,,,,,,,,N,4,0,1,2,A,-,"- ",,,N,D,G,A,A,H,-,A,A,0,,Y,,,Y,,L,04,0,0,1,0,0,0,1,0,0,"- ","- ",,,"SAN DIEGO","SAN DIEGO",-117.12974,32.80988
6790190,2015,2015-02-24,3711,2015-01-07,1223,7143,,3,5,7,3711,0,0,0,,0,932,"NORTH TORREY PINES RD","CARMEL VALLEY RD",2112.00,S,N,A,-,N,,,,,,,,,,N,3,0,1,2,A,-,03,22350,,N,C,G,A,A,H,-,A,D,0,,Y,,,Y,,L,04,0,1,0,0,0,0,1,0,0,"- ","- ",,,"SAN DIEGO","SAN DIEGO",-117.26123,32.938180000000003
6792076,2014,2015-03-07,3711,2014-12-25,1530,6167,SD,4,5,7,3711,0,0,0,,0,123,"EAST MISSION BAY DR","CLAIREMONT DR",0.00,,Y,A,-,N,,,,,,,,,,N,3,0,1,1,A,-,12,22450,A,N,F,A,A,A,A,-,B,D,0,,Y,,,Y,,L,04,0,1,0,0,0,0,1,0,0,"- ","- ",,,"SAN DIEGO","SAN DIEGO",-117.20919010999999,32.790310050000002
6792622,2015,2015-02-25,3711,2015-01-15,1850,7200,,4,5,7,3711,0,0,0,,0,625,"TWIGGS ST","JUAN ST",30.00,W,N,A,-,N,,,,,,,,,,N,4,0,1,2,A,-,09,21801,A,N,D,G,A,A,H,-,C,D,0,,Y,,,Y,,-,,0,0,1,0,0,0,1,0,0,"- ","- ",,,"SAN DIEGO","SAN DIEGO",-117.19489733,32.754403609999997
6792631,2015,2015-02-25,3711,2015-01-14,1830,4840,,3,5,7,3711,0,0,0,,0,611,"HISTORIC DECATUR RD","ROOSEVELT RD",532.00,S,N,A,-,N,,,,,,,,,,N,3,0,1,2,A,-,09,21801,A,N,A,G,A,A,-,-,C,D,0,,Y,,,Y,,-,,0,1,0,0,0,0,1,0,0,"- ","- ",,,"SAN DIEGO","SAN DIEGO",-117.21508910999999,32.735955789999998
6793546,2015,2015-02-23,3711,2015-01-20,1705,6276,,2,5,7,3711,0,0,0,,0,529,"STATE ST","MAPLE ST",0.00,,Y,A,-,N,,,,,,,,,,N,3,0,1,2,A,-,08,22103,,N,-,G,A,A,H,-,A,D,0,,Y,,,Y,,-,,0,1,0,0,0,0,1,0,0,"- ","- ",,,"SAN DIEGO","SAN DIEGO",-117.16986004,32.731770019999999
6795804,2015,2016-04-07,3711,2015-01-21,1655,6704,,3,5,7,3711,0,0,0,,0,627,"UNIVERSITY AV","10TH AV",162.00,E,N,A,-,N,,,,,,,,,,N,3,0,1,1,A,-,08,22107,,N,E,J,A,A,A,-,A,D,0,,Y,,,Y,,L,04,0,1,0,0,0,0,1,0,0,"- ","- ",,,"SAN DIEGO","SAN DIEGO",,
6795808,2015,2015-02-23,3711,2015-01-22,1745,7016,MC,4,5,7,3711,0,0,0,,0,839,"UNIVERSITY AV","37TH ST",120.00,W,N,A,-,N,,,,,,,,,,N,3,0,1,2,A,-,06,21750,,N,H,G,A,A,H,-,C,D,0,,Y,,,Y,,L,04,0,1,0,0,0,0,1,0,0,"- ","- ",,,"SAN DIEGO","SAN DIEGO",-117.11349898,32.74973