CASE_ID,ACCIDENT_YEAR,PROC_DATE,JURIS,COLLISION_DATE,COLLISION_TIME,OFFICER_ID,REPORTING_DISTRICT,DAY_OF_WEEK,CHP_SHIFT,POPULATION,CNTY_CITY_LOC,SPECIAL_COND,BEAT_TYPE,CHP_BEAT_TYPE,CITY_DIVISION_LAPD,CHP_BEAT_CLASS,BEAT_NUMBER,PRIMARY_RD,SECONDARY_RD,DISTANCE,DIRECTION,INTERSECTION,WEATHER_1,WEATHER_2,STATE_HWY_IND,CALTRANS_COUNTY,CALTRANS_DISTRICT,STATE_ROUTE,ROUTE_SUFFIX,POSTMILE_PREFIX,POSTMILE,LOCATION_TYPE,RAMP_INTERSECTION,SIDE_OF_HWY,TOW_AWAY,COLLISION_SEVERITY,NUMBER_KILLED,NUMBER_INJURED,PARTY_COUNT,PRIMARY_COLL_FACTOR,PCF_CODE_OF_VIOL,PCF_VIOL_CATEGORY,PCF_VIOLATION,PCF_VIOL_SUBSECTION,HIT_AND_RUN,TYPE_OF_COLLISION,MVIW,PED_ACTION,ROAD_SURFACE,ROAD_COND_1,ROAD_COND_2,LIGHTING,CONTROL_DEVICE,CHP_ROAD_TYPE,PEDESTRIAN_ACCIDENT,BICYCLE_ACCIDENT,MOTORCYCLE_ACCIDENT,TRUCK_ACCIDENT,NOT_PRIVATE_PROPERTY,ALCOHOL_INVOLVED,STWD_VEHTYPE_AT_FAULT,CHP_VEHTYPE_AT_FAULT,COUNT_SEVERE_INJ,COUNT_VISIBLE_INJ,COUNT_COMPLAINT_PAIN,COUNT_PED_KILLED,COUNT_PED_INJURED,COUNT_BICYCLIST_KILLED,COUNT_BICYCLIST_INJURED,COUNT_MC_KILLED,COUNT_MC_INJURED,PRIMARY_RAMP,SECONDARY_RAMP,LATITUDE,LONGITUDE,COUNTY,CITY,POINT_X,POINT_Y
6795815,2015,2015-02-23,3711,2015-01-18,1346,3815,,7,5,7,3711,0,0,0,,0,121,"OCEAN FRONT WALK","EL CARMEL PL",0.00,,Y,A,-,N,,,,,,,,,,N,3,0,1,2,A,-,06,21750,,N,B,G,A,A,H,-,A,D,0,,Y,,,Y,,L,04,0,1,0,0,0,0,1,0,0,"- ","- ",,,"SAN DIEGO","SAN DIEGO",-117.25320006,32.778290089999999
6801935,2015,2015-02-18,3711,2015-01-22,0805,7175,,4,5,7,3711,0,0,0,,0,541,"IMPERIAL AV","11TH AV",27.00,W,N,A,-,N,,,,,,,,,,N,3,0,1,2,A,-,09,21801,A,N,D,G,A,A,H,-,A,A,0,,Y,,,Y,,-,,0,1,0,0,0,0,1,0,0,"- ","- ",,,"SAN DIEGO","SAN DIEGO",-117.15470374,32.706265049999999
6801940,2015,2015-02-18,3711,2015-01-21,1330,7198,,3,5,7,3711,0,0,0,,0,437,"BRIARWOOD RD","ALTA VIEW DR",0.00,,Y,A,-,N,,,,,,,,,,N,3,0,1,2,A,-,09,21804,A,N,D,G,A,A,H,-,A,A,0,,Y,,,Y,,L,04,0,1,0,0,0,0,1,0,0,"- ","- ",,,"SAN DIEGO","SAN DIEGO",-117.03183012,32.682830029999998
6802338,2015,2015-02-25,3711,2015-01-20,1139,5876,WESTE,2,5,7,3711,0,0,0,,0,622,"HOTEL CIRCLE NORTH","HOTEL CIRCLE NORTH 1660",0.00,,N,A,-,N,,,,,,,,,,N,3,0,1,2,A,-,05,21650,1,N,D,G,A,A,H,-,A,A,0,,Y,,,Y,,L,04,0,1,0,0,0,0,1,0,0,"- ","- ",,,"SAN DIEGO","SAN DIEGO",-117.17913866000001,32.759619170000001
6802341,2015,2015-02-25,3711,2015-01-18,1730,3815,,7,5,7,3711,0,0,0,,0,114,"CLAIREMONT MESA BL","ROLFE RD",0.00,,Y,A,-,N,,,,,,,,,,N,4,0,1,2,A,-,06,21755,,N,D,G,A,A,H,-,C,A,0,,Y,,,Y,,L,04,0,0,1,0,0,0,1,0,0,"- ","- ",,,"SAN DIEGO","SAN DIEGO",-117.20245001000001,32.82832003
6802347,2015,2015-02-25,3711,2015-01-25,1253,5929,,7,5,7,3711,0,0,0,,0,124,"CAM DE LA COSTA","CRESTA AV",276.00,W,N,A,-,N,,,,,,,,,,,3,0,1,1,A,-,03,22350,,N,F,A,A,A,H,-,A,D,0,,Y,,,Y,,L,04,0,1,0,0,0,0,1,0,0,"- ","- ",,,"SAN DIEGO","SAN DIEGO",-117.27617472,32.819184630000002
6802350,2015,2015-02-25,3711,2015-01-23,1533,6632,MCZ,5,5,7,3711,0,0,0,,0,832,"VAN DYKE AV","EL CAJON BL",7.00,S,N,A,-,N,,,,,,,,,,N,4,0,1,2,A,-,12,22450,A,N,D,G,A,A,H,-,A,D,0,,Y,,,Y,,-,,0,0,1,0,0,0,1,0,0,"- ","- ",,,"SAN DIEGO","SAN DIEGO",-117.10294,32.755200000000002
6802351,2015,2015-02-25,3711,2015-01-19,1730,7171,,1,5,7,3711,0,0,0,,0,611,"SPORTS ARENA BL",ROSECRANS,450.00,W,N,A,-,N,,,,,,,,,,N,3,0,1,2,A,-,05,21650,1,N,D,G,A,A,H,-,B,D,0,,Y,,,Y,,L,04,0,1,0,0,0,0,1,0,0,"- ","- ",,,"SAN DIEGO","SAN DIEGO",-117.20620536,32.752077960000001
6804456,2015,2016-04-07,3711,2015-01-15,2057,7174,,4,5,7,3711,0,0,0,,0,050,"MORENA BL","RT 8",0.00,,Y,A,-,N,,,,,,,,,,N,4,0,1,2,D,-,00,,,N,C,G,A,A,H,-,C,D,0,,Y,,,Y,,-,"- ",0,0,1,0,0,0,1,0,0,"- ","- ",,,"SAN DIEGO","SAN DIEGO",-117.19793009999999,32.760260039999999
6804913,2015,2015-03-03,3711,2015-01-24,1241,7079,124,6,5,7,3711,0,0,0,,0,124,"LA JOLLA BL","MARINE ST",100.00,N,N,A,-,N,,,,,,,,,,N,3,0,1,2,A,-,17,22517,,N,E,A,A,A,H,-,A,D,0,,Y,,,Y,,A,01,0,1,0,0,0,0,1,0,0,"- ","- ",,,"SAN DIEGO","SAN DIEGO",-117.27816066,32.83775069
6806137,2015,2015-02-24,3711,2015-01-19,1504,6000,,1,5,7,3711,0,0,0,,0,813,"BOUNDARY ST","ADAMS AV",0.00,,Y,A,-,N,,,,,,,,,,N,2,0,1,2,A,-,09,21801,A,N,D,G,A,A,H,-,A,D,0,,Y,,,Y,,A,01,1,0,0,0,0,0,1,0,0,"- ","- ",,,"SAN DIEGO","SAN DIEGO",-117.12823004000001,32.76289002
6806140,2015,2015-03-04,3711,2015-01-27,1500,3873,,2,5,7,3711,0,0,0,,0,712,"BEYER BL","DEL SUR BL",0.00,,Y,A,-,N,,,,,,,,,,N,3,0,1,2,-,-,"- ",,,M,D,G,A,A,H,-,A,A,0,,Y,,,Y,,-,"- ",0,1,0,0,0,0,1,0,0,"- ","- ",,,"SAN DIEGO","SAN DIEGO",-117.05593001,32.562870060000002
6806178,2015,2015-03-03,3711,2015-01-28,1613,6792,,3,5,7,3711,0,0,0,,0,446,"SOUTH EUCLID AV","CERVANTES AV",4.00,N,N,A,-,N,,,,,,,,,,N,4,0,1,2,A,-,09,21802,A,N,A,G,A,A,H,-,A,D,0,,Y,,,Y,,A,01,0,0,1,0,0,0,1,0,0,"- ","- ",,,"SAN DIEGO","SAN DIEGO",-117.08514,32.692400960000001
6806179,2015,2015-02-24,3711,2015-01-21,1811,6576,ML,3,5,7,3711,0,0,0,,0,813,"UNIVERSITY AV","BANCROFT ST",90.00,W,N,A,-,N,,,,,,,,,,N,3,0,1,2,A,-,03,22350,,N,C,G,A,A,H,-,C,A,0,,Y,,,Y,,L,04,0,1,0,0,0,0,1,0,0,"- ","- ",,,"SAN DIEGO","SAN DIEGO",-117.12423173000001,32.7485
6809002,2015,2015-03-06,3711,2015-02-05,1024,7020,,4,5,7,3711,0,0,0,,0,124,"BRODIAEA WY","ROMERO DR",70.00,N,N,A,-,N,,,,,,,,,,N,3,0,1,2,A,-,03,22350,,N,D,G,A,A,H,-,A,D,0,,Y,,,Y,,L,04,0,1,0,0,0,0,1,0,0,"- ","- ",,,"SAN DIEGO","SAN DIEGO",-117.26024031,32.840458759999997
6809168,2015,2015-03-06,3711,2015-02-07,1818,7135,,6,5,7,3711,0,0,0,,0,122,"FANUEL ST","FELSPAR ST",20.00,S,N,A,-,N,,,,,,,,,,N,3,0,1,2,A,-,14,21201,D,N,A,G,A,A,H,-,C,D,0,,Y,,,Y,,L,04,0,1,0,0,0,0,1,0,0,"- ","- ",,,"SAN DIEGO","SAN DIEGO",-117.24662359,32.799426990000001
6809169,2015,2015-03-06,3711,2015-02-06,1444,4523,,5,5,7,3711,0,0,0,,0,124,"VILLA LA JOLLA DR","LA JOLLA VILLAGE DR",0.00,,Y,A,-,N,,,,,,,,,,N,3,0,2,2,A,-,03,22350,,N,D,G,A,A,H,-,A,A,0,,Y,,,Y,Y,L,04,0,2,0,0,0,0,1,0,0,"- ","- ",,,"SAN DIEGO","SAN DIEGO",-117.23390000000001,32.871780039999997
6809192,2015,2015-03-06,3711,2015-02-03,1400,6304,,2,5,7,3711,0,0,0,,0,115,"LA JOLLA VILLAGE DR","REGENTS RD",6.00,W,N,A,-,N,,,,,,,,,,N,3,0,1,2,A,-,11,21456,B,N,D,G,A,A,H,-,A,A,0,,Y,,,Y,,L,04,0,1,0,0,0,0,1,0,0,"- ","- ",,,"SAN DIEGO","SAN DIEGO",-117.21839668,32.871351509999997
6809553,2015,2015-02-27,3711,2015-01-29,1725,4505,,4,5,7,3711,0,0,0,,0,931,"CAMINO SANTA FE","CALLE CRISTOBAL",186.00,S,N,B,-,N,,,,,,,,,,N,3,0,1,2,A,-,03,22350,,N,C,G,A,A,H,-,C,D,0,,Y,,,Y,,A,01,0,1,0,0,0,0,1,0,0,"- ","- ",,,"SAN DIEGO","SAN DIEGO",-117.17815606000001,32.918207879999997
6810569,2015,2015-03-06,3711,2015-01-25,1645,6929,NORTH,7,5,7,3711,0,0,0,,0,124,"GILMAN DR","LA JOLLA VILLAGE DR",600.00,S,N,B,-,N,,,,,,,,,,N,3,0,1,1,A,-,"- ",,,N,H,-,A,A,H,-,A,D,0,,Y,,,Y,,L,04,0,1,0,0,0,0,1,0,0,"- ","- ",,,"SAN DIEGO","SAN DIEGO",-117.23818882,32.870060619999997
6810617,2015,2015-03-02,3711,2015-01-31,1550,5315,,6,5,7,3711,0,0,0,,0,122,"INGRAHAM ST","LA PLAYA AV",10.00,S,N,A,-,N,,,,,,,,,,N,3,0,1,2,A,-,09,21801,A,N,D,G,A,A,H,-,A,A,0,,Y,,,Y,,-,,0,1,0,0,0,0,1,0,0,"- ","- ",,,"SAN DIEGO","SAN DIEGO",-117.23747191,32.788713469999998
6811168,2015,2015-03-12,3711,2015-02-03,1315,4885,,2,5,7,3711,0,0,0,,0,241,"SCRIPPS LAKE DR","SCRIPPS LAKE DR 10700",7392.00,E,N,A,-,N,,,,,,,,,,N,3,0,1,1,A,-,03,22350,,N,H,J,A,A,H,-,A,D,0,,Y,,,Y,,L,04,0,1,0,0,0,0,1,0,0,"- ","- ",,,"SAN DIEGO","SAN DIEGO",,
6811188,2015,2015-03-05,3711,2015-02-01,0332,6214,,7,5,7,3711,0,0,0,,0,521,"J ST","14TH ST",40.00,W,N,A,-,N,,,,,,,,,,N,3,0,1,2,A,-,04,21703,,N,C,-,A,A,H,-,C,A,0,,Y,,,Y,Y,L,04,0,1,0,0,0,0,1,0,0,"- ","- ",,,"SAN DIEGO","SAN DIEGO",-117.1520196,32.709428610000003
6811196,2015,2015-03-20,3711,2015-02-02,1625,6521,,1,5,7,3711,0,0,0,,0,837,"HOME AV","FEDERAL BL",0.00,,Y,A,-,N,,,,,,,,,,N,3,0,1,2,A,-,08,22107,,M,H,G,A,A,H,-,A,A,0,,Y,,,Y,,-,99,0,1,0,0,0,0,1,0,0,"- ","- ",,,"SAN DIEGO","SAN DIEGO",-117.11036009,32.71956007
6814087,2015,2015-02-18,3711,2015-01-08,1648,6702,,4,5,7,3711,0,0,0,,0,826,"E ALY EUCLID AV","TROJAN AV",20.00,N,N,A,-,N,,,,,,,,,,N,3,0,1,2,A,-,08,22107,,N,A,G,A,A,H,-,A,D,0,,Y,,,Y,,L,04,0,1,0,0,0,0,1,0,0,"- ","- ",,,"SAN DIEGO","SAN DIEGO",-117.09168792,32.755026649999998
6815806,2015,2015-03-17,3711,2015-02-03,1420,6339,,2,5,7,3711,0,0,0,,0,242,"MIRA MESA BL","MIRA MESA BL 8200",800.00,E,N,A,-,N,,,,,,,,,,N,4,0,1,2,A,-,11,21950,B,N,D,G,A,A,H,-,A,A,0,,Y,,,Y,,L,04,0,0,1,0,0,0,1,0,0,"- ","- ",,,"SAN DIEGO","SAN DIEGO",,
6815814,2015,2015-03-05,3711,2015-02-03,1920,6555,,2,5,7,3711,0,0,0,,0,813,"ILLINOIS ST","EL CAJON BL",120.00,N,N,A,-,N,,,,,,,,,,N,4,0,1,2,A,-,09,21804,A,N,D,G,A,A,A,H,A,D,0,,Y,,,Y,,L,04,0,0,1,0,0,0,1,0,0,"- ","- ",,,"SAN DIEGO","SAN DIEGO",-117.1277,32.755738710000003
6816140,2015,2015-04-20,3711,2015-02-01,1300,6052,,7,5,7,3711,0,0,0,,0,521,"MARKET ST","PARK BL",0.00,,Y,A,-,N,,,,,,,,,,N,3,0,1,1,C,-,18,,,N,H,I,A,A,H,-,A,A,0,,Y,,,Y,,-,"- ",0,1,0,0,0,0,1,0,0,"- ","- ",,,"SAN DIEGO","SAN DIEGO",-117.15375001,32.71153004
6820190,2015,2015-03-06,3711,2015-02-10,1645,7017,SD,2,5,7,3711,0,0,0,,0,613,"DEL MAR AV",GUIZOT,0.00,,Y,A,-,N,,,,,,,,,,N,4,0,1,2,A,-,12,22450,A,N,D,G,A,A,H,-,A,D,0,,Y,,,Y,,L,04,0,0,1,0,0,0,1,0,0,"- ","- ",,,"SAN DIEGO","SAN DIEGO",-117.24678007999999,32.736470070000003
6820560,2015,2015-03-09,3711,2015-02-01,1501,7223,SANDI,7,5,7,3711,0,0,0,,0,627,"WASHINGTON ST",LINCOLN,63.00,W,N,A,-,N,,,,,,,,,,N,4,0,1,2,A,-,03,22350,,N,C,G,A,A,H,-,A,A,0,,Y,,,Y,,-,,0,0,1,0,0,0,1,0,0,"- ","- ",,,"SAN DIEGO","SAN DIEGO",-117.15063502,32.751687179999998
6820567,2015,2015-03-10,3711,2015-02-05,1615,7010,,4,5,7,3711,0,0,0,,0,531,"26TH ST","RUSS BL",1056.00,N,N,A,-,N,,,,,,,,,,N,3,0,1,1,A,-,03,22350,,N,E,-,A,A,B,-,A,D,0,,Y,,,Y,,L,04,0,1,0,0,0,0,1,0,0,"- ","- ",,,"SAN DIEGO","SAN DIEGO",-117.13896576,32.722230770000003
6820579,2015,2015-03-10,3711,2015-02-09,1010,5876,WESTE,1,5,7,3711,0,0,0,,0,627,"5TH AV","5TH AV 3650",0.00,,N,A,-,N,,,,,,,,,,N,3,0,1,1,A,-,17,21367,C,N,E,-,A,A,D,-,A,A,0,,Y,,,Y,,L,04,0,1,0,0,0,0,1,0,0,"- ","- ",,,"SAN DIEGO","SAN DIEGO",-117.16039180999999,32.744496349999999
6820586,2015,2015-03-10,3711,2015-02-08,2000,5133,,7,5,7,3711,0,0,0,,0,441,"SUPERBA ST","S 38TH ST",0.00,,Y,A,-,N,,,,,,,,,,N,3,0,1,2,A,-,21,22106,,M,H,G,A,A,H,-,C,D,0,,Y,,,Y,,-,99,0,1,0,0,0,0,1,0,0,"- ","- ",,,"SAN DIEGO","SAN DIEGO",-117.11253006,32.704000030000003
6820632,2015,2015-03-20,3711,2015-02-09,1252,6453,,1,5,7,3711,0,0,0,,0,832,"UNIVERSITY AV","VAN DYKE AV AND EAST ALLEY",3.00,E,N,A,-,N,,,,,,,,,,N,3,0,1,2,-,-,"- ",,,M,D,G,A,A,H,-,A,D,0,,Y,,,Y,,-,"- ",0,1,0,0,0,0,1,0,0,"- ","- ",,,"SAN DIEGO","SAN DIEGO",,
6821294,2015,2015-03-16,3711,2015-02-15,1240,5929,,7,5,7,3711,0,0,0,,0,123,"EAST MISSION BAY DR","FIESTA ISLAND RD",61.00,S,N,A,-,N,,,,,,,,,,N,3,0,2,3,A,-,00,21760,C,N,-,G,A,A,H,-,A,A,0,,Y,,,Y,,-,,0,2,0,0,0,0,2,0,0,"- ","- ",,,"SAN DIEGO","SAN DIEGO",-117.2093022,32.768696919999996
6822585,2015,2015-03-10,3711,2015-02-10,0610,7031,SD,2,5,7,3711,0,0,0,,0,122,"MISSION BAY DR","GLENDORA ST",276.00,S,N,B,-,N,,,,,,,,,,N,3,0,1,2,A,-,08,22107,,N,D,G,A,A,H,-,B,A,0,,Y,,,Y,,L,04,0,1,0,0,0,0,1,0,0,"- ","- ",,,"SAN DIEGO","SAN DIEGO",-117.21441007999999,32.801174469999999
6824616,2015,2015-03-10,3711,2015-02-11,1657,6898,"SAN D",3,5,7,3711,0,0,0,,0,833,"THORN ST","FAIRMOUNT AV",0.00,,Y,A,-,N,,,,,,,,,,N,3,0,1,1,A,-,17,21204,A,N,H,-,A,A,H,-,A,A,0,,Y,,,Y,,L,04,0,1,0,0,0,0,1,0,0,"- ","- ",,,"SAN DIEGO","SAN DIEGO",-117.10097008,32.740230009999998
6824617,2015,2015-03-10,3711,2015-02-11,1140,7163,MC,3,5,7,3711,0,0,0,,0,813,"UNIVERSITY AV",ARNOLD,0.00,,Y,A,-,N,,,,,,,,,,N,4,0,1,2,A,-,10,21950,A,N,D,G,A,A,H,-,A,D,0,,Y,,,Y,,-,,0,0,1,0,0,0,1,0,0,"- ","- ",,,"SAN DIEGO","SAN DIEGO",-117.13678012,32.748450040000002
6825690,2015,2016-04-07,3711,2015-01-28,1626,,,3,5,7,3711,0,0,0,,0,722,"GROVE AV","GAYWOOD ST",69.00,W,N,A,-,N,,,,,,,,,,N,4,0,1,1,A,-,03,22350,,N,H,A,A,A,H,-,A,D,0,,Y,,,Y,,L,04,0,0,1,0,0,0,1,0,0,"- ","- ",,,"SAN DIEGO","SAN DIEGO",-117.10074663,32.572833959999997
6826266,2015,2015-03-18,3711,2015-02-03,1918,6366,,2,5,7,3711,0,0,0,,0,321,"SAN DIEGO MISSION RD","RANCHO MISSION RD",966.00,W,N,A,-,N,,,,,,,,,,N,3,0,1,1,A,-,03,22350,,N,F,A,A,A,H,-,C,D,0,,Y,,,Y,,L,04,0,1,0,0,0,0,1,0,0,"- ","- ",,,"SAN DIEGO","SAN DIEGO",-117.11328665000001,32.785901940000002
6830069,2015,2015-03-12,9645,2015-02-11,1507,15580,,3,2,7,3711,0,3,5,,2,024,"CARMEL VALLEY RD","WINESPRINGS RD",50.00,W,N,A,-,N,,,,,,,,,,N,3,0,1,2,A,-,17,21208,B,N,G,G,A,A,H,-,A,A,0,,Y,,,Y,,L,04,0,1,0,0,0,0,1,0,0,"- ","- ",33.003779999999999,-117.10775,"SAN DIEGO","SAN DIEGO",-117.10768121,33.000452840000001
6833685,2015,2015-03-12,3711,2015-02-17,0655,6879,,2,5,7,3711,0,0,0,,0,511,"SAMPSON ST","MAIN ST",80.00,S,N,A,-,N,,,,,,,,,,N,3,0,1,1,D,-,00,,,N,H,A,A,A,A,-,A,D,0,,Y,,,Y,,-,"- ",0,1,0,0,0,0,1,0,0,"- ","- ",,,"SAN DIEGO","SAN DIEGO",-117.14182384,32.695430199999997
6833691,2015,2015-03-12,3711,2015-02-16,1839,7092,SD,1,5,7,3711,0,0,0,,0,622,"MORENA BL","NAPA ST",300.00,S,N,A,-,N,,,,,,,,,,N,3,0,1,2,A,-,05,21650,1,N,A,G,A,A,H,-,C,A,0,,Y,,,Y,Y,L,04,0,1,0,0,0,0,1,0,0,"- ","- ",,,"SAN DIEGO","SAN DIEGO",-117.19802137000001,32.76501605
6833697,2015,2015-03-12,3711,2015-02-10,1900,6224,SD,2,5,7,3711,0,0,0,,0,122,"GARNET AV","FANUEL ST",100.00,W,N,A,-,N,,,,,,,,,,N,4,0,1,2,A,-,"- ",,,N,D,G,A,A,H,-,C,A,0,,Y,,,Y,,L,04,0,0,1,0,0,0,1,0,0,"- ","- ",,,"SAN DIEGO","SAN DIEGO",-117.24666442,32.798462630000003
6833700,2015,2016-04-07,3711,2015-02-18,1655,6704,,3,5,7,3711,0,0,0,,0,624,"TEXAS ST","MEADE AV",0.00,,Y,A,-,N,,,,,,,,,,Y,4,0,1,2,A,-,12,21453,A,N,B,C,A,A,H,-,A,A,0,,Y,,,Y,,L,04,0,0,1,0,0,0,1,0,0,"- ","- ",,,"SAN DIEGO","SAN DIEGO",-117.13885009000001,32.75724005
6833705,2015,2015-03-13,3711,2015-02-15,2300,5600,,7,5,7,3711,0,0,0,,0,445,"47TH ST","MARKET ST",0.00,,Y,A,-,N,,,,,,,,,,N,2,0,1,2,A,-,12,21453,A,N,D,G,A,A,H,-,C,A,0,,Y,,,Y,,L,04,1,0,0,0,0,0,1,0,0,"- ","- ",,,"SAN DIEGO","SAN DIEGO",-117.09360004,32.711430069999999
6834888,2015,2015-03-19,3711,2015-02-21,1232,6841,SANDI,6,5,7,3711,0,0,0,,0,122,"MISSION BAY DR","ROSEWOOD ST",54.00,S,N,B,-,N,,,,,,,,,,N,3,0,1,2,A,-,08,22107,,N,C,G,A,A,H,-,A,D,0,,Y,,,Y,,L,04,0,1,0,0,0,0,1,0,0,"- ","- ",,,"SAN DIEGO","SAN DIEGO",-117.21357394,32.80046729
6835176,2015,2015-03-12,3711,2015-02-23,1900,6657,SD,1,5,7,3711,0,0,0,,0,524,"WEST ASH ST","COLUMBIA ST",20.00,E,N,B,-,N,,,,,,,,,,N,3,0,1,2,A,-,08,22107,,N,B,G,A,A,H,-,C,A,0,,Y,,,Y,,-,,0,1,0,0,0,0,1,0,0,"- ","- ",,,"SAN DIEGO","SAN DIEGO",-117.16734519000001,32.719859999999997
6835187,2015,2015-03-24,3711,2015-02-23,1131,6772,SD,1,5,7,3711,0,0,0,,0,242,"CAMINO RUIZ","REAGAN RD",300.00,N,N,A,-,N,,,,,,,,,,N,4,0,1,2,A,-,08,22107,,N,D,G,A,A,H,-,A,D,0,,Y,,,Y,,-,,0,0,1,0,0,0,1,0,0,"- ","- ",,,"SAN DIEGO","SAN DIEGO",-117.14498394,32.908954399999999
6836816,2015,2015-03-19,3711,2015-02-26,1530,4507,,4,5,7,3711,0,0,0,,0,1156,"GENESEE AV","GOVERNOR DR",6.00,N,N,A,-,N,,,,,,,,,,N,4,0,1,2,A,-,08,22107,,N,D,G,A,A,H,-,A,A,0,,Y,,,Y,,L,04,0,0,1,0,0,0,1,0,0,"- ","- ",,,"SAN DIEGO","SAN DIEGO",-117.20468501000001,32.85462588
6837204,2015,2016-04-07,3711,2015-02-26,1944,6775,,4,5,7,3711,0,0,0,,0,627,"WASHINGTON ST","9TH ST",80.00,E,N,A,-,N,,,,,,,,,,N,4,0,1,1,D,-,00,,,N,H,A,A,A,H,-,C,D,0,,Y,,,Y,,-,"- ",0,0,1,0,0,0,1,0,0,"- ","- ",,,"SAN DIEGO","SAN DIEGO",-117.15612529000001,32.750311199999999
6837697,2015,2015-03-30,3711,2015-02-25,1124,6044,,3,5,7,3711,0,0,0,,0,124,"PROSPECT PL","PARK ROW",180.00,W,N,A,-,N,,,,,,,,,,N,3,0,1,2,A,-,08,22107,,N,-,G,A,A,H,-,A,A,0,,Y,,,Y,,-,,0,1,0,0,0,0,1,0,0,"- ","- ",,,"SAN DIEGO","SAN DIEGO",-117.26873836999999,32.847910419999998
6837747,2015,2015-03-20,3711,2015-02-07,1316,6969,,6,5,7,3711,0,0,0,,0,627,"ROBINSON AV","RICHMOND ST",165.00,W,N,A,-,N,,,,,,,,,,N,3,0,1,2,A,-,17,22517,,N,B,G,A,A,H,-,A,D,0,,Y,,,Y,,-,,0,1,0,0,0,0,1,0,0,"- ","- ",,,"SAN DIEGO","SAN DIEGO",-117.15175485,32.746417579999999
6837763,2015,2015-03-20,3711,2015-02-10,0707,6613,,2,5,7,3711,0,0,0,,0,813,"UNIVERSITY AV","TEXAS ST",120.00,E,N,A,-,N,,,,,,,,,,N,3,0,1,2,A,-,08,22107,,M,B,G,A,A,H,-,-,D,0,,Y,,,Y,,-,,0,1,0,0,0,0,1,0,0,"- ","- ",,,"SAN DIEGO","SAN DIEGO",-117.13858145,32.748449999999998
6839743,2015,2016-09-09,3711,2015-02-24,1515,4507,,2,5,7,3711,0,0,0,,0,114,"GENESEE AV","RT 52",30.00,N,N,A,-,Y,SD,11,52,-,-,2.463,R,4,E,N,4,0,1,1,A,-,08,22107,,N,H,A,A,A,H,-,A,A,0,,Y,,,Y,,L,04,0,0,1,0,0,0,1,0,0,"- ",EF,,,"SAN DIEGO","SAN DIEGO",-117.20011359,32.846231330000002
6840454,2015,2015-03-19,3711,2015-02-26,1800,4505,,4,5,7,3711,0,0,0,,0,934,"CARMEL COUNTRY RD","MEADOWS DEL MAR",0.00,,Y,A,-,N,,,,,,,,,,N,4,0,1,2,A,-,09,21453,C,N,D,G,A,A,H,-,C,A,0,,Y,,,Y,,A,01,0,0,1,0,0,0,1,0,0,"- ","- ",,,"SAN DIEGO","SAN DIEGO",,
6843729,2015,2015-04-08,3711,2015-02-20,1014,4464,,5,5,7,3711,0,0,0,,0,122,"OLD SEA WORLD DR","S SHORE PK DVWY",2112.00,W,N,A,-,N,,,,,,,,,,N,3,0,2,2,A,-,"- ",,,N,A,-,E,A,H,-,A,D,0,Y,Y,,,Y,,-,"- ",0,2,0,0,1,0,1,0,0,"- ","- ",,,"SAN DIEGO","SAN DIEGO",,
6844331,2015,2015-03-25,3711,2015-03-02,1615,6819,,1,5,7,3711,0,0,0,,0,441,"S 38TH ST","S 38TH ST 450",0.00,,N,A,-,N,,,,,,,,,,N,4,0,1,2,A,-,09,21804,A,M,D,G,A,A,H,-,A,D,0,,Y,,,Y,,L,04,0,0,1,0,0,0,1,0,0,"- ","- ",,,"SAN DIEGO","SAN DIEGO",,
6844395,2015,2015-03-25,3711,2015-03-01,1336,7251,,7,5,7,3711,0,0,0,,0,122,"DAMON AV","MISSION BAY DR",32.00,E,N,C,-,N,,,,,,,,,,N,4,0,1,2,A,-,05,21651,A,N,B,G,A,B,H,-,A,A,0,,Y,,,Y,,L,04,0,0,1,0,0,0,1,0,0,"- ","- ",,,"SAN DIEGO","SAN DIEGO",-117.21928800000001,32.807566319999999
6845516,2015,2015-03-23,3711,2015-03-03,0658,6044,,2,5,7,3711,0,0,0,,0,126,"NORTH TORREY PINES RD","JOHN S HOPKINS",2.00,S,N,A,-,N,,,,,,,,,,N,3,0,1,2,A,-,08,22107,,N,D,G,A,A,H,-,A,A,0,,Y,,,Y,,-,,0,1,0,0,0,0,1,0,0,"- ","- ",,,"SAN DIEGO","SAN DIEGO",,
6845517,2015,2015-03-23,3711,2015-03-03,1515,7278,NORTH,2,5,7,3711,0,0,0,,0,121,"SEAWORLD DR","SEA WORLD WY",9.00,W,N,A,-,N,,,,,,,,,,N,4,0,1,2,A,-,12,21453,A,N,D,G,A,A,H,-,A,A,0,,Y,,,Y,,L,04,0,0,1,0,0,0,1,0,0,"- ","- ",,,"SAN DIEGO","SAN DIEGO",-117.23085808,32.76112329
6845520,2015,2015-03-23,3711,2015-03-03,1558,7230,,2,5,7,3711,0,0,0,,0,511,"SOUTH 28TH ST","HARBOR DR",150.00,N,N,A,-,N,,,,,,,,,,N,3,0,1,2,A,-,05,21651,B,N,D,G,A,A,H,-,A,D,0,,Y,,,Y,,L,04,0,1,0,0,0,0,1,0,0,"- ","- ",,,"SAN DIEGO","SAN DIEGO",-117.13369075,32.691328839999997
6849162,2015,2015-03-24,3711,2015-03-07,1030,7128,SD,6,5,7,3711,0,0,0,,0,122,"LAMONT ST","GRAND AV",21.00,N,N,A,-,N,,,,,,,,,,N,3,0,1,3,A,-,08,22107,,N,B,G,A,A,H,-,A,D,0,,Y,,,Y,,-,,0,1,0,0,0,0,1,0,0,"- ","- ",,,"SAN DIEGO","SAN DIEGO",-117.23482104999999,32.799244719999997