CASE_ID,ACCIDENT_YEAR,PROC_DATE,JURIS,COLLISION_DATE,COLLISION_TIME,OFFICER_ID,REPORTING_DISTRICT,DAY_OF_WEEK,CHP_SHIFT,POPULATION,CNTY_CITY_LOC,SPECIAL_COND,BEAT_TYPE,CHP_BEAT_TYPE,CITY_DIVISION_LAPD,CHP_BEAT_CLASS,BEAT_NUMBER,PRIMARY_RD,SECONDARY_RD,DISTANCE,DIRECTION,INTERSECTION,WEATHER_1,WEATHER_2,STATE_HWY_IND,CALTRANS_COUNTY,CALTRANS_DISTRICT,STATE_ROUTE,ROUTE_SUFFIX,POSTMILE_PREFIX,POSTMILE,LOCATION_TYPE,RAMP_INTERSECTION,SIDE_OF_HWY,TOW_AWAY,COLLISION_SEVERITY,NUMBER_KILLED,NUMBER_INJURED,PARTY_COUNT,PRIMARY_COLL_FACTOR,PCF_CODE_OF_VIOL,PCF_VIOL_CATEGORY,PCF_VIOLATION,PCF_VIOL_SUBSECTION,HIT_AND_RUN,TYPE_OF_COLLISION,MVIW,PED_ACTION,ROAD_SURFACE,ROAD_COND_1,ROAD_COND_2,LIGHTING,CONTROL_DEVICE,CHP_ROAD_TYPE,PEDESTRIAN_ACCIDENT,BICYCLE_ACCIDENT,MOTORCYCLE_ACCIDENT,TRUCK_ACCIDENT,NOT_PRIVATE_PROPERTY,ALCOHOL_INVOLVED,STWD_VEHTYPE_AT_FAULT,CHP_VEHTYPE_AT_FAULT,COUNT_SEVERE_INJ,COUNT_VISIBLE_INJ,COUNT_COMPLAINT_PAIN,COUNT_PED_KILLED,COUNT_PED_INJURED,COUNT_BICYCLIST_KILLED,COUNT_BICYCLIST_INJURED,COUNT_MC_KILLED,COUNT_MC_INJURED,PRIMARY_RAMP,SECONDARY_RAMP,LATITUDE,LONGITUDE,COUNTY,CITY,POINT_X,POINT_Y
6849166,2015,2016-04-28,3711,2015-03-09,0850,7031,SD,1,5,7,3711,0,0,0,,0,123,"SEA WORLD DR","RT 5",126.00,W,N,A,-,N,,,,,,,,,,N,3,0,1,2,A,-,03,22350,,N,C,G,A,A,H,-,A,D,0,,Y,,,Y,,A,01,0,1,0,0,0,0,1,0,0,"- ",SF,,,"SAN DIEGO","SAN DIEGO",-117.20712674000001,32.769791730000001
6849198,2015,2015-03-23,3711,2015-03-07,1645,6560,,6,5,7,3711,0,0,0,,0,627,"UNIVERSITY AV","8TH AV",0.00,,Y,A,-,N,,,,,,,,,,N,4,0,1,2,A,-,09,21801,A,N,G,G,A,A,H,-,A,A,0,,Y,,,Y,,-,,0,0,1,0,0,0,1,0,0,"- ","- ",,,"SAN DIEGO","SAN DIEGO",,
6850699,2015,2015-03-20,3711,2015-03-04,1635,7095,,3,5,7,3711,0,0,0,,0,723,"BEYER BL","IRIS AV",117.00,N,N,A,-,N,,,,,,,,,,N,3,0,1,2,A,-,17,22517,,N,C,G,A,A,H,-,A,A,0,,Y,,,Y,,-,,0,1,0,0,0,0,1,0,0,"- ","- ",,,"SAN DIEGO","SAN DIEGO",-117.06388714000001,32.569508669999998
6850701,2015,2015-03-20,3711,2015-03-06,1826,4523,,5,5,7,3711,0,0,0,,0,114,"CLAIREMONT MESA BL","CLAIREMONT DR",51.00,W,N,A,-,N,,,,,,,,,,N,3,0,1,2,A,-,09,21804,A,N,-,G,A,A,H,-,C,A,0,,Y,,,Y,,L,04,0,1,0,0,0,0,1,0,0,"- ","- ",,,"SAN DIEGO","SAN DIEGO",-117.20631548,32.827710000000003
6850703,2015,2015-03-20,3711,2015-03-06,1540,5787,,5,5,7,3711,0,0,0,,0,124,"TORREY PINES RD","ARDATH LN",1320.00,N,N,A,-,N,,,,,,,,,,N,3,0,1,2,A,-,09,21801,A,N,B,G,A,A,H,-,A,D,0,,Y,,,Y,,-,"- ",0,1,0,0,0,0,1,0,0,"- ","- ",,,"SAN DIEGO","SAN DIEGO",-117.24640298,32.851774050000003
6850704,2015,2015-03-20,3711,2015-03-07,1300,5787,,6,5,7,3711,0,0,0,,0,124,"LA JOLLA SHORES DR","LA JOLLA SHORES LN 9000",0.00,,Y,A,-,N,,,,,,,,,,N,3,0,1,2,-,-,"- ",,,N,C,G,A,A,H,-,A,D,0,,Y,,,Y,,-,"- ",0,1,0,0,0,0,1,0,0,"- ","- ",,,"SAN DIEGO","SAN DIEGO",-117.25226103999999,32.865540629999998
6850708,2015,2015-03-20,3711,2015-03-05,2250,7077,SANDI,4,5,7,3711,0,0,0,,0,242,"CAMINO RUIZ","WESTMORE RD",200.00,N,N,A,-,N,,,,,,,,,,N,3,0,1,1,A,-,03,22350,,N,H,A,A,A,H,-,D,D,0,,Y,,,Y,,L,04,0,1,0,0,0,0,1,0,0,"- ","- ",,,"SAN DIEGO","SAN DIEGO",-117.14401647,32.918357829999998
6851234,2015,2015-03-23,3711,2015-03-04,1539,7158,"SAN D",3,5,7,3711,0,0,0,,0,445,"47TH ST","MARKET ST",55.00,S,N,A,-,N,,,,,,,,,,N,3,0,1,1,B,-,22,,,N,E,I,A,A,H,-,A,D,0,,Y,,,Y,,-,"- ",0,1,0,0,0,0,1,0,0,"- ","- ",,,"SAN DIEGO","SAN DIEGO",-117.0936045,32.711279390000001
6851854,2015,2015-04-08,3711,2015-03-09,1020,7128,SD,1,5,7,3711,0,0,0,,0,122,"GARNET AV","JEWEL ST",160.00,E,N,B,-,N,,,,,,,,,,N,4,0,1,1,A,-,"- ",,,N,H,A,A,A,H,-,A,D,0,,Y,,,Y,,L,04,0,0,1,0,0,0,1,0,0,"- ","- ",,,"SAN DIEGO","SAN DIEGO",-117.23846639999999,32.800306020000001
6852616,2015,2015-03-20,3711,2015-02-27,1218,5561,,5,5,7,3711,0,0,0,,0,313,"RUFFNER ST","DAGGET ST",0.00,,Y,B,-,N,,,,,,,,,,N,3,0,1,2,A,-,05,21650,1,N,D,G,A,A,H,-,A,-,0,,Y,,,Y,,L,04,0,1,0,0,0,0,1,0,0,"- ","- ",,,"SAN DIEGO","SAN DIEGO",-117.15727012000001,32.823580030000002
6853925,2015,2016-10-11,3711,2015-03-11,2308,4653,,3,5,7,3711,0,0,0,,0,311,"AERO DR","RT 15",0.00,,Y,B,-,Y,SD,11,15,-,R,8.524,R,4,S,N,4,0,1,2,A,-,05,21650,1,N,D,G,A,A,H,-,C,A,0,,Y,,,Y,,L,04,0,0,1,0,0,0,1,0,0,"- ",SF,,,"SAN DIEGO","SAN DIEGO",-117.11472935,32.812626280000003
6853941,2015,2015-03-25,3711,2015-03-03,1602,4897,,2,5,7,3711,0,0,0,,0,312,"TIERRASANTA BL","LA CUENTA DR",0.00,,Y,A,-,N,,,,,,,,,,N,4,0,1,2,A,-,12,21453,A,N,D,G,A,A,H,-,A,A,0,,Y,,,Y,,A,01,0,0,1,0,0,0,1,0,0,"- ","- ",,,"SAN DIEGO","SAN DIEGO",-117.09787,32.821270079999998
6853978,2015,2015-04-09,3711,2015-03-04,0648,5876,,3,5,7,3711,0,0,0,,0,627,"10TH AV","10TH AV 3800",0.00,,Y,B,-,N,,,,,,,,,,N,4,0,1,2,A,-,09,21801,A,N,D,G,A,A,H,-,A,A,0,,Y,,,Y,,-,,0,0,1,0,0,0,1,0,0,"- ","- ",,,"SAN DIEGO","SAN DIEGO",-117.15527326,32.74766219
6854077,2015,2017-07-26,3711,2015-02-24,1010,5072,,2,5,7,3711,0,0,0,,0,441,"IMPERIAL AV","MESSINA WY",369.00,E,N,A,-,N,,,,,,,,,,N,1,1,0,2,A,-,09,21804,A,N,D,G,A,A,H,-,A,D,0,,Y,,,Y,,L,04,0,0,0,0,0,1,0,0,0,"- ","- ",,,"SAN DIEGO","SAN DIEGO",-117.10441468,32.704160000000002
6854758,2015,2015-07-16,3711,2015-06-14,1524,4653,,7,5,7,3711,0,0,0,,0,937,"CAMINO DEL SUR","CAMINITO LAZANJA",2112.00,S,N,B,-,N,,,,,,,,,,Y,1,1,0,2,A,-,08,22107,,N,C,G,A,A,H,-,A,D,0,,Y,,,Y,,A,07,0,0,0,0,0,1,0,0,0,"- ","- ",,,"SAN DIEGO","SAN DIEGO",-117.15516,32.979979999999998
6856646,2015,2015-04-08,3711,2015-03-16,1456,7180,,1,5,7,3711,0,0,0,,0,627,"UNIVERSITY AV","EIGHT AV",70.00,E,N,A,-,N,,,,,,,,,,N,4,0,1,2,A,-,00,21760,B,N,H,G,A,A,H,-,A,A,0,,Y,,,Y,Y,-,"- ",0,0,1,0,0,0,1,0,0,"- ","- ",,,"SAN DIEGO","SAN DIEGO",,
6857142,2015,2015-04-02,3711,2015-03-18,1420,4884,SDPD,3,5,7,3711,0,0,0,,0,2Y2,"MONTONGO ST","MIRA MESA BL",36.00,W,N,B,-,N,,,,,,,,,,N,3,0,1,2,A,-,09,21801,A,N,D,G,A,A,H,-,A,A,0,,Y,,,Y,,-,,0,1,0,0,0,0,1,0,0,"- ","- ",,,"SAN DIEGO","SAN DIEGO",-117.15224615,32.912078479999998
6857146,2015,2015-04-02,3711,2015-03-18,0647,6044,,3,5,7,3711,0,0,0,,0,124,"TORREY PINES RD","LA JOLLA SHORES",528.00,E,N,A,-,N,,,,,,,,,,N,3,0,1,2,A,-,08,22107,,N,C,G,A,A,H,-,B,A,0,,Y,,,Y,,-,,0,1,0,0,0,0,1,0,0,"- ","- ",,,"SAN DIEGO","SAN DIEGO",-117.25348391,32.850551359999997
6857178,2015,2016-04-07,3711,2015-03-12,2015,6945,,4,5,7,3711,0,0,0,,0,721,"16TH ST","PALM AV",126.00,S,N,A,-,N,,,,,,,,,,N,4,0,1,2,A,-,09,21801,,M,A,G,A,A,H,-,D,D,0,,Y,,,Y,,-,,0,0,1,0,0,0,1,0,0,"- ","- ",,,"SAN DIEGO","SAN DIEGO",-117.09949362,32.583594939999998
6859038,2015,2015-03-30,3711,2015-03-13,1722,6000,,5,5,7,3711,0,0,0,,0,831,"44TH ST","ORANGE AV",9.00,S,N,A,-,N,,,,,,,,,,N,2,0,1,2,A,-,09,21804,A,N,D,G,A,A,H,-,A,D,0,,Y,,,Y,,L,04,1,0,0,0,0,0,1,0,0,"- ","- ",,,"SAN DIEGO","SAN DIEGO",-117.09977042,32.753135350000001
6859109,2015,2015-04-07,3711,2015-03-17,1905,6224,SD,2,5,7,3711,0,0,0,,0,122,"GARNET AV","HAINES ST",75.00,E,N,A,-,N,,,,,,,,,,N,4,0,1,2,A,-,03,22350,,N,D,G,A,A,H,-,C,A,0,,Y,,,Y,,L,04,0,0,1,0,0,0,1,0,0,"- ","- ",,,"SAN DIEGO","SAN DIEGO",-117.24247312999999,32.799436870000001
6859940,2015,2015-04-16,3711,2015-03-16,1745,7208,,1,5,7,3711,0,0,0,,0,326,COLLEGE,MONTEZUMA,0.00,,Y,A,-,N,,,,,,,,,,N,3,0,1,2,A,-,17,21200,A,N,D,G,A,A,H,-,A,A,0,,Y,,,Y,,L,04,0,1,0,0,0,0,1,0,0,"- ","- ",,,"SAN DIEGO","SAN DIEGO",-117.06981001,32.770710080000001
6859968,2015,2015-03-30,3711,2015-03-13,1602,6946,SD,5,5,7,3711,0,0,0,,0,833,UNIVERSITY,"45TH ST",45.00,W,N,A,-,N,,,,,,,,,,N,4,0,1,2,A,-,05,21650,1,N,D,G,A,A,H,-,-,-,0,,Y,,,Y,,L,04,0,0,1,0,0,0,1,0,0,"- ","- ",,,"SAN DIEGO","SAN DIEGO",-117.09779586000001,32.749609999999997
6859975,2015,2015-03-27,3711,2015-03-13,1700,7016,MC,5,5,7,3711,0,0,0,,0,834,UNIVERSITY,"UNIVERSITY 4200",6.00,S,N,A,-,N,,,,,,,,,,,3,0,1,1,A,-,05,21650,1,N,H,-,A,A,H,-,A,A,0,,Y,,,Y,,L,04,0,1,0,0,0,0,1,0,0,"- ","- ",,,"SAN DIEGO","SAN DIEGO",,
6859987,2015,2015-03-27,3711,2015-03-17,1556,6481,,2,5,7,3711,0,0,0,,0,446,"EUCLID AV","CASTANA ST",0.00,,Y,A,-,N,,,,,,,,,,N,3,0,1,1,A,-,05,21650,1,N,H,A,A,A,H,-,A,D,0,,Y,,,Y,Y,L,04,0,1,0,0,0,0,1,0,0,"- ","- ",,,"SAN DIEGO","SAN DIEGO",-117.08507003,32.70593006
6859991,2015,2015-03-27,3711,2015-03-10,1844,6842,,2,5,7,3711,0,0,0,,0,122,"PACIFIC BEACH DR","CROWN POINT DR",10.00,E,N,B,-,N,,,,,,,,,,N,3,0,1,1,A,-,12,22450,A,N,H,G,A,A,B,-,B,D,0,,Y,,,Y,,L,04,0,1,0,0,0,0,1,0,0,"- ","- ",,,"SAN DIEGO","SAN DIEGO",-117.23081873,32.795997300000003
6861398,2015,2015-04-03,3711,2015-02-22,1016,6774,,7,5,7,3711,0,0,0,,0,324,"NAVAJO RD","SOARING DR",80.00,E,N,B,-,N,,,,,,,,,,N,2,0,1,2,A,-,04,21703,,N,C,G,A,A,H,-,A,D,0,,Y,,,Y,,L,04,1,0,0,0,0,0,1,0,0,"- ","- ",,,"SAN DIEGO","SAN DIEGO",-117.02812269,32.802998070000001
6862507,2015,2015-03-30,3711,2015-03-12,1423,6422,SDPD,4,5,7,3711,0,0,0,,0,527,"KETTNER BL","WEST FIR",220.00,S,N,A,-,N,,,,,,,,,,N,3,0,1,2,A,-,08,22107,,N,B,G,A,A,H,-,A,D,0,,Y,,,Y,,-,,0,1,0,0,0,0,1,0,0,"- ","- ",,,"SAN DIEGO","SAN DIEGO",-117.16926838000001,32.72355769
6862512,2015,2015-03-30,3711,2015-03-07,1030,6671,SD,6,5,7,3711,0,0,0,,0,124,"VIA ESTRADA",NAUTILUS,6.00,S,N,A,-,N,,,,,,,,,,N,3,0,1,2,A,-,08,22107,,N,D,G,A,A,H,-,A,D,0,,Y,,,Y,,-,,0,1,0,0,0,0,1,0,0,"- ","- ",,,"SAN DIEGO","SAN DIEGO",-117.25469,32.831420000000001
6862519,2015,2016-04-07,3711,2015-03-05,0815,7252,,4,5,7,3711,0,0,0,,0,234,"PASEO MONTANOSO","PASEO MONTANOSO 11200",0.00,,N,A,-,N,,,,,,,,,,N,3,0,1,2,A,-,11,21456,B,N,-,G,A,A,H,-,A,A,0,,Y,,,Y,,L,04,0,1,0,0,0,0,1,0,0,"- ","- ",,,"SAN DIEGO","SAN DIEGO",,
6865882,2015,2015-04-09,3711,2015-03-25,1958,5990,SDPD,3,5,7,3711,0,0,0,,0,122,"GARNET AV","DAWES ST",150.00,E,N,A,-,N,,,,,,,,,,N,3,0,2,2,A,-,11,21950,B,N,G,B,D,A,H,-,C,D,0,Y,Y,,,Y,,N,60,0,2,0,0,1,0,1,0,0,"- ","- ",,,"SAN DIEGO","SAN DIEGO",-117.24953899,32.797832870000001
6865936,2015,2015-04-09,3711,2015-03-23,1807,7249,,1,5,7,3711,0,0,0,,0,834,"41ST ST","DWIGHT ST",0.00,,Y,A,-,N,,,,,,,,,,N,3,0,1,2,A,-,08,22107,,N,C,E,A,A,H,-,A,D,0,,Y,,,Y,,L,04,0,1,0,0,0,0,1,0,0,"- ","- ",,,"SAN DIEGO","SAN DIEGO",-117.1070101,32.744060099999999
6865942,2015,2015-04-10,3711,2015-03-24,1025,5491,"SAN D",2,5,7,3711,0,0,0,,0,529,"6TH AV","FIR ST",99.00,S,N,A,-,N,,,,,,,,,,N,3,0,1,2,A,-,08,22107,,N,-,G,A,A,H,-,A,D,0,,Y,,,Y,,-,,0,1,0,0,0,0,1,0,0,"- ","- ",,,"SAN DIEGO","SAN DIEGO",-117.15941583,32.72484884
6865952,2015,2015-04-09,3711,2015-03-23,1926,7222,SANDI,1,5,7,3711,0,0,0,,0,122,"GARNET AV","BAYARD ST",200.00,E,N,A,-,N,,,,,,,,,,N,3,0,1,2,A,-,08,22107,,M,B,G,A,A,H,-,C,D,0,,Y,,,Y,,-,,0,1,0,0,0,0,1,0,0,"- ","- ",,,"SAN DIEGO","SAN DIEGO",-117.25304869999999,32.797096260000004
6865998,2015,2015-05-20,3711,2015-03-12,1607,6808,,4,5,7,3711,0,0,0,,0,839,"SWIFT AV","LANDIS ST",123.00,S,N,A,-,N,,,,,,,,,,N,3,0,1,1,A,-,"- ",,,N,H,A,A,A,H,-,A,D,0,,Y,,,Y,,L,04,0,1,0,0,0,0,1,0,0,"- ","- ",,,"SAN DIEGO","SAN DIEGO",-117.11927,32.746298629999998
6866005,2015,2015-04-13,3711,2015-03-27,1729,6794,50,5,5,7,3711,0,0,0,,0,243,"MIRAMAR RD","DOWDY DR",75.00,W,N,A,-,N,,,,,,,,,,N,3,0,1,1,A,-,03,22350,,N,-,A,A,A,-,-,A,A,0,,Y,,,Y,,L,04,0,1,0,0,0,0,1,0,0,"- ","- ",,,"SAN DIEGO","SAN DIEGO",-117.14568995,32.888102750000002
6866017,2015,2015-04-14,3711,2015-03-29,1854,4523,,7,5,7,3711,0,0,0,,0,122,"GARNET AV","JEWELL ST",0.00,,Y,A,-,N,,,,,,,,,,N,3,0,1,2,A,-,12,21453,A,M,D,G,A,A,H,-,A,A,0,,Y,,,Y,,-,,0,1,0,0,0,0,1,0,0,"- ","- ",,,"SAN DIEGO","SAN DIEGO",-117.2389701,32.800200080000003
6866034,2015,2015-04-16,3711,2015-03-29,1615,6521,,7,5,7,3711,0,0,0,,0,834,"42ND ST","THORN ST",150.00,N,N,A,-,N,,,,,,,,,,N,3,0,1,2,A,-,08,22107,,N,H,G,A,A,H,-,A,D,0,,Y,,,Y,,L,04,0,1,0,0,0,0,1,0,0,"- ","- ",,,"SAN DIEGO","SAN DIEGO",-117.10518999999999,32.740299999999998
6866053,2015,2015-04-13,3711,2015-03-24,1457,7248,,2,5,7,3711,0,0,0,,0,324,"COWLES MOUNTAIN BL","TOPAZ LAKE AV",3.00,S,N,A,-,N,,,,,,,,,,N,3,0,1,2,A,-,12,22450,A,N,D,G,A,A,H,-,A,A,0,,Y,,,Y,,L,04,0,1,0,0,0,0,1,0,0,"- ","- ",,,"SAN DIEGO","SAN DIEGO",-117.02850341,32.794542300000003
6866070,2015,2015-04-14,3711,2015-03-29,1000,5734,SANDI,7,5,7,3711,0,0,0,,0,243,"KEARNY VILLA RD","CANDIDA ST",0.00,,Y,A,-,N,,,,,,,,,,N,4,0,1,2,A,-,08,22108,,N,B,G,A,A,H,-,A,D,0,,Y,,,Y,,A,01,0,0,1,0,0,0,1,0,0,"- ","- ",,,"SAN DIEGO","SAN DIEGO",-117.12126004,32.897230010000001
6870350,2015,2015-04-13,3711,2015-03-31,0940,6218,,2,5,7,3711,0,0,0,,0,931,"SORRENTO VALLEY RD","SEA MIST WY",211.00,W,N,A,-,N,,,,,,,,,,N,4,0,1,1,A,-,03,22350,,N,F,A,A,A,D,H,A,D,0,,Y,,,Y,,L,04,0,0,1,0,0,0,1,0,0,"- ","- ",,,"SAN DIEGO","SAN DIEGO",-117.20332895999999,32.90860661
6870366,2015,2015-04-18,3711,2015-03-27,1404,6358,,5,5,7,3711,0,0,0,,0,512,"IMPERIAL AV","24TH ST",10.00,W,N,A,-,N,,,,,,,,,,N,3,0,1,2,A,-,08,22107,,M,D,G,A,A,H,-,A,D,0,,Y,,,Y,,-,,0,1,0,0,0,0,1,0,0,"- ","- ",,,"SAN DIEGO","SAN DIEGO",-117.1424624,32.706309580000003
6870380,2015,2015-04-14,3711,2015-03-19,1942,6156,SD,4,5,7,3711,0,0,0,,0,121,"SANTA CLARA PL","MISSION BL",20.00,E,N,A,-,N,,,,,,,,,,N,4,0,1,1,A,-,08,22107,,N,F,A,A,A,H,-,C,D,0,,Y,,,Y,Y,L,04,0,0,1,0,0,0,1,0,0,"- ","- ",,,"SAN DIEGO","SAN DIEGO",-117.25249569,32.782547149999999
6870398,2015,2015-04-13,3711,2015-03-17,2336,7021,,2,5,7,3711,0,0,0,,0,614,"SUNSET CLIFFS BL","NEWPORT AV",12.00,N,N,A,-,N,,,,,,,,,,N,3,0,1,2,A,-,08,22107,,N,D,G,A,A,H,-,C,D,0,,Y,,,Y,Y,L,04,0,1,0,0,0,0,1,0,0,"- ","- ",,,"SAN DIEGO","SAN DIEGO",-117.24759711999999,32.744766589999998
6875885,2015,2015-04-14,3711,2015-03-24,1823,7139,,2,5,7,3711,0,0,0,,0,311,"AERO DR","AERO DR 8825",0.00,,Y,A,-,N,,,,,,,,,,N,4,0,1,1,C,-,18,,,N,H,-,A,A,B,-,A,D,0,,Y,,,Y,,-,"- ",0,0,1,0,0,0,1,0,0,"- ","- ",,,"SAN DIEGO","SAN DIEGO",-117.13844955,32.809756020000002
6875889,2015,2015-04-14,3711,2015-03-09,1600,6775,,1,5,7,3711,0,0,0,,0,621,"FRIARS RD","VIA LAS CUMBRES",1056.00,E,N,A,-,N,,,,,,,,,,N,3,0,1,2,A,-,17,22517,,N,B,G,A,A,H,-,A,D,0,,Y,,,Y,,-,,0,1,0,0,0,0,1,0,0,"- ","- ",,,"SAN DIEGO","SAN DIEGO",-117.18022129000001,32.766084579999998
6875917,2015,2016-04-07,3711,2015-03-24,1724,7216,,2,5,7,3711,0,0,0,,0,122,"DAWES ST","THOMAS AV",55.00,S,N,A,-,N,,,,,,,,,,N,3,0,1,2,A,-,08,22107,,N,C,G,A,A,H,-,A,D,0,,Y,,,Y,Y,A,01,0,1,0,0,0,0,1,0,0,"- ","- ",,,"SAN DIEGO","SAN DIEGO",-117.24908017,32.794733119999997
6875948,2015,2015-04-14,3711,2015-03-22,1333,5198,,7,5,7,3711,0,0,0,,0,937,"CAMINO DEL SUR","OLD COURSE RD",60.00,W,N,A,-,N,,,,,,,,,,N,3,0,1,1,B,-,22,,,N,F,A,A,A,H,-,A,D,0,,Y,,,Y,,-,"- ",0,1,0,0,0,0,1,0,0,"- ","- ",,,"SAN DIEGO","SAN DIEGO",-117.13849509000001,33.021720000000002
6875952,2015,2015-04-14,3711,2015-03-20,2020,5916,,5,5,7,3711,0,0,0,,0,615,"CHATSWORTH BL","MILAN ST",7.00,N,N,B,-,N,,,,,,,,,,N,3,0,1,1,A,-,03,22350,,N,F,A,A,A,H,-,D,D,0,,Y,,,Y,,L,04,0,1,0,0,0,0,1,0,0,"- ","- ",,,"SAN DIEGO","SAN DIEGO",-117.23419624,32.733185249999998
6875960,2015,2015-04-14,3711,2015-03-20,1159,6606,,5,5,7,3711,0,0,0,,0,327,"E FALLS VIEW",MONTEZUMA,0.00,,Y,A,-,N,,,,,,,,,,N,4,0,1,2,A,-,14,21201,D,N,D,G,A,A,H,-,C,D,0,,Y,,,Y,,L,04,0,0,1,0,0,0,1,0,0,"- ","- ",,,"SAN DIEGO","SAN DIEGO",-117.06508004,32.7705901
6877507,2015,2015-04-14,3711,2015-03-26,1621,6430,"SAN D",4,5,7,3711,0,0,0,,0,124,"LAJOLLA SHORES DR","CALLE FRESCOTA",82.00,S,N,A,-,N,,,,,,,,,,N,3,0,1,3,A,-,17,22517,,N,-,G,A,A,H,-,A,D,0,,Y,,,Y,,-,,0,1,0,0,0,0,1,0,0,"- ","- ",,,"SAN DIEGO","SAN DIEGO",-117.2535862,32.857135759999998
6878722,2015,2015-04-17,3711,2015-04-03,1150,6734,,5,5,7,3711,0,0,0,,0,611,"ROSECRANS ST","KURTZ ST",30.00,N,N,A,-,N,,,,,,,,,,N,4,0,1,2,A,-,09,21804,A,N,D,G,A,A,H,-,A,D,0,,Y,,,Y,,L,04,0,0,1,0,0,0,1,0,0,"- ","- ",,,"SAN DIEGO","SAN DIEGO",-117.20382177,32.752375829999998
6878726,2015,2015-04-17,3711,2015-04-04,1800,3432,,6,5,7,3711,0,0,0,,0,124,"FAY AV","KLINE ST",1.00,N,N,A,-,N,,,,,,,,,,N,3,0,1,2,A,-,05,21650,1,N,A,G,A,A,H,-,A,A,0,,Y,,,Y,,L,04,0,1,0,0,0,0,1,0,0,"- ","- ",,,"SAN DIEGO","SAN DIEGO",-117.27473088000001,32.843302639999997
6878899,2015,2015-04-20,3711,2015-03-25,1505,5507,SDSU,3,5,7,3711,0,0,0,,0,00E,"AZTEC CIRCLE DR","S WALL OF EBA",57.00,N,N,A,-,N,,,,,,,,,,N,3,0,1,2,A,-,17,22517,,N,H,G,A,A,E,-,A,D,0,,Y,,,Y,,I,11,0,1,0,0,0,0,1,0,0,"- ","- ",,,"SAN DIEGO","SAN DIEGO",,
6879733,2015,2015-04-20,3711,2015-03-29,1037,6774,,7,5,7,3711,0,0,0,,0,934,"DEL MAR HEIGHTS RD","HARTFIELD AV",528.00,E,N,A,-,N,,,,,,,,,,N,3,0,1,2,A,-,08,22107,,N,B,G,A,A,H,-,A,D,0,,Y,,,Y,,L,04,0,1,0,0,0,0,1,0,0,"- ","- ",,,"SAN DIEGO","SAN DIEGO",-117.2281953,32.95619731
6880496,2015,2015-04-29,3711,2015-03-19,0849,5072,,4,5,7,3711,0,0,0,,0,932,"NORTH TORREY PINES RD","NU SYSTEMS DRIVEWAY",5379.00,N,N,A,-,N,,,,,,,,,,N,2,0,1,1,A,-,03,22350,,N,F,A,A,A,H,-,A,D,0,,Y,,,Y,,L,04,1,0,0,0,0,0,1,0,0,"- ","- ",,,"SAN DIEGO","SAN DIEGO",,
6881943,2015,2015-06-02,3711,2015-03-28,1106,5876,WESTE,6,5,7,3711,0,0,0,,0,625,"PRESIDIO DR","PRESIDIO DR 2800",100.00,N,N,A,-,N,,,,,,,,,,N,3,0,1,1,A,-,03,22350,,N,-,A,A,A,H,-,A,A,0,,Y,,,Y,,L,04,0,1,0,0,0,0,1,0,0,"- ","- ",,,"SAN DIEGO","SAN DIEGO",,
6882243,2015,2015-04-24,3711,2015-04-07,1020,6796,,2,5,7,3711,0,0,0,,0,452,"SKYLINE DR",VALENCIA,17.00,W,N,A,-,N,,,,,,,,,,N,3,0,1,2,A,-,08,22100,A,N,B,G,A,A,H,-,A,A,0,,Y,,,Y,,-,,0,1,0,0,0,0,1,0,0,"- ","- ",,,"SAN DIEGO","SAN DIEGO",-117.06954496,32.70144706
6882267,2015,2015-05-05,3711,2015-04-07,2114,7048,,2,5,7,3711,0,0,0,,0,123,"DE ANZA RD","DE ANZA BAY DR",150.00,S,N,A,-,N,,,,,,,,,,N,3,0,1,1,A,-,"- ",,,N,E,J,A,A,H,-,C,D,0,,Y,,,Y,,L,04,0,1,0,0,0,0,1,0,0,"- ","- ",,,"SAN DIEGO","SAN DIEGO",-117.21579819999999,32.797470160000003
6882271,2015,2015-04-24,3711,2015-04-07,1024,7026,,2,5,7,3711,0,0,0,,0,,"LA JOLLA SHORES DR","LA JOLLA SHORES LN",120.00,E,N,A,-,N,,,,,,,,,,N,3,0,1,1,A,-,03,22350,,N,H,-,A,A,A,-,A,D,0,,Y,,,Y,,L,04,0,1,0,0,0,0,1,0,0,"- ","- ",,,"SAN DIEGO","SAN DIEGO",-117.25083268,32.87106
6882319,2015,2015-04-24,3711,2015-04-08,1657,6391,,3,5,7,3711,0,0,0,,0,833,"THORN ST","46TH ST",0.00,,Y,A,-,N,,,,,,,,,,N,4,0,1,2,A,-,12,22450,A,N,D,G,A,A,H,-,A,D,0,,Y,,,Y,,L,04,0,0,1,0,0,0,1,0,0,"- ","- ",,,"SAN DIEGO","SAN DIEGO",-117.09550000999999,32.740250099999997
6882344,2015,2015-04-22,3711,2015-04-01,1058,6395,,3,5,7,3711,0,0,0,,0,724,"HOLLISTER ST","MAIN ST",187.00,S,N,A,-,N,,,,,,,,,,N,4,0,1,2,A,-,09,21804,A,N,D,G,A,A,H,-,A,D,0,,Y,,,Y,,A,01,0,0,1,0,0,0,1,0,0,"- ","- ",,,"SAN DIEGO","SAN DIEGO",-117.08410197000001,32.594328050000001