CASE_ID,ACCIDENT_YEAR,PROC_DATE,JURIS,COLLISION_DATE,COLLISION_TIME,OFFICER_ID,REPORTING_DISTRICT,DAY_OF_WEEK,CHP_SHIFT,POPULATION,CNTY_CITY_LOC,SPECIAL_COND,BEAT_TYPE,CHP_BEAT_TYPE,CITY_DIVISION_LAPD,CHP_BEAT_CLASS,BEAT_NUMBER,PRIMARY_RD,SECONDARY_RD,DISTANCE,DIRECTION,INTERSECTION,WEATHER_1,WEATHER_2,STATE_HWY_IND,CALTRANS_COUNTY,CALTRANS_DISTRICT,STATE_ROUTE,ROUTE_SUFFIX,POSTMILE_PREFIX,POSTMILE,LOCATION_TYPE,RAMP_INTERSECTION,SIDE_OF_HWY,TOW_AWAY,COLLISION_SEVERITY,NUMBER_KILLED,NUMBER_INJURED,PARTY_COUNT,PRIMARY_COLL_FACTOR,PCF_CODE_OF_VIOL,PCF_VIOL_CATEGORY,PCF_VIOLATION,PCF_VIOL_SUBSECTION,HIT_AND_RUN,TYPE_OF_COLLISION,MVIW,PED_ACTION,ROAD_SURFACE,ROAD_COND_1,ROAD_COND_2,LIGHTING,CONTROL_DEVICE,CHP_ROAD_TYPE,PEDESTRIAN_ACCIDENT,BICYCLE_ACCIDENT,MOTORCYCLE_ACCIDENT,TRUCK_ACCIDENT,NOT_PRIVATE_PROPERTY,ALCOHOL_INVOLVED,STWD_VEHTYPE_AT_FAULT,CHP_VEHTYPE_AT_FAULT,COUNT_SEVERE_INJ,COUNT_VISIBLE_INJ,COUNT_COMPLAINT_PAIN,COUNT_PED_KILLED,COUNT_PED_INJURED,COUNT_BICYCLIST_KILLED,COUNT_BICYCLIST_INJURED,COUNT_MC_KILLED,COUNT_MC_INJURED,PRIMARY_RAMP,SECONDARY_RAMP,LATITUDE,LONGITUDE,COUNTY,CITY,POINT_X,POINT_Y
6882356,2015,2015-04-22,3711,2015-04-02,1658,6865,,4,5,7,3711,0,0,0,,0,432,"EUCLID AV","GROVELAND DR",50.00,S,N,A,-,N,,,,,,,,,,N,4,0,1,2,A,-,09,21804,A,N,D,G,A,A,H,-,A,D,0,,Y,,,Y,,-,,0,0,1,0,0,0,1,0,0,"- ","- ",,,"SAN DIEGO","SAN DIEGO",-117.08505155,32.707563049999997
6882371,2015,2015-04-22,3711,2015-04-01,1044,6035,,3,5,7,3711,0,0,0,,0,831,"UNIVERSITY AV","EUCLID AV",39.00,W,N,A,-,N,,,,,,,,,,N,3,0,2,2,A,-,05,21650,1,N,D,G,A,A,H,-,A,A,0,,Y,,,Y,,L,04,0,1,1,0,0,0,2,0,0,"- ","- ",,,"SAN DIEGO","SAN DIEGO",-117.09241638,32.749552379999997
6882379,2015,2015-04-22,3711,2015-04-01,0554,5046,,3,5,7,3711,0,0,0,,0,521,"PARK BL","B ST",94.00,N,N,A,-,N,,,,,,,,,,N,4,0,1,2,A,-,08,22107,,N,B,G,A,A,H,-,C,D,0,,Y,,,Y,,A,01,0,0,1,0,0,0,1,0,0,"- ","- ",,,"SAN DIEGO","SAN DIEGO",-117.15382868,32.718077399999999
6882383,2015,2015-04-22,3711,2015-04-01,1545,7211,,3,5,7,3711,0,0,0,,0,611,"WEST WASHINGTON ST","FRONTAGE RD",15.00,E,N,A,-,N,,,,,,,,,,N,4,0,1,2,A,-,09,21453,B,N,B,G,A,A,H,-,A,A,0,,Y,Y,,Y,,C,06,0,0,1,0,0,0,1,0,0,"- ","- ",,,"SAN DIEGO","SAN DIEGO",,
6882908,2015,2015-04-22,3711,2015-03-23,0605,5046,,1,5,7,3711,0,0,0,,0,618,"MOANA DR","SANTA BARBARA ST",0.00,,Y,A,-,N,,,,,,,,,,N,2,0,1,1,A,-,12,22450,A,N,F,A,A,A,H,-,C,A,0,,Y,,,Y,,L,04,1,0,0,0,0,0,1,0,0,"- ","- ",,,"SAN DIEGO","SAN DIEGO",-117.24718011,32.726310079999998
6883415,2015,2015-04-21,3711,2015-04-03,1430,7256,E1SD,5,5,7,3711,0,0,0,,0,315,"CAMINO DEL RIO N","QUALCOMM WY",1100.00,E,N,A,-,N,,,,,,,,,,N,3,0,1,1,C,-,18,,,N,F,I,A,A,A,-,A,D,0,,Y,,,Y,,-,"- ",0,1,0,0,0,0,1,0,0,"- ","- ",,,"SAN DIEGO","SAN DIEGO",-117.13663535000001,32.772049950000003
6883939,2015,2015-04-30,3711,2015-04-07,1749,7092,SD,2,5,7,3711,0,0,0,,0,623,"HOTEL CIRCLE SOUTH","HOTEL CIRCLE PL",1056.00,W,N,A,-,N,,,,,,,,,,N,4,0,1,2,A,-,08,22107,,M,B,G,A,A,H,-,A,D,0,,Y,,,Y,,-,"- ",0,0,1,0,0,0,1,0,0,"- ","- ",,,"SAN DIEGO","SAN DIEGO",-117.1888,32.759920000000001
6883940,2015,2015-04-21,3711,2015-04-06,1547,6070,,1,5,7,3711,0,0,0,,0,122,"GARNET AV","DAWES ST",18.00,E,N,A,-,N,,,,,,,,,,N,4,0,1,1,A,-,03,22350,,N,H,-,A,A,H,-,A,D,0,,Y,,,Y,,L,04,0,0,1,0,0,0,1,0,0,"- ","- ",,,"SAN DIEGO","SAN DIEGO",-117.24995328999999,32.797741729999998
6883944,2015,2015-04-21,3711,2015-04-04,1910,6936,,6,5,7,3711,0,0,0,,0,613,"WEST POINT LOMA BL","GROTON ST",6.00,W,N,A,-,N,,,,,,,,,,N,3,0,1,2,A,-,12,21453,A,N,D,G,A,A,H,-,C,A,0,,Y,,,Y,,L,04,0,1,0,0,0,0,1,0,0,"- ","- ",,,"SAN DIEGO","SAN DIEGO",-117.22195773999999,32.754333250000002
6883952,2015,2017-01-06,3711,2015-04-05,1240,7272,,7,5,7,3711,0,0,0,,0,444,"MARKET ST","RT 15",99.00,E,N,A,-,Y,SD,11,15,-,-,991.755,R,4,N,N,3,0,1,1,A,-,03,22350,,N,H,-,A,A,H,-,A,D,0,,Y,,,Y,,L,04,0,1,0,0,0,0,1,0,0,"- ",NF,,,"SAN DIEGO","SAN DIEGO",-117.11871248,32.711551659999998
6885316,2015,2015-05-27,3711,2015-04-05,1251,5262,,7,5,7,3711,0,0,0,,0,615,"CANON ST","DEL MAR AV",3960.00,E,N,A,-,N,,,,,,,,,,N,3,0,1,2,A,-,03,22350,,N,C,E,A,A,H,-,A,D,0,,Y,,,Y,,L,04,0,1,0,0,0,0,1,0,0,"- ","- ",,,"SAN DIEGO","SAN DIEGO",-117.23053668999999,32.720719440000003
6886097,2015,2015-04-28,3711,2015-04-10,1505,7156,,5,5,7,3711,0,0,0,,0,511,"MAIN ST","RIGEL ST",0.00,,Y,A,-,N,,,,,,,,,,N,3,0,1,2,A,-,05,21651,B,N,D,G,A,A,H,-,A,D,0,,Y,,,Y,Y,L,04,0,1,0,0,0,0,1,0,0,"- ","- ",,,"SAN DIEGO","SAN DIEGO",-117.12199,32.690070040000002
6886128,2015,2015-04-23,3711,2015-04-03,0952,5734,SANDI,5,5,7,3711,0,0,0,,0,242,"BLACK MOUNTAIN RD","MIRA MESA BL",0.00,,Y,A,-,N,,,,,,,,,,N,4,0,1,2,A,-,05,21650,1,N,D,G,A,A,H,-,A,D,0,,Y,,,Y,,L,04,0,0,1,0,0,0,1,0,0,"- ","- ",,,"SAN DIEGO","SAN DIEGO",-117.12489004,32.917230089999997
6886132,2015,2015-04-23,3711,2015-04-08,1205,4965,SANDI,3,5,7,3711,0,0,0,,0,621,"LINDA VISTA RD",OLRICK,314.00,W,N,A,-,N,,,,,,,,,,N,3,0,1,2,A,-,08,22107,,N,B,G,A,A,H,-,A,D,0,,Y,,,Y,,-,,0,1,0,0,0,0,1,0,0,"- ","- ",,,"SAN DIEGO","SAN DIEGO",,
6886140,2015,2015-04-29,3711,2015-04-13,0815,3667,,1,5,7,3711,0,0,0,,0,624,"ADAMS AV","PANORAMA DR",101.00,W,N,A,-,N,,,,,,,,,,N,4,0,1,2,A,-,21,22106,,N,B,G,A,A,H,-,A,D,0,,Y,,,Y,,A,01,0,0,1,0,0,0,1,0,0,"- ","- ",,,"SAN DIEGO","SAN DIEGO",-117.14279823,32.762608899999996
6886565,2015,2015-06-10,3711,2015-04-09,2100,7125,SD,4,5,7,3711,0,0,0,,0,827,"UNIVERSITY AV","SHILOH RD",22.00,W,N,A,-,N,,,,,,,,,,N,3,0,1,2,A,-,08,22107,,N,H,G,A,A,H,-,C,D,0,,Y,,,Y,,L,04,0,1,0,0,0,0,1,0,0,"- ","- ",,,"SAN DIEGO","SAN DIEGO",-117.08160131,32.749080589999998
6886785,2015,2015-04-27,3711,2015-04-12,1850,5559,,7,5,7,3711,0,0,0,,0,931,"CAMINO SANTA FE","TOP GUN ST",528.00,N,N,A,-,N,,,,,,,,,,N,3,0,1,1,D,-,00,,,N,H,A,A,A,H,-,A,D,0,,Y,,,Y,,-,"- ",0,1,0,0,0,0,1,0,0,"- ","- ",,,"SAN DIEGO","SAN DIEGO",-117.1728397,32.912111529999997
6887083,2015,2015-05-07,3711,2015-04-15,1735,7004,SOUTH,3,5,7,3711,0,0,0,,0,712,"WEST SAN YSIDRO BL","ALVERSON RD",300.00,W,N,A,-,N,,,,,,,,,,N,3,0,1,2,A,-,05,21202,A,N,D,G,A,A,H,-,A,-,0,,Y,,,Y,Y,L,04,0,1,0,0,0,0,1,0,0,"- ","- ",,,"SAN DIEGO","SAN DIEGO",-117.05247305,32.555726919999998
6887726,2015,2015-04-27,3711,2015-04-10,1729,5198,,5,5,7,3711,0,0,0,,0,313,"CONVOY ST","CLAIREMONT MESA BL",145.00,N,N,A,-,N,,,,,,,,,,N,3,0,1,2,A,-,06,21755,,N,B,G,A,A,H,-,A,D,0,,Y,,,Y,,L,04,0,1,0,0,0,0,1,0,0,"- ","- ",,,"SAN DIEGO","SAN DIEGO",-117.15326859,32.83314687
6887740,2015,2015-04-27,3711,2015-04-10,1815,7254,,5,5,7,3711,0,0,0,,0,613,"WEST POINT LOMA BL","WEST POINT LOMA BL 4358",0.00,,Y,B,-,N,,,,,,,,,,N,3,0,1,2,A,-,08,22107,,N,D,G,A,A,H,-,B,-,0,,Y,,,Y,,L,04,0,1,0,0,0,0,1,0,0,"- ","- ",,,"SAN DIEGO","SAN DIEGO",,
6894492,2015,2015-05-11,3711,2015-04-16,0745,7200,,4,5,7,3711,0,0,0,,0,116,"BALBOA AV","MORAGA AV",200.00,E,N,A,-,N,,,,,,,,,,N,4,0,1,1,A,-,03,22350,,N,-,-,A,A,H,-,A,A,0,,Y,,,Y,,L,04,0,0,1,0,0,0,1,0,0,"- ","- ",,,"SAN DIEGO","SAN DIEGO",-117.20997712,32.808120580000001
6894555,2015,2015-05-11,3711,2015-04-16,1814,6866,,4,5,7,3711,0,0,0,,0,121,"MISSION BL","BRIGHTON CT",44.00,S,N,A,-,N,,,,,,,,,,N,3,0,1,2,A,-,17,22517,,N,-,G,A,A,H,-,A,D,0,,Y,,,Y,,-,,0,1,0,0,0,0,1,0,0,"- ","- ",,,"SAN DIEGO","SAN DIEGO",-117.25108761,32.7629126
6894568,2015,2015-05-09,3711,2015-04-19,0100,5990,SDPD,7,5,7,3711,0,0,0,,0,123,"INGRAHAM ST","INGRAHAM ST 3100",0.00,,Y,A,-,N,,,,,,,,,,N,3,0,1,1,A,-,08,22107,A,N,F,A,A,A,H,-,C,D,0,,Y,,,Y,,L,04,0,1,0,0,0,0,1,0,0,"- ","- ",32.773359999999997,-117.23497,"SAN DIEGO","SAN DIEGO",-117.23490357,32.773360719999999
6894588,2015,2015-05-09,3711,2015-04-16,0705,7008,SANDI,4,5,7,3711,0,0,0,,0,838,"ORANGE AV","CHEROKEE AV",0.00,,Y,-,-,N,,,,,,,,,,N,4,0,1,2,A,-,09,21801,A,N,A,G,A,A,H,-,A,A,0,,Y,,,Y,,-,,0,0,1,0,0,0,1,0,0,"- ","- ",,,"SAN DIEGO","SAN DIEGO",-117.11475007,32.753270110000003
6894623,2015,2015-05-15,3711,2015-04-18,1804,3696,,6,5,7,3711,0,0,0,,0,124,"PEARL ST","BISHOPS LN",0.00,,Y,-,-,N,,,,,,,,,,N,3,0,1,2,A,-,09,21804,A,N,D,G,A,-,-,-,-,D,0,,Y,,,Y,Y,L,04,0,1,0,0,0,0,1,0,0,"- ","- ",,,"SAN DIEGO","SAN DIEGO",-117.27432001,32.840090070000002
6894627,2015,2015-05-09,3711,2015-04-18,1514,3696,,6,5,7,3711,0,0,0,,0,124,"MIDWAY DR","LA JOLLA BL",42.00,W,N,A,-,N,,,,,,,,,,N,4,0,1,1,A,-,03,22350,,N,H,-,A,A,H,-,A,D,0,,Y,,,Y,,L,04,0,0,1,0,0,0,1,0,0,"- ","- ",,,"SAN DIEGO","SAN DIEGO",-117.26845622,32.812338689999997
6894628,2015,2015-05-09,3711,2015-04-15,1612,7322,,3,5,7,3711,0,0,0,,0,931,"PORTOFINO DR","DEL MAR HEIGHTS RD",249.00,S,N,A,-,N,,,,,,,,,,N,4,0,1,2,A,-,09,21801,A,N,D,G,A,A,H,-,A,D,0,,Y,,,Y,,-,,0,0,1,0,0,0,1,0,0,"- ","- ",,,"SAN DIEGO","SAN DIEGO",-117.24605045,32.948246939999997
6894640,2015,2015-05-09,3711,2015-04-15,1734,6976,SANDI,3,5,7,3711,0,0,0,,0,621,"LINDA VISTA","TAIT ST",300.00,N,N,A,-,N,,,,,,,,,,N,3,0,1,2,A,-,10,21950,A,N,D,G,A,A,H,-,A,D,0,,Y,,,Y,Y,-,,0,1,0,0,0,0,1,0,0,"- ","- ",,,"SAN DIEGO","SAN DIEGO",-117.17260416000001,32.781557509999999
6900271,2015,2015-05-11,3711,2015-03-21,1315,3815,,6,5,7,3711,0,0,0,,0,124,"TORREY PINES RD","AMALFI ST",21.00,W,N,A,-,N,,,,,,,,,,N,3,0,1,1,C,-,18,,,N,F,A,A,A,A,B,A,D,0,,Y,,,Y,,-,"- ",0,1,0,0,0,0,1,0,0,"- ","- ",,,"SAN DIEGO","SAN DIEGO",-117.26402409000001,32.84841042
6902484,2015,2015-05-12,3711,2015-04-24,0956,6768,,5,5,7,3711,0,0,0,,0,834,"UNIVERSITY AV","FAIRMOUNT AV",50.00,E,N,B,C,N,,,,,,,,,,N,4,0,1,2,A,-,05,21650,1,N,H,G,A,B,H,-,A,D,0,,Y,,,Y,,L,04,0,0,1,0,0,0,1,0,0,"- ","- ",,,"SAN DIEGO","SAN DIEGO",-117.10073812,32.749606739999997
6902555,2015,2015-05-12,3711,2015-04-25,1300,7146,,6,5,7,3711,0,0,0,,0,531,"PERSHING DR","FLORIDA DR",4.00,E,N,A,-,N,,,,,,,,,,Y,3,0,1,2,A,-,08,22107,,N,B,H,A,A,H,-,A,A,0,,Y,,,Y,,-,,0,1,0,0,0,0,1,0,0,"- ","- ",,,"SAN DIEGO","SAN DIEGO",-117.14261293,32.722729190000003
6902654,2015,2016-06-06,3711,2015-04-26,1624,6648,,7,5,7,3711,0,0,0,,0,933,"DEL MAR HEIGHTS RD","CREST WY",0.00,,Y,A,-,N,,,,,,,,,,N,3,0,1,2,A,-,17,21200,A,N,D,G,A,A,H,-,A,A,0,,Y,,,Y,,L,04,0,1,0,0,0,0,1,0,0,"- ","- ",,,"SAN DIEGO","SAN DIEGO",-117.25510002999999,32.949380089999998
6902685,2015,2015-05-14,3711,2015-01-23,1520,6929,NORTH,5,5,7,3711,0,0,0,,0,124,"LA JOLLA VILLAGE DR","LA JOLLA SCENIC",350.00,E,N,B,-,N,,,,,,,,,,N,3,0,1,2,A,-,"- ",,,N,C,G,A,A,H,-,A,D,0,,Y,,,Y,,L,04,0,1,0,0,0,0,1,0,0,"- ","- ",,,"SAN DIEGO","SAN DIEGO",-117.24000654,32.870865180000003
6902962,2015,2015-05-20,3711,2015-04-23,0900,6631,SANDI,4,5,7,3711,0,0,0,,0,813,"FLORIDA ST","UNIVERSITY AV",300.00,S,N,B,-,N,,,,,,,,,,N,4,0,1,2,A,-,17,22517,,N,E,G,A,A,H,-,A,D,0,,Y,,,Y,,-,,0,0,1,0,0,0,1,0,0,"- ","- ",,,"SAN DIEGO","SAN DIEGO",-117.14372410999999,32.747618209999999
6903019,2015,2015-05-19,3711,2015-04-14,1742,6224,,2,5,7,3711,0,0,0,,0,122,"GARNET AV","GRESHAM ST",50.00,W,N,A,-,N,,,,,,,,,,N,4,0,1,2,A,-,21,22106,,M,D,G,A,A,H,-,A,A,0,,Y,,,Y,Y,-,,0,0,1,0,0,0,1,0,0,"- ","- ",,,"SAN DIEGO","SAN DIEGO",-117.24467677,32.798904880000002
6905003,2015,2015-05-28,3711,2015-04-15,0914,4864,,3,5,7,3711,0,0,0,,0,524,BROADWAY,"4TH AV",52.00,E,N,A,-,N,,,,,,,,,,N,3,0,1,2,A,-,03,22350,,N,C,G,A,A,H,-,A,A,0,,Y,,,Y,,L,04,0,1,0,0,0,0,1,0,0,"- ","- ",,,"SAN DIEGO","SAN DIEGO",-117.16089155,32.715693700000003
6905946,2015,2015-05-22,3711,2015-04-17,1121,5838,,5,5,7,3711,0,0,0,,0,511,"HARBOR BL","HARBOR BL 2800",0.00,,-,A,-,N,,,,,,,,,,N,3,0,1,2,A,-,08,22107,,N,H,G,A,A,H,-,A,D,0,,Y,,,Y,,L,04,0,1,0,0,0,0,1,0,0,"- ","- ",,,"SAN DIEGO","SAN DIEGO",,
6907136,2015,2015-05-26,3711,2015-04-26,1740,6795,,7,5,7,3711,0,0,0,,0,626,SUNSET,"ARDEN WY",10.00,W,N,A,-,N,,,,,,,,,,N,4,0,1,2,A,-,21,22106,,N,D,G,A,A,H,-,A,D,0,,Y,,,Y,,-,,0,0,1,0,0,0,1,0,0,"- ","- ",,,"SAN DIEGO","SAN DIEGO",-117.18505242000001,32.751220000000004
6907196,2015,2017-01-06,3711,2015-04-28,2047,6555,,2,5,7,3711,0,0,0,,0,838,"UNIVERSITY AV","40TH ST",5.00,E,N,A,-,Y,SD,11,15,-,M,4.534,R,4,S,N,3,0,1,2,A,-,08,22107,A,N,D,G,A,A,-,-,C,A,0,,Y,,,Y,,-,,0,1,0,0,0,0,1,0,0,"- ","- ",,,"SAN DIEGO","SAN DIEGO",-117.10904633,32.748147299999999
6907212,2015,2017-01-06,3711,2015-04-27,1820,7220,"SAN D",1,5,7,3711,0,0,0,,0,511,"MAIN ST","RT 15",12.00,W,N,A,-,Y,SD,11,15,-,R,0.026,R,1,S,N,4,0,1,2,A,-,09,21453,B,N,D,G,A,A,H,-,A,A,0,,Y,,,Y,,-,,0,0,1,0,0,0,1,0,0,"- ",WF,,,"SAN DIEGO","SAN DIEGO",-117.12169588,32.693001649999999
6907280,2015,2015-05-13,3711,2015-04-29,1034,7200,3711,3,5,7,3711,0,0,0,,0,122,"PACIFIC BEACH DR","OLNEY ST",1000.00,E,N,A,-,N,,,,,,,,,,N,4,0,1,1,A,-,03,22350,,N,E,A,A,A,G,-,A,D,0,,Y,,,Y,,L,04,0,0,1,0,0,0,1,0,0,"- ","- ",,,"SAN DIEGO","SAN DIEGO",-117.22571000000001,32.797060000000002
6909241,2015,2015-05-15,3711,2015-04-30,1234,700,,4,5,7,3711,0,0,0,,0,614,ABBOTT,"NEWPORT AV",105.00,N,N,-,-,N,,,,,,,,,,,3,0,1,1,A,-,17,21203,,N,H,A,A,-,-,-,-,D,0,,Y,,,Y,Y,L,04,0,1,0,0,0,0,1,0,0,"- ","- ",,,"SAN DIEGO","SAN DIEGO",-117.25265978,32.748114379999997
6909242,2015,2015-05-15,3711,2015-04-30,1935,6555,,4,5,7,3711,0,0,0,,0,813,UNIVERSITY,"32ND ST",0.00,,Y,-,-,N,,,,,,,,,,,4,0,1,2,A,-,09,21801,A,N,D,G,A,-,-,-,-,A,0,,Y,,,Y,,-,,0,0,1,0,0,0,1,0,0,"- ","- ",,,"SAN DIEGO","SAN DIEGO",-117.12521005000001,32.748500010000001
6909243,2015,2015-05-15,3711,2015-04-30,2200,5903,,4,5,7,3711,0,0,0,,0,832,"ORANGE AV","43RD ST",135.00,E,N,-,-,N,,,,,,,,,,,3,0,1,2,A,-,08,22107,,N,D,G,A,-,-,-,-,D,0,,Y,,,Y,,A,01,0,1,0,0,0,0,1,0,0,"- ","- ",,,"SAN DIEGO","SAN DIEGO",-117.10149239,32.753169999999997
6910527,2015,2015-05-12,3711,2015-04-18,1656,6794,SD,6,5,7,3711,0,0,0,,0,242,"HILLERY DR","HILLERY DR 9260",10.00,E,N,A,-,N,,,,,,,,,,N,3,0,1,2,A,-,05,21651,B,N,D,G,A,A,H,-,A,D,0,,Y,,,Y,,L,04,0,1,0,0,0,0,1,0,0,"- ","- ",,,"SAN DIEGO","SAN DIEGO",,
6910532,2015,2015-05-12,3711,2015-04-18,1645,6515,,6,5,7,3711,0,0,0,,0,512,"S 30TH ST","CLAY AV",0.00,,Y,A,-,N,,,,,,,,,,N,3,0,1,1,A,-,03,22350,,N,H,-,A,A,H,-,A,D,0,,Y,,,Y,,L,04,0,1,0,0,0,0,1,0,0,"- ","- ",,,"SAN DIEGO","SAN DIEGO",-117.12952002,32.703250019999999
6910540,2015,2015-05-12,3711,2015-04-20,2101,5531,521,1,5,7,3711,0,0,0,,0,521,"PARK BL","ISLAND AV",0.00,,Y,A,-,N,,,,,,,,,,N,4,0,1,2,A,-,12,21453,A,N,A,G,A,A,H,-,C,A,0,,Y,,,Y,,L,04,0,0,1,0,0,0,1,0,0,"- ","- ",,,"SAN DIEGO","SAN DIEGO",-117.15373003000001,32.710450039999998
6910552,2015,2015-05-12,3711,2015-04-20,1430,7048,,1,5,7,3711,0,0,0,,0,115,NOBEL,"DANICA AV",0.00,,Y,B,-,N,,,,,,,,,,N,3,0,1,2,A,-,"- ",,,N,D,G,A,A,H,-,A,D,0,,Y,,,Y,Y,L,04,0,1,0,0,0,0,1,0,0,"- ","- ",,,"SAN DIEGO","SAN DIEGO",,
6911301,2015,2015-05-19,3711,2015-04-30,0725,6628,,4,5,7,3711,0,0,0,,0,511,"HARBOR DR","PARK BL",80.00,E,N,-,-,N,,,,,,,,,,N,3,0,1,2,A,-,17,22517,,N,H,G,A,-,-,-,-,A,0,,Y,,,Y,,-,,0,1,0,0,0,0,1,0,0,"- ","- ",,,"SAN DIEGO","SAN DIEGO",-117.15754135,32.704900119999998
6916224,2015,2015-06-01,3711,2015-04-09,2154,7253,,4,5,7,3711,0,0,0,,0,122,"FIGUEROA BL","MAGNOLIA AV",0.00,,Y,A,-,N,,,,,,,,,,N,4,0,1,2,A,-,08,22107,,N,B,G,A,A,H,-,C,A,0,,Y,,,Y,Y,A,01,0,0,1,0,0,0,1,0,0,"- ","- ",,,"SAN DIEGO","SAN DIEGO",-117.21936009,32.804390050000002
6920902,2015,2016-06-06,3711,2015-05-07,2015,5985,,4,5,7,3711,0,0,0,,0,315,"CAMINO DEL RIO S","TEXAS ST",0.00,,Y,B,-,N,,,,,,,,,,N,4,0,1,2,D,-,00,,,M,D,G,A,A,H,-,C,A,0,,Y,,,Y,,-,"- ",0,0,1,0,0,0,1,0,0,"- ","- ",,,"SAN DIEGO","SAN DIEGO",-117.13927009,32.767300079999998
6921556,2015,2015-05-26,3711,2015-05-05,0829,7292,"SAN D",2,5,7,3711,0,0,0,,0,234,"RANCHO BERNARDO RD","MATINAL RD",90.00,E,N,B,-,N,,,,,,,,,,N,3,0,1,2,-,-,"- ",,,N,H,G,A,A,H,-,A,D,0,,Y,,,Y,,-,"- ",0,1,0,0,0,0,1,0,0,"- ","- ",,,"SAN DIEGO","SAN DIEGO",-117.09193068,33.024363510000001
6922256,2015,2016-06-06,3711,2015-05-01,1837,6648,,5,5,7,3711,0,0,0,,0,935,"EL CAMINIO REAL","VIA DE LA VALLE",42.00,S,N,-,-,N,,,,,,,,,,,3,0,1,2,A,-,04,21703,,N,-,G,A,-,-,-,-,D,0,,Y,,,Y,,-,,0,1,0,0,0,0,1,0,0,"- ","- ",,,"SAN DIEGO","SAN DIEGO",-117.23048,32.982604940000002
6922283,2015,2015-06-16,3711,2015-05-04,1530,7270,SANDI,1,5,7,3711,0,0,0,,0,524,BROADWAY,"9TH ST",102.00,W,N,A,-,N,,,,,,,,,,N,4,0,1,1,A,-,17,21205,,N,H,A,A,A,H,-,A,A,0,,Y,,,Y,,L,04,0,0,1,0,0,0,1,0,0,"- ","- ",,,"SAN DIEGO","SAN DIEGO",-117.15684052,32.715719999999997
6925528,2015,2015-06-09,3711,2015-05-10,1245,6693,,7,5,7,3711,0,0,0,,0,321,"SANTO RD","FRIARS RD",0.00,,Y,A,-,N,,,,,,,,,,N,3,0,1,2,A,-,21,22106,,N,A,G,A,A,H,-,A,A,0,,Y,,,Y,,-,,0,1,0,0,0,0,1,0,0,"- ","- ",,,"SAN DIEGO","SAN DIEGO",-117.10512005,32.790360059999998
6925930,2015,2015-06-04,3711,2015-05-12,1857,7109,52,2,5,7,3711,0,0,0,,0,723,"IRIS AV","MONTEREY PINE DR",119.00,E,N,A,-,N,,,,,,,,,,N,3,0,1,2,A,-,09,21804,A,N,G,G,A,A,H,-,A,D,0,,Y,,,Y,,-,,0,1,0,0,0,0,1,0,0,"- ","- ",,,"SAN DIEGO","SAN DIEGO",-117.07179515,32.569143250000003
6928916,2015,2015-06-16,3711,2015-05-13,1654,4116,,3,5,7,3711,0,0,0,,0,323,"DEL CERRO BL","MADRA AV",0.00,,Y,A,-,N,,,,,,,,,,N,3,0,1,2,A,-,09,21800,A,N,D,G,A,A,H,-,A,D,0,,Y,,,Y,,-,,0,1,0,0,0,0,1,0,0,"- ","- ",,,"SAN DIEGO","SAN DIEGO",-117.05932007,32.782800090000002
6928932,2015,2015-06-16,3711,2015-05-14,0945,7135,,4,5,7,3711,0,0,0,,0,123,"QUIVIRA RD","QUIVIRA WY",0.00,,Y,B,G,N,,,,,,,,,,,3,0,1,1,A,-,08,22107,,N,E,I,A,A,H,-,A,D,0,,Y,,,Y,,L,04,0,1,0,0,0,0,1,0,0,"- ","- ",,,"SAN DIEGO","SAN DIEGO",-117.24181007,32.764860050000003
6928951,2015,2015-06-17,3711,2015-05-12,2016,7287,,2,5,7,3711,0,0,0,,0,121,MISSION,"SAN JOSE ST",0.00,,Y,A,-,N,,,,,,,,,,N,4,0,1,2,A,-,10,21950,A,N,G,B,A,A,H,-,B,-,0,,Y,,,Y,,A,01,0,0,1,0,0,0,1,0,0,"- ","- ",,,"SAN DIEGO","SAN DIEGO",-117.25292005999999,32.784730109999998
6934244,2015,2015-06-17,3711,2015-05-01,1554,6849,,5,5,7,3711,0,0,0,,0,434,PIGEON,"LISBON ST",12.00,S,N,A,-,N,,,,,,,,,,N,3,0,1,2,A,-,12,22450,A,N,A,G,A,A,H,-,A,A,0,,Y,,,Y,,A,01,0,1,0,0,0,0,1,0,0,"- ","- ",,,"SAN DIEGO","SAN DIEGO",-117.0469093,32.71201714
6934263,2015,2016-06-06,3711,2015-05-18,1600,6776,,1,5,7,3711,0,0,0,,0,111,"CLAIREMONT MESA BL","LONGFORD ST",210.00,E,N,A,-,N,,,,,,,,,,N,4,0,1,2,A,-,03,22350,,N,C,G,A,A,H,-,A,A,0,,Y,,,Y,,L,04,0,0,1,0,0,0,1,0,0,"- ","- ",,,"SAN DIEGO","SAN DIEGO",-117.18201864,32.834491890000002
6934271,2015,2015-06-16,3711,2015-05-16,2040,7048,,6,5,7,3711,0,0,0,,0,115,"EXECUTIVE SQ DR",GENESEE,150.00,W,N,A,-,N,,,,,,,,,,N,3,0,1,1,A,-,00,8409,,N,-,I,A,A,H,-,C,D,0,,Y,,,Y,Y,L,04,0,1,0,0,0,0,1,0,0,"- ","- ",,,"SAN DIEGO","SAN DIEGO",-117.21464932000001,32.874050969999999