CASE_ID,ACCIDENT_YEAR,PROC_DATE,JURIS,COLLISION_DATE,COLLISION_TIME,OFFICER_ID,REPORTING_DISTRICT,DAY_OF_WEEK,CHP_SHIFT,POPULATION,CNTY_CITY_LOC,SPECIAL_COND,BEAT_TYPE,CHP_BEAT_TYPE,CITY_DIVISION_LAPD,CHP_BEAT_CLASS,BEAT_NUMBER,PRIMARY_RD,SECONDARY_RD,DISTANCE,DIRECTION,INTERSECTION,WEATHER_1,WEATHER_2,STATE_HWY_IND,CALTRANS_COUNTY,CALTRANS_DISTRICT,STATE_ROUTE,ROUTE_SUFFIX,POSTMILE_PREFIX,POSTMILE,LOCATION_TYPE,RAMP_INTERSECTION,SIDE_OF_HWY,TOW_AWAY,COLLISION_SEVERITY,NUMBER_KILLED,NUMBER_INJURED,PARTY_COUNT,PRIMARY_COLL_FACTOR,PCF_CODE_OF_VIOL,PCF_VIOL_CATEGORY,PCF_VIOLATION,PCF_VIOL_SUBSECTION,HIT_AND_RUN,TYPE_OF_COLLISION,MVIW,PED_ACTION,ROAD_SURFACE,ROAD_COND_1,ROAD_COND_2,LIGHTING,CONTROL_DEVICE,CHP_ROAD_TYPE,PEDESTRIAN_ACCIDENT,BICYCLE_ACCIDENT,MOTORCYCLE_ACCIDENT,TRUCK_ACCIDENT,NOT_PRIVATE_PROPERTY,ALCOHOL_INVOLVED,STWD_VEHTYPE_AT_FAULT,CHP_VEHTYPE_AT_FAULT,COUNT_SEVERE_INJ,COUNT_VISIBLE_INJ,COUNT_COMPLAINT_PAIN,COUNT_PED_KILLED,COUNT_PED_INJURED,COUNT_BICYCLIST_KILLED,COUNT_BICYCLIST_INJURED,COUNT_MC_KILLED,COUNT_MC_INJURED,PRIMARY_RAMP,SECONDARY_RAMP,LATITUDE,LONGITUDE,COUNTY,CITY,POINT_X,POINT_Y
6934275,2015,2015-06-16,3711,2015-05-16,1640,3696,,6,5,7,3711,0,0,0,,0,124,"LA JOLLA BL","BIRD ROCK AV",298.00,S,N,B,-,N,,,,,,,,,,N,3,0,1,2,A,-,08,22107,,N,B,G,A,A,H,-,A,D,0,,Y,,,Y,,-,,0,1,0,0,0,0,1,0,0,"- ","- ",,,"SAN DIEGO","SAN DIEGO",-117.27017641,32.814821350000003
6934317,2015,2015-06-24,3711,2015-05-17,1057,7125,SD,7,5,7,3711,0,0,0,,0,822,"EL CAJON BL","54TH ST",10.00,W,N,A,-,N,,,,,,,,,,N,4,0,1,2,A,-,12,21453,A,N,D,G,A,A,H,-,A,A,0,,Y,,,Y,,-,"- ",0,0,1,0,0,0,1,0,0,"- ","- ",,,"SAN DIEGO","SAN DIEGO",-117.07938197999999,32.75783552
6934350,2015,2015-06-11,3711,2015-05-15,1844,7103,,5,5,7,3711,0,0,0,,0,437,"ALSACIA ST","SOUTH WOODMAN ST",8.00,E,N,B,-,N,,,,,,,,,,N,3,0,1,2,A,-,12,21453,A,M,D,G,A,A,H,-,A,A,0,,Y,,,Y,,-,,0,1,0,0,0,0,1,0,0,"- ","- ",,,"SAN DIEGO","SAN DIEGO",-117.04317604000001,32.682948330000002
6935275,2015,2015-07-23,3711,2015-06-25,1341,4116,,4,5,7,3711,0,0,0,,0,311,"MURPHY CANYON RD","STONECREST BL",300.00,N,N,-,-,N,,,,,,,,,,N,3,0,1,2,A,-,08,22107,,N,D,G,A,-,-,-,-,D,0,,Y,,,Y,,L,04,0,1,0,0,0,0,1,0,0,"- ","- ",,,"SAN DIEGO","SAN DIEGO",-117.11406384999999,32.80516274
6937157,2015,2015-06-11,3711,2015-03-28,1230,6641,,6,5,7,3711,0,0,0,,0,,"SAN DIEGUITO RD","EL CAMINIO REAL",122.00,E,N,A,-,N,,,,,,,,,,,4,0,1,1,C,-,18,,,N,H,-,A,D,H,-,A,A,0,,Y,,,Y,,-,"- ",0,0,1,0,0,0,1,0,0,"- ","- ",,,"SAN DIEGO","SAN DIEGO",-117.2307807,32.975521809999996
6937158,2015,2015-06-11,3711,2015-03-28,1225,6157,,6,5,7,3711,0,0,0,,0,935,"SAN DIEGUITO RD","EL CAMINIO REAL",12.00,E,N,A,-,N,,,,,,,,,,N,4,0,1,1,C,-,18,,,N,H,-,A,D,G,-,A,A,0,,Y,,,Y,,-,"- ",0,0,1,0,0,0,1,0,0,"- ","- ",,,"SAN DIEGO","SAN DIEGO",-117.23106859000001,32.975700510000003
6938181,2015,2015-10-01,3711,2015-09-20,1620,6009,EASTE,7,5,7,3711,0,0,0,,0,321,"FAIRMOUNT AV","CAMINO DEL RIO N",132.00,S,N,A,-,N,,,,,,,,,,N,4,0,1,2,A,-,00,21760,C,N,B,G,A,A,H,-,A,D,0,,Y,,,Y,,-,,0,0,1,0,0,0,1,0,0,"- ","- ",,,"SAN DIEGO","SAN DIEGO",-117.10160036000001,32.779851800000003
6938184,2015,2015-10-01,3711,2015-09-18,0619,4923,,5,5,7,3711,0,0,0,,0,242,"MIRA MESA BL","GREENFORD DR",0.00,,Y,A,-,N,,,,,,,,,,N,3,0,1,2,A,-,12,21453,A,N,D,G,A,A,H,-,C,A,0,,Y,,,Y,,L,04,0,1,0,0,0,0,1,0,0,"- ","- ",,,"SAN DIEGO","SAN DIEGO",-117.13297000999999,32.913870060000001
6940058,2015,2015-08-19,3711,2015-05-19,1815,7162,,2,5,7,3711,0,0,0,,0,447,"47TH ST",FEDERAL,0.00,,Y,A,-,N,,,,,,,,,,N,4,0,1,2,A,-,09,21801,A,N,B,G,A,A,-,-,A,A,0,,Y,,,Y,,-,"- ",0,0,1,0,0,0,1,0,0,"- ","- ",,,"SAN DIEGO","SAN DIEGO",-117.09354002000001,32.721450019999999
6940897,2015,2015-07-17,3711,2015-06-27,1629,7086,,6,5,7,3711,0,0,0,,0,813,"UNIVERSITY AV","OREGON ST",0.00,,Y,B,-,N,,,,,,,,,,N,3,0,1,2,A,-,12,22450,A,N,H,G,A,A,H,-,A,D,0,,Y,,,Y,,L,04,0,1,0,0,0,0,1,0,0,"- ","- ",,,"SAN DIEGO","SAN DIEGO",-117.13511004,32.74846007
6941278,2015,2015-06-29,3711,2015-05-21,1750,6653,,4,5,7,3711,0,0,0,,0,831,"HIGHLAND AV","W ALLY HIGHLAND 4000",0.00,,Y,B,-,N,,,,,,,,,,N,4,0,1,2,A,-,09,21804,A,M,D,G,A,A,H,-,A,D,0,,Y,,,Y,Y,-,"- ",0,0,1,0,0,0,1,0,0,"- ","- ",,,"SAN DIEGO","SAN DIEGO",,
6941361,2015,2015-07-01,3711,2015-05-13,1632,6532,,3,5,7,3711,0,0,0,,0,615,"CANON ST",ROSECRANS,140.00,E,N,A,-,N,,,,,,,,,,N,3,0,1,2,A,-,17,21461,A,N,D,G,A,A,H,-,A,D,0,,Y,,,Y,,-,,0,1,0,0,0,0,1,0,0,"- ","- ",,,"SAN DIEGO","SAN DIEGO",-117.23151654999999,32.721312159999997
6946790,2015,2015-06-29,3711,2015-05-23,1747,7305,,6,5,7,3711,0,0,0,,0,827,"UNIVERSITY AV","52ND ST",87.00,E,N,B,-,N,,,,,,,,,,N,4,0,1,2,A,-,09,21804,A,N,B,G,A,A,H,-,A,A,0,,Y,,,Y,,L,04,0,0,1,0,0,0,1,0,0,"- ","- ",,,"SAN DIEGO","SAN DIEGO",-117.08330803,32.749096680000001
6947489,2015,2015-06-27,3711,2015-05-30,0010,6223,N2,6,5,7,3711,0,0,0,,0,122,"PACIFIC BEACH DR","MISSION BL",300.00,E,N,A,-,N,,,,,,,,,,N,3,0,1,1,A,-,03,22350,,N,H,-,A,A,H,-,C,D,0,,Y,,,Y,Y,L,04,0,1,0,0,0,0,1,0,0,"- ","- ",,,"SAN DIEGO","SAN DIEGO",-117.25283172,32.791157820000002
6947498,2015,2015-06-26,3711,2015-05-31,1045,4824,,7,5,7,3711,0,0,0,,0,233,"CARMEL MOUNTAIN RD","SUNDANCE CIR",0.00,,Y,A,-,N,,,,,,,,,,N,3,0,1,2,A,-,05,21650,1,N,D,G,A,A,H,-,A,D,0,,Y,,,Y,,L,04,0,1,0,0,0,0,1,0,0,"- ","- ",,,"SAN DIEGO","SAN DIEGO",-117.14531006,32.9568601
6947510,2015,2015-06-26,3711,2015-05-27,1315,5559,,3,5,7,3711,0,0,0,,0,934,"CARMEL MOUNTAIN RD",TROTTER,235.00,W,N,A,-,N,,,,,,,,,,Y,3,0,1,2,A,-,03,22350,,N,C,E,A,A,H,-,A,D,0,,Y,,,Y,,L,04,0,1,0,0,0,0,1,0,0,"- ","- ",,,"SAN DIEGO","SAN DIEGO",-117.20163057000001,32.927195560000001
6947717,2015,2015-06-23,3711,2015-05-27,1700,7276,,3,5,7,3711,0,0,0,,0,614,"CABLE ST","NEWPORT AV",0.00,,Y,A,-,N,,,,,,,,,,N,4,0,1,2,A,-,11,21950,B,N,G,-,B,A,H,-,A,A,0,Y,Y,,,Y,,N,60,0,0,1,0,1,0,0,0,0,"- ","- ",,,"SAN DIEGO","SAN DIEGO",-117.24931008999999,32.745800109999998
6949854,2015,2015-07-03,3711,2015-06-01,1810,6887,,1,5,7,3711,0,0,0,,0,446,"47TH ST","NOGAL ST",8.00,S,N,A,-,N,,,,,,,,,,N,3,0,1,2,A,-,08,22107,,N,-,G,A,A,H,-,A,D,0,,Y,,,Y,Y,-,,0,1,0,0,0,0,1,0,0,"- ","- ",,,"SAN DIEGO","SAN DIEGO",-117.09363123999999,32.705908110000003
6950256,2015,2015-07-10,3711,2015-06-03,0827,6789,SANDI,3,5,7,3711,0,0,0,,0,611,"HARBOR DR","LANNING RD",6.00,S,N,B,-,N,,,,,,,,,,N,4,0,1,2,A,-,05,21651,B,N,D,G,A,A,H,-,A,A,0,,Y,,,Y,,L,04,0,0,1,0,0,0,1,0,0,"- ","- ",,,"SAN DIEGO","SAN DIEGO",-117.21827641,32.727261179999999
6951288,2015,2015-07-06,3711,2015-05-10,1840,6896,,7,5,7,3711,0,0,0,,0,839,"SWIFT AV","WIGHTMAN ST",100.00,S,N,A,-,N,,,,,,,,,,N,3,0,1,2,A,-,03,22350,,N,B,-,A,A,H,-,A,D,0,,Y,,,Y,Y,L,04,0,1,0,0,0,0,1,0,0,"- ","- ",,,"SAN DIEGO","SAN DIEGO",-117.11929000000001,32.747606079999997
6951292,2015,2015-07-06,3711,2015-05-29,1328,6753,SANDI,5,5,7,3711,0,0,0,,0,813,"30TH ST",HOWARD,2.00,S,N,A,-,N,,,,,,,,,,N,3,0,1,2,A,-,12,21453,A,N,-,G,A,A,-,-,A,A,0,,Y,,,Y,,L,04,0,1,0,0,0,0,1,0,0,"- ","- ",,,"SAN DIEGO","SAN DIEGO",-117.13020992,32.75406452
6953146,2015,2015-06-16,3711,2015-05-12,1241,4897,,2,5,7,3711,0,0,0,,0,113,"SANTA FE ST","DAMON AV",7392.00,N,N,A,-,N,,,,,,,,,,N,2,0,1,1,D,-,00,,,N,F,A,A,A,H,-,A,D,0,,Y,,,Y,,-,"- ",1,0,0,0,0,0,1,0,0,"- ","- ",,,"SAN DIEGO","SAN DIEGO",-117.23155598,32.825512789999998
6955849,2015,2015-07-06,3711,2015-06-02,1619,4116,,2,5,7,3711,0,0,0,,0,312,"PORTOBELO DR","11300 PORTOBELO DR",0.00,,Y,A,-,N,,,,,,,,,,N,3,0,1,2,A,-,09,21804,A,N,D,G,A,A,H,-,A,D,0,,Y,,,Y,,-,,0,1,0,0,0,0,1,0,0,"- ","- ",,,"SAN DIEGO","SAN DIEGO",,
6960122,2015,2015-07-02,3711,2015-06-05,1805,6104,,5,5,7,3711,0,0,0,,0,613,"WORDEN ST","BOB ST",62.00,W,N,A,-,N,,,,,,,,,,N,4,0,1,2,A,-,08,22107,,N,B,G,A,A,H,-,A,D,0,,Y,,,Y,,-,,0,0,1,0,0,0,1,0,0,"- ","- ",,,"SAN DIEGO","SAN DIEGO",-117.22474973999999,32.749700259999997
6960162,2015,2015-07-08,3711,2015-06-06,1936,7037,SANDI,6,5,7,3711,0,0,0,,0,614,"EBERS ST",NIAGARA,0.00,,Y,A,-,N,,,,,,,,,,N,2,0,1,2,A,-,12,22450,A,N,D,G,A,A,H,-,A,A,0,,Y,Y,,Y,,L,04,1,0,0,0,0,0,1,0,0,"- ","- ",,,"SAN DIEGO","SAN DIEGO",-117.24660005,32.742820010000003
6960197,2015,2015-07-08,3711,2015-06-04,1247,6718,,4,5,7,3711,0,0,0,,0,242,"MIRA MESA BL","MARBURY AV",300.00,E,N,A,-,N,,,,,,,,,,N,4,0,1,2,A,-,05,21650,1,N,D,-,A,A,H,-,A,D,0,,Y,,,Y,,L,04,0,0,1,0,0,0,1,0,0,"- ","- ",,,"SAN DIEGO","SAN DIEGO",-117.12909752,32.916618569999997
6960225,2015,2015-07-08,3711,2015-06-04,0837,4849,,4,5,7,3711,0,0,0,,0,522,"W MARKET ST","FRONT ST",0.00,,Y,B,-,N,,,,,,,,,,N,4,0,1,2,A,-,05,21650,,N,D,G,A,A,H,-,A,A,0,,Y,,,Y,,L,04,0,0,1,0,0,0,1,0,0,"- ","- ",,,"SAN DIEGO","SAN DIEGO",-117.16471004,32.711500000000001
6960229,2015,2015-07-14,3711,2015-06-07,1014,6978,SANDI,7,5,7,3711,0,0,0,,0,121,"MISSION BL","CORONADO CT",5.00,N,N,A,-,N,,,,,,,,,,N,4,0,1,2,A,-,03,22350,,N,H,G,A,A,H,-,A,D,0,,Y,,,Y,,L,04,0,0,1,0,0,0,1,0,0,"- ","- ",,,"SAN DIEGO","SAN DIEGO",-117.25134,32.7645737
6960247,2015,2015-07-10,3711,2015-06-07,1305,7320,NE,7,5,7,3711,0,0,0,,0,,"BLACK MOUNTAIN RD","CAPRICORN WY",20.00,S,N,A,-,N,,,,,,,,,,N,3,0,1,1,A,-,03,22350,,N,H,-,A,A,H,-,A,A,0,,Y,,,Y,,L,04,0,1,0,0,0,0,1,0,0,"- ","- ",,,"SAN DIEGO","SAN DIEGO",-117.12464188,32.924276140000003
6960275,2015,2015-07-10,3711,2015-06-08,1137,6834,,1,5,7,3711,0,0,0,,0,934,"CARMEL VIEW RD","RUETTE ALLIANTE",30.00,E,N,A,-,N,,,,,,,,,,N,4,0,1,1,A,-,08,22107,,N,E,I,A,A,-,-,A,D,0,,Y,,,Y,,L,04,0,0,1,0,0,0,1,0,0,"- ","- ",,,"SAN DIEGO","SAN DIEGO",-117.23499255,32.944101799999999
6964441,2015,2015-07-10,3711,2015-06-04,1810,6223,N2,4,5,7,3711,0,0,0,,0,121,"OCEAN FRONT WALK","TANGIERS CT",3.00,S,N,B,-,N,,,,,,,,,,N,4,0,2,2,A,-,11,21954,A,N,H,B,D,A,H,-,A,D,0,Y,Y,,,Y,,N,60,0,0,2,0,1,0,1,0,0,"- ","- ",,,"SAN DIEGO","SAN DIEGO",-117.25416828,32.785971910000001
6965586,2015,2015-07-14,3711,2015-06-17,0749,6156,SD,3,5,7,3711,0,0,0,,0,115,GENESEE,"GENESEE AV",2.00,W,N,A,-,N,,,,,,,,,,N,4,0,1,2,A,-,09,21801,A,N,B,G,A,A,H,-,A,A,0,,Y,,,Y,,-,,0,0,1,0,0,0,1,0,0,"- ","- ",,,"SAN DIEGO","SAN DIEGO",-117.24035000000001,32.891739999999999
6965918,2015,2015-07-15,3711,2015-06-14,1553,5491,SANDI,7,5,7,3711,0,0,0,,0,531,"PARK BL","MORLEY FIELD DR",21.00,N,N,B,-,N,,,,,,,,,,Y,3,0,1,3,A,-,04,21703,,N,H,G,A,A,H,-,A,A,0,,Y,,,Y,,-,,0,1,0,0,0,0,1,0,0,"- ","- ",,,"SAN DIEGO","SAN DIEGO",-117.14742642,32.740275830000002
6966448,2015,2016-06-06,3711,2015-05-28,1835,7257,,4,5,7,3711,0,0,0,,0,826,"WEST ALY 4200 52ND ST","TROJAN AV",0.00,,Y,A,-,N,,,,,,,,,,N,3,0,1,2,A,-,09,21804,A,M,A,G,A,A,H,-,A,D,0,,Y,,,Y,,L,04,0,1,0,0,0,0,1,0,0,"- ","- ",,,"SAN DIEGO","SAN DIEGO",,
6967418,2015,2015-07-03,3711,2015-06-12,0850,7291,,5,5,7,3711,0,0,0,,0,933,"DEL MAR HEIGHTS RD","NOB AV",3.00,S,N,B,-,N,,,,,,,,,,N,3,0,1,2,A,-,08,22107,,N,B,G,A,B,H,-,A,D,0,,Y,,,Y,,A,07,0,1,0,0,0,0,1,0,0,"- ","- ",,,"SAN DIEGO","SAN DIEGO",-117.25970928,32.9484675
6967486,2015,2015-07-02,3711,2015-06-10,1751,6909,,3,5,7,3711,0,0,0,,0,931,"CAMINO SANTA FE","COMMERCE AV",300.00,S,N,B,C,N,,,,,,,,,,N,3,0,1,1,C,-,18,,,N,H,A,A,B,H,-,A,D,0,,Y,,,Y,,-,"- ",0,1,0,0,0,0,1,0,0,"- ","- ",,,"SAN DIEGO","SAN DIEGO",-117.16888065000001,32.881968030000003
6970210,2015,2015-07-07,3711,2015-06-16,1755,4051,,2,5,7,3711,0,0,0,,0,814,"W MOUNTAIN VIEW DR","COLLIER AV",24.00,S,N,A,-,N,,,,,,,,,,N,3,0,1,2,A,-,17,22517,,N,-,G,A,A,H,-,A,D,0,,Y,,,Y,,-,,0,1,0,0,0,0,1,0,0,"- ","- ",,,"SAN DIEGO","SAN DIEGO",-117.12620608,32.765405680000001
6970226,2015,2015-07-07,3711,2015-06-16,1036,6978,SANDI,2,5,7,3711,0,0,0,,0,121,"OCEAN FRONT WALK","SANTA BARBARA PL",10.00,N,N,B,-,N,,,,,,,,,,,3,0,1,2,D,-,00,,,N,A,B,-,A,H,-,A,D,0,Y,Y,,,Y,,-,"- ",0,1,0,0,1,0,0,0,0,"- ","- ",,,"SAN DIEGO","SAN DIEGO",-117.25302158,32.77416736
6970259,2015,2015-07-09,3711,2015-06-13,1145,7290,,6,5,7,3711,0,0,0,,0,312,"RUEDA DR","PALABRA CT",528.00,S,N,B,-,N,,,,,,,,,,N,4,0,1,1,A,-,03,22350,,N,A,-,A,A,H,-,A,D,0,,Y,,,Y,,L,04,0,0,1,0,0,0,1,0,0,"- ","- ",,,"SAN DIEGO","SAN DIEGO",-117.08209573000001,32.822447480000001
6975574,2015,2015-07-09,3711,2015-06-23,1401,4823,SANDI,2,5,7,3711,0,0,0,,0,811,"ADAMS AV","MANSFIELD ST",0.00,,Y,A,-,N,,,,,,,,,,N,3,0,1,2,A,-,08,22107,,N,D,G,A,A,H,-,A,A,0,,Y,,,Y,,L,04,0,1,0,0,0,0,1,0,0,"- ","- ",,,"SAN DIEGO","SAN DIEGO",-117.11838011,32.763340030000002
6975637,2015,2015-07-06,3711,2015-06-20,1034,6082,,6,5,7,3711,0,0,0,,0,124,"LA JOLLA BL","SEA RIDGE DR",3.00,N,N,A,-,N,,,,,,,,,,N,3,0,1,2,A,-,10,21950,A,N,D,G,A,A,H,-,A,A,0,,Y,,,Y,,-,,0,1,0,0,0,0,1,0,0,"- ","- ",,,"SAN DIEGO","SAN DIEGO",-117.26455713,32.809325600000001
6975664,2015,2015-07-08,3711,2015-06-23,1433,6896,,2,5,7,3711,0,0,0,,0,838,"33RD ST","EL CAJON BL",5.00,S,N,A,-,N,,,,,,,,,,N,3,0,1,2,A,-,11,21456,B,N,D,G,A,A,H,-,A,A,0,,Y,,,Y,,L,04,0,1,0,0,0,0,1,0,0,"- ","- ",,,"SAN DIEGO","SAN DIEGO",-117.12223,32.755196300000001
6976010,2015,2015-08-06,3711,2015-06-26,2321,7293,,5,5,7,3711,0,0,0,,0,122,"GRAND AV",JEWELL,75.00,E,N,A,-,N,,,,,,,,,,N,3,0,1,2,A,-,05,21202,A,N,B,G,A,A,H,-,C,D,0,,Y,,,Y,,-,"- ",0,1,0,0,0,0,1,0,0,"- ","- ",,,"SAN DIEGO","SAN DIEGO",-117.2381838,32.798399209999999
6976165,2015,2015-07-10,3711,2015-06-11,1143,6251,,4,5,7,3711,0,0,0,,0,122,"FANUEL ST","GRAND AV",130.00,S,N,B,-,N,,,,,,,,,,N,3,0,1,1,A,-,03,22350,A,N,H,-,A,A,H,-,A,A,0,,Y,,,Y,,-,"- ",0,1,0,0,0,0,1,0,0,"- ","- ",,,"SAN DIEGO","SAN DIEGO",-117.24568716,32.796376899999998
6976169,2015,2015-07-10,3711,2015-06-13,1900,7005,,6,5,7,3711,0,0,0,,0,521,"7TH ST","ISLAND ST",0.00,,Y,A,-,N,,,,,,,,,,N,4,0,1,1,A,-,03,22350,,N,H,A,A,A,H,-,B,D,0,,Y,,,Y,Y,L,04,0,0,1,0,0,0,1,0,0,"- ","- ",,,"SAN DIEGO","SAN DIEGO",-117.15834009,32.7104401
6976189,2015,2015-07-10,3711,2015-06-07,1610,6063,,7,5,7,3711,0,0,0,,0,124,"NEPTUNE PL","PALOMAR AV",17.00,N,N,B,-,N,,,,,,,,,,N,3,0,1,1,A,-,03,22350,A,N,H,-,A,A,H,-,A,D,0,,Y,,,Y,Y,-,"- ",0,1,0,0,0,0,1,0,0,"- ","- ",,,"SAN DIEGO","SAN DIEGO",-117.27943289,32.826283220000001
6978053,2015,2015-07-07,3711,2015-06-11,1812,4965,SANDI,4,5,7,3711,0,0,0,,0,122,"SOLEDAD MOUNTAIN RD","BERYL ST",0.00,S,N,A,-,N,,,,,,,,,,N,3,0,1,2,A,-,08,22100,A,N,D,G,A,A,H,-,A,A,0,,Y,,,Y,,-,,0,1,0,0,0,0,1,0,0,"- ","- ",,,"SAN DIEGO","SAN DIEGO",-117.23019005,32.809120100000001
6978423,2015,2015-07-15,3711,2015-06-22,0933,5838,,1,5,7,3711,0,0,0,,0,315,"TEXAS ST","CAMINO DEL RIO SOUTH",0.00,,Y,A,-,N,,,,,,,,,,N,4,0,1,2,A,-,08,21717,,N,D,G,A,A,H,-,A,A,0,,Y,,,Y,,A,01,0,0,1,0,0,0,1,0,0,"- ","- ",,,"SAN DIEGO","SAN DIEGO",-117.13927009,32.767300079999998
6978560,2015,2015-07-13,3711,2015-06-28,1143,6082,,7,5,7,3711,0,0,0,,0,124,"PROSPECT ST","JENNER ST",18.00,W,N,B,-,N,,,,,,,,,,N,4,0,1,2,A,-,09,21802,A,N,D,G,A,A,H,-,A,D,0,,Y,,,Y,,-,,0,0,1,0,0,0,1,0,0,"- ","- ",,,"SAN DIEGO","SAN DIEGO",-117.27511973,32.846921369999997
6978874,2015,2015-07-09,3711,2015-06-20,0913,7284,,6,5,7,3711,0,0,0,,0,435,"MALLARD ST","LACONIA ST",15.00,W,N,A,-,N,,,,,,,,,,N,2,0,1,1,A,-,03,22350,,N,H,J,A,A,H,-,A,D,0,,Y,,,Y,,L,04,1,0,0,0,0,0,1,0,0,"- ","- ",,,"SAN DIEGO","SAN DIEGO",-117.05201859,32.729629039999999
6978938,2015,2015-07-07,3711,2015-06-18,1943,6393,,4,5,7,3711,0,0,0,,0,121,"OCEAN FRONT WALK","ISTHMUS CT",0.00,,Y,A,-,N,,,,,,,,,,N,3,0,1,1,A,-,08,22107,,N,E,I,A,A,H,-,A,D,0,,Y,,,Y,,L,04,0,1,0,0,0,0,1,0,0,"- ","- ",32.773049999999998,-117.25304,"SAN DIEGO","SAN DIEGO",-117.25297001,32.77307003
6978943,2015,2016-11-17,3711,2015-06-18,1809,5046,,4,5,7,3711,0,0,0,,0,531,"6TH AV","ELM ST",11.00,N,N,A,-,Y,SD,11,5,-,R,16.145,R,4,N,N,3,0,1,2,A,-,08,22107,,N,D,G,A,A,H,-,A,A,0,,Y,,,Y,,A,01,0,1,0,0,0,0,1,0,0,"- ","- ",,,"SAN DIEGO","SAN DIEGO",-117.1567565,32.724052520000001
6979799,2015,2015-07-13,3711,2015-05-25,1445,HB5550,,1,5,7,3711,0,0,0,,0,503,"NORTH HARBOR DR","WINSHIP LN",134.00,W,N,B,-,N,,,,,,,,,,N,2,0,1,1,B,-,22,,,N,F,A,A,A,H,-,A,A,0,,Y,,,Y,,L,04,1,0,0,0,0,0,1,0,0,"- ","- ",,,"SAN DIEGO","SAN DIEGO",-117.1914038,32.729956899999998
6980256,2015,2015-07-21,3711,2015-06-11,0724,6718,,4,5,7,3711,0,0,0,,0,233,"CARMEL MOUNTAIN RD","CAM BOLSA",12.00,S,N,A,-,N,,,,,,,,,,N,3,0,1,2,A,-,05,21650,1,N,D,G,A,A,H,-,A,D,0,,Y,,,Y,,L,04,0,1,0,0,0,0,1,0,0,"- ","- ",,,"SAN DIEGO","SAN DIEGO",,
6981234,2015,2015-07-10,3711,2015-05-21,1830,7067,,4,5,7,3711,0,0,0,,0,627,"ROBINSON AV",5TH,15.00,E,N,A,-,N,,,,,,,,,,N,4,0,1,2,A,-,08,22107,,N,B,G,A,A,H,-,A,A,0,,Y,,,Y,,L,04,0,0,1,0,0,0,1,0,0,"- ","- ",,,"SAN DIEGO","SAN DIEGO",-117.16036138,32.746939449999999
6982549,2015,2015-07-18,3711,2015-07-04,1036,5061,,6,5,7,3711,0,0,0,,0,932,"VEREDA MAR DE PONDEROSA","VEREDA MDP",70.00,E,N,B,-,N,,,,,,,,,,N,3,0,2,2,A,-,08,22107,,N,A,G,A,A,H,-,A,D,0,,Y,,,Y,,L,04,0,1,1,0,0,0,2,0,0,"- ","- ",,,"SAN DIEGO","SAN DIEGO",,
6982553,2015,2017-01-26,3711,2015-07-02,1425,5384,,4,5,7,3711,0,0,0,,0,723,"RT 905","BEYER BL",0.00,,Y,A,-,Y,SD,11,905,-,-,3.994,R,1,W,N,4,0,1,2,A,-,21,22106,,N,D,G,A,A,H,-,A,A,0,,Y,,,Y,,-,,0,0,1,0,0,0,1,0,0,"- ","- ",,,"SAN DIEGO","SAN DIEGO",-117.06043117,32.568503059999998
6986970,2015,2017-01-28,3711,2015-05-19,1455,4823,SANDI,2,5,7,3711,0,0,0,,0,,"4TH AV","ASH ST",103.00,N,N,A,-,N,,,,,,,,,,N,3,0,1,2,A,-,08,22107,,N,B,E,A,A,D,-,A,A,0,,Y,,,Y,,L,04,0,1,0,0,0,0,1,0,0,"- ","- ",,,"SAN DIEGO","SAN DIEGO",-117.1611383,32.720172069999997
6989444,2015,2015-07-18,3711,2015-06-29,1209,7251,,1,5,7,3711,0,0,0,,0,242,"MIRA MESA BL","TARGET CENTER DRWY",8.00,E,N,B,-,N,,,,,,,,,,N,4,0,1,2,A,-,08,22107,,M,D,-,A,A,H,-,A,A,0,,Y,,,Y,,-,,0,0,1,0,0,0,1,0,0,"- ","- ",,,"SAN DIEGO","SAN DIEGO",-117.14676261,32.912591470000002
6989464,2015,2016-11-22,3711,2015-06-30,1210,4421,,2,5,7,3711,0,0,0,,0,933,"DEL MAR HEIGHTS RD","RT 5",0.00,,Y,B,-,Y,SD,11,5,-,R,33.891,R,4,S,N,3,0,1,2,A,-,17,21208,A,N,D,G,A,A,H,-,A,A,0,,Y,,,Y,,L,04,0,1,0,0,0,0,1,0,0,"- ",SO,,,"SAN DIEGO","SAN DIEGO",-117.24320449,32.946445420000003
6989507,2015,2015-07-18,3711,2015-06-29,0100,7298,,1,5,7,3711,0,0,0,,0,447,"HOME AV",FAIRMOUNT,2.00,W,N,A,-,N,,,,,,,,,,Y,3,0,1,2,A,-,12,21453,A,N,D,G,A,A,H,-,C,A,0,,Y,,,Y,,L,04,0,1,0,0,0,0,1,0,0,"- ","- ",,,"SAN DIEGO","SAN DIEGO",-117.09974545,32.72887703
6989719,2015,2015-07-18,3711,2015-07-01,0655,7309,,3,5,7,3711,0,0,0,,0,832,"COPELAND AV","EL CAJON BL",0.00,,Y,B,-,N,,,,,,,,,,N,4,0,1,2,A,-,11,21456,B,N,H,G,A,A,H,-,A,A,0,,Y,,,Y,,L,04,0,0,1,0,0,0,1,0,0,"- ","- ",,,"SAN DIEGO","SAN DIEGO",-117.10404002999999,32.755210060000003