CASE_ID,ACCIDENT_YEAR,PROC_DATE,JURIS,COLLISION_DATE,COLLISION_TIME,OFFICER_ID,REPORTING_DISTRICT,DAY_OF_WEEK,CHP_SHIFT,POPULATION,CNTY_CITY_LOC,SPECIAL_COND,BEAT_TYPE,CHP_BEAT_TYPE,CITY_DIVISION_LAPD,CHP_BEAT_CLASS,BEAT_NUMBER,PRIMARY_RD,SECONDARY_RD,DISTANCE,DIRECTION,INTERSECTION,WEATHER_1,WEATHER_2,STATE_HWY_IND,CALTRANS_COUNTY,CALTRANS_DISTRICT,STATE_ROUTE,ROUTE_SUFFIX,POSTMILE_PREFIX,POSTMILE,LOCATION_TYPE,RAMP_INTERSECTION,SIDE_OF_HWY,TOW_AWAY,COLLISION_SEVERITY,NUMBER_KILLED,NUMBER_INJURED,PARTY_COUNT,PRIMARY_COLL_FACTOR,PCF_CODE_OF_VIOL,PCF_VIOL_CATEGORY,PCF_VIOLATION,PCF_VIOL_SUBSECTION,HIT_AND_RUN,TYPE_OF_COLLISION,MVIW,PED_ACTION,ROAD_SURFACE,ROAD_COND_1,ROAD_COND_2,LIGHTING,CONTROL_DEVICE,CHP_ROAD_TYPE,PEDESTRIAN_ACCIDENT,BICYCLE_ACCIDENT,MOTORCYCLE_ACCIDENT,TRUCK_ACCIDENT,NOT_PRIVATE_PROPERTY,ALCOHOL_INVOLVED,STWD_VEHTYPE_AT_FAULT,CHP_VEHTYPE_AT_FAULT,COUNT_SEVERE_INJ,COUNT_VISIBLE_INJ,COUNT_COMPLAINT_PAIN,COUNT_PED_KILLED,COUNT_PED_INJURED,COUNT_BICYCLIST_KILLED,COUNT_BICYCLIST_INJURED,COUNT_MC_KILLED,COUNT_MC_INJURED,PRIMARY_RAMP,SECONDARY_RAMP,LATITUDE,LONGITUDE,COUNTY,CITY,POINT_X,POINT_Y
6989727,2015,2015-07-18,3711,2015-07-04,0140,6741,"SAN D",6,5,7,3711,0,0,0,,0,524,"A ST","4TH AV",0.00,,Y,A,-,N,,,,,,,,,,Y,3,0,1,2,A,-,12,21453,A,N,D,G,A,A,H,-,C,A,0,,Y,,,Y,,L,04,0,1,0,0,0,0,1,0,0,"- ","- ",,,"SAN DIEGO","SAN DIEGO",-117.16110012999999,32.718850089999997
6989739,2015,2015-07-18,3711,2015-07-04,1920,6304,,6,5,7,3711,0,0,0,,0,122,"GARNET AV","GARNET AV 1200",0.00,,-,F,-,N,,,,,,,,,,N,4,0,1,3,A,-,05,21650,1,M,A,G,A,A,G,-,A,D,0,,Y,,,Y,Y,L,04,0,0,1,0,0,0,1,0,0,"- ","- ",,,"SAN DIEGO","SAN DIEGO",-117.24797307999999,32.798183049999999
6993258,2015,2015-08-05,3711,2015-07-20,0625,6040,3711,1,5,7,3711,0,0,0,,0,813,"FLORIDA ST",FLORIDA,0.00,,Y,-,-,N,,,,,,,,,,N,4,0,1,2,A,-,12,22450,A,N,D,G,A,A,H,-,A,-,0,,Y,,,Y,,L,04,0,0,1,0,0,0,1,0,0,"- ","- ",,,"SAN DIEGO","SAN DIEGO",-117.14379009,32.76246003
6993511,2015,2015-07-30,3711,2015-06-26,2110,7008,SANDI,5,5,7,3711,0,0,0,,0,833,"LANDIS ST","FAIRMOUNT AV",0.00,,Y,A,-,N,,,,,,,,,,N,3,0,1,2,A,-,09,21801,A,M,D,G,A,A,H,-,C,A,0,,Y,,,Y,,-,,0,1,0,0,0,0,1,0,0,"- ","- ",,,"SAN DIEGO","SAN DIEGO",-117.10094012,32.745870029999999
6994202,2015,2015-08-17,3711,2015-07-21,1840,6104,,2,5,7,3711,0,0,0,,0,611,"ROSECRANS ST","MIDWAY DR",360.00,N,N,A,-,N,,,,,,,,,,N,4,0,1,2,A,-,05,21650,1,N,D,G,A,A,H,-,A,D,0,,Y,,,Y,,L,04,0,0,1,0,0,0,1,0,0,"- ","- ",,,"SAN DIEGO","SAN DIEGO",-117.20550674,32.75051139
6994451,2015,2015-08-29,3711,2015-07-17,1140,6704,,5,5,7,3711,0,0,0,,0,627,"UNIVERSITY AV","8TH AV",0.00,,Y,A,-,N,,,,,,,,,,N,4,0,1,2,A,-,"- ",,,N,B,G,A,A,H,-,A,A,0,,Y,,,Y,,L,04,0,0,1,0,0,0,1,0,0,"- ","- ",,,"SAN DIEGO","SAN DIEGO",-117.15742009,32.748390090000001
6994646,2015,2015-08-07,3711,2015-07-20,0914,5485,,1,5,7,3711,0,0,0,,0,721,"SATURN BL","PALM AV",214.00,N,N,A,-,N,,,,,,,,,,N,4,0,1,2,A,-,05,21650,1,N,-,G,A,A,H,-,A,D,0,,Y,,,Y,,L,04,0,0,1,0,0,0,1,0,0,"- ","- ",,,"SAN DIEGO","SAN DIEGO",-117.0926,32.5843244
6994671,2015,2015-08-29,3711,2015-07-20,1710,7314,,1,5,7,3711,0,0,0,,0,437,"PARADISE ST","BRIARWOOD RD",14.00,S,N,A,-,N,,,,,,,,,,N,3,0,1,2,A,-,11,21456,B,N,H,G,A,A,H,-,A,A,0,,Y,,,Y,,L,04,0,1,0,0,0,0,1,0,0,"- ","- ",,,"SAN DIEGO","SAN DIEGO",,
6995762,2015,2015-08-10,3711,2015-07-04,1040,7168,,6,5,7,3711,0,0,0,,0,241,"SCRIPPS RANCH BL","10600 SCRIPPS RANCH BL",27.00,S,N,B,-,N,,,,,,,,,,N,2,0,1,1,A,-,05,21651,A,N,F,A,A,A,A,-,A,D,0,,Y,,,Y,,L,04,1,0,0,0,0,0,1,0,0,"- ","- ",,,"SAN DIEGO","SAN DIEGO",,
6995794,2015,2015-08-17,3711,2015-07-09,1834,5232,,4,5,7,3711,0,0,0,,0,327,"BAJA DR","CAMPANILE DR",9.00,E,N,A,-,N,,,,,,,,,,N,4,0,1,1,A,-,03,22350,,N,H,-,A,A,H,-,A,D,0,,Y,,,Y,,-,"- ",0,0,1,0,0,0,1,0,0,"- ","- ",,,"SAN DIEGO","SAN DIEGO",-117.07169082,32.76632
6995798,2015,2015-08-10,3711,2015-07-09,1500,6874,,4,5,7,3711,0,0,0,,0,521,BROADWAY,"PARK BL",27.00,W,N,A,-,N,,,,,,,,,,N,4,0,1,2,A,-,"- ",,,M,G,-,B,A,H,-,A,A,0,Y,Y,,,Y,,L,04,0,0,1,0,1,0,0,0,0,"- ","- ",,,"SAN DIEGO","SAN DIEGO",-117.15385748999999,32.715739999999997
6995802,2015,2015-08-10,3711,2015-07-08,1233,6418,,3,5,7,3711,0,0,0,,0,123,"BAYSIDE WALK","MANHATTAN CT",40.00,S,N,A,-,N,,,,,,,,,,N,3,0,1,2,A,-,08,22107,,N,A,G,A,A,H,-,A,D,0,,Y,,,Y,,L,04,0,1,0,0,0,0,1,0,0,"- ","- ",,,"SAN DIEGO","SAN DIEGO",-117.25169765,32.77770091
6995948,2015,2015-08-04,3711,2015-07-20,0005,6614,,1,5,7,3711,0,0,0,,0,121,"BAYSIDE LN","LIDO CT",63.00,S,N,A,-,N,,,,,,,,,,N,3,0,1,1,A,-,03,22350,,N,E,I,A,B,A,B,C,D,0,,Y,,,Y,Y,L,04,0,1,0,0,0,0,1,0,0,"- ","- ",,,"SAN DIEGO","SAN DIEGO",-117.2518486,32.776602949999997
6996690,2015,2015-08-12,3711,2015-04-18,1121,6671,,6,5,7,3711,0,0,0,,0,122,"GRAND AV","INGRAHAM ST",12.00,E,N,A,-,N,,,,,,,,,,N,4,0,1,2,A,-,"- ",,,N,D,G,A,A,H,-,A,A,0,,Y,,,Y,,L,04,0,0,1,0,0,0,1,0,0,"- ","- ",,,"SAN DIEGO","SAN DIEGO",-117.24024239000001,32.797938459999997
7000642,2015,2015-07-28,3711,2015-07-08,1650,6513,,3,5,7,3711,0,0,0,,0,621,"LINDA VISTA RD","ULRIC ST",743.00,N,N,A,-,N,,,,,,,,,,N,3,0,1,2,A,-,09,21804,A,N,D,G,A,A,H,-,A,A,0,,Y,,,Y,,L,04,0,1,0,0,0,0,1,0,0,"- ","- ",,,"SAN DIEGO","SAN DIEGO",-117.16916778,32.788270420000003
7000650,2015,2016-07-19,3711,2015-07-03,1520,6495,SD,5,5,7,3711,0,0,0,,0,834,"UNIVERSITY AV","UNIVERSITY AV 4300",0.00,,-,A,-,N,,,,,,,,,,N,4,0,1,2,C,-,18,,,N,H,G,A,A,H,-,A,A,0,,Y,,,Y,,-,"- ",0,0,1,0,0,0,1,0,0,"- ","- ",,,"SAN DIEGO","SAN DIEGO",,
7000658,2015,2015-07-28,3711,2015-07-11,1740,6979,3711,6,5,7,3711,0,0,0,,0,121,"MISSION BL",VENTURA,20.00,E,N,A,-,N,,,,,,,,,,N,3,0,1,2,A,-,03,22350,,M,D,G,A,A,H,-,A,A,0,,Y,,,Y,,-,99,0,1,0,0,0,0,1,0,0,"- ","- ",,,"SAN DIEGO","SAN DIEGO",-117.25121772,32.771985239999999
7000678,2015,2015-08-03,3711,2015-07-11,1249,5990,SDPD,6,5,7,3711,0,0,0,,0,121,"MISSION BL","MISSION BL 3600",0.00,,-,A,-,N,,,,,,,,,,N,3,0,1,2,A,-,04,21703,,N,C,G,A,A,H,-,A,-,0,,Y,,,Y,,L,04,0,1,0,0,0,0,1,0,0,"- ","- ",32.780059999999999,-117.25255,"SAN DIEGO","SAN DIEGO",-117.25252748,32.780058560000001
7000699,2015,2015-07-30,3711,2015-07-03,1612,7178,CEN,5,5,7,3711,0,0,0,,0,523,"MARKET ST","5TH AV",150.00,W,N,A,-,N,,,,,,,,,,N,3,0,1,2,A,-,17,22517,,N,A,G,A,A,H,-,A,D,0,,Y,,,Y,,-,,0,1,0,0,0,0,1,0,0,"- ","- ",,,"SAN DIEGO","SAN DIEGO",-117.16063567,32.711483909999998
7004167,2015,2015-08-07,3711,2015-07-27,1652,5899,,1,5,7,3711,0,0,0,,0,813,"UNIVERSITY AV","TEXAS ST",45.00,E,N,A,-,N,,,,,,,,,,N,3,0,1,1,A,-,03,22350,,N,E,-,A,-,A,-,A,D,0,,Y,,,Y,,L,04,0,1,0,0,0,0,1,0,0,"- ","- ",,,"SAN DIEGO","SAN DIEGO",-117.13882452999999,32.748449090000001
7004168,2015,2015-08-07,3711,2015-07-27,1543,7317,SANDI,1,5,7,3711,0,0,0,,0,515,"K ST","DODSON ST",2.00,E,N,A,-,N,,,,,,,,,,N,3,0,1,2,A,-,12,22450,A,F,B,G,A,A,H,-,A,A,0,,Y,,,Y,,-,,0,1,0,0,0,0,1,0,0,"- ","- ",,,"SAN DIEGO","SAN DIEGO",-117.13112353,32.708460209999998
7004178,2015,2015-08-10,3711,2015-07-14,0300,6939,,2,5,7,3711,0,0,0,,0,613,"TENNYSON ST","WABASKA DR",0.00,,Y,A,-,N,,,,,,,,,,N,3,0,1,2,D,-,00,,,M,C,G,A,A,H,-,C,A,0,,Y,,,Y,,-,"- ",0,1,0,0,0,0,1,0,0,"- ","- ",,,"SAN DIEGO","SAN DIEGO",-117.23246009,32.740060069999998
7004215,2015,2015-08-18,3711,2015-07-26,0032,7289,,7,5,7,3711,0,0,0,,0,611,"CAMINO DEL RIO W","KURTZ ST",0.00,,Y,A,-,N,,,,,,,,,,N,3,0,1,2,A,-,11,21456,B,N,D,G,A,A,H,-,C,A,0,,Y,,,Y,Y,L,04,0,1,0,0,0,0,1,0,0,"- ","- ",,,"SAN DIEGO","SAN DIEGO",-117.20503006,32.753020050000003
7004220,2015,2016-07-19,3711,2015-07-21,0236,7010,,2,5,7,3711,0,0,0,,0,524,"6TH AV","C ST",0.00,,Y,B,-,N,,,,,,,,,,N,2,0,1,1,A,-,16,24002,A,N,F,-,A,A,H,-,C,D,0,,Y,,,Y,,L,04,1,0,0,0,0,0,1,0,0,"- ","- ",,,"SAN DIEGO","SAN DIEGO",-117.15923008,32.716750019999999
7004236,2015,2015-08-07,3711,2015-07-26,2050,6967,SD,7,5,7,3711,0,0,0,,0,813,"28TH ST",PALM,400.00,N,N,A,-,N,,,,,,,,,,N,3,0,1,2,A,-,08,22103,,N,C,G,A,A,H,-,C,D,0,,Y,,,Y,,L,04,0,1,0,0,0,0,1,0,0,"- ","- ",,,"SAN DIEGO","SAN DIEGO",-117.13361279,32.736725700000001
7005849,2015,2015-07-30,3711,2015-06-25,1700,7152,SANDI,4,5,7,3711,0,0,0,,0,121,"OCEAN FRONT WALK","LIFEGUARD TOWER 13",0.00,,N,A,-,N,,,,,,,,,,N,3,0,1,1,A,-,03,22350,,N,H,-,A,A,B,-,A,D,0,,Y,,,Y,,L,04,0,1,0,0,0,0,1,0,0,"- ","- ",,,"SAN DIEGO","SAN DIEGO",,
7005853,2015,2015-07-25,3711,2015-06-24,0640,5838,,3,5,7,3711,0,0,0,,0,315,"TEXAS ST","CAMINO DEL RIO S",463.00,S,N,A,-,N,,,,,,,,,,N,3,0,1,1,A,-,03,22350,,N,F,A,A,A,H,-,A,D,0,,Y,,,Y,,L,04,0,1,0,0,0,0,1,0,0,"- ","- ",,,"SAN DIEGO","SAN DIEGO",-117.13893655,32.766067110000002
7005873,2015,2015-07-25,3711,2015-06-29,1646,7233,,1,5,7,3711,0,0,0,,0,322,"HAMLET AV","FONTAINE ST",282.00,S,N,B,-,N,,,,,,,,,,N,3,0,1,1,D,-,00,,,N,H,A,A,A,H,-,A,D,0,,Y,,,Y,,-,"- ",0,1,0,0,0,0,1,0,0,"- ","- ",,,"SAN DIEGO","SAN DIEGO",-117.06735774000001,32.800896989999998
7005885,2015,2015-07-25,3711,2015-06-24,1820,4507,,3,5,7,3711,0,0,0,,0,116,"MORENA BL","ASHTON ST",0.00,,Y,A,-,N,,,,,,,,,,N,4,0,1,1,A,-,08,22107,,N,H,A,A,A,H,-,A,D,0,,Y,,,Y,,L,04,0,0,1,0,0,0,1,0,0,"- ","- ",,,"SAN DIEGO","SAN DIEGO",-117.20726009000001,32.781760079999998
7006285,2015,2015-11-13,3711,2015-09-28,0534,5838,,1,5,7,3711,0,0,0,,0,242,"FLANDERS DR","CAMINO RUIZ",22.00,E,N,E,-,N,,,,,,,,,,N,1,1,0,2,A,-,12,21453,A,N,D,G,A,A,H,-,C,A,0,,Y,,,Y,,L,04,0,0,0,0,0,1,0,0,0,"- ","- ",,,"SAN DIEGO","SAN DIEGO",-117.14583545000001,32.906784180000002
7010505,2015,2015-08-04,3711,2015-07-19,1044,6252,TRAFF,7,5,7,3711,0,0,0,,0,613,"WEST POINT LOMA BL","CHAPMAN ST",375.00,W,N,A,-,N,,,,,,,,,,N,3,0,1,2,A,-,17,22517,,N,B,G,A,A,H,-,A,D,0,,Y,,,Y,,A,01,0,1,0,0,0,0,1,0,0,"- ","- ",,,"SAN DIEGO","SAN DIEGO",-117.22458782,32.753356060000002
7010510,2015,2015-08-04,3711,2015-07-23,0703,6976,SANDI,4,5,7,3711,0,0,0,,0,627,UNIVERSITY,"EAGLE ST",0.00,,Y,A,-,N,,,,,,,,,,N,4,0,1,2,A,-,08,22107,,N,A,G,A,A,H,-,A,D,0,,Y,,,Y,,-,,0,0,1,0,0,0,1,0,0,"- ","- ",,,"SAN DIEGO","SAN DIEGO",-117.16956005999999,32.748960089999997
7010521,2015,2015-08-04,3711,2015-07-22,1850,4523,,3,5,7,3711,0,0,0,,0,124,"LA JOLLA BL","CARLA WY",128.00,S,N,A,-,N,,,,,,,,,,N,3,0,1,2,A,-,08,22107,,N,B,G,A,A,H,-,A,A,0,,Y,,,Y,,L,04,0,1,0,0,0,0,1,0,0,"- ","- ",,,"SAN DIEGO","SAN DIEGO",-117.26426162,32.809067669999997
7010526,2015,2015-08-04,3711,2015-07-22,0031,4310,,3,5,7,3711,0,0,0,,0,113,"JUTLAND DR","ATWELL ST",51.00,W,N,A,-,N,,,,,,,,,,N,3,0,1,1,A,-,03,22350,,N,F,A,A,A,H,-,C,D,0,,Y,,,Y,Y,L,04,0,1,0,0,0,0,1,0,0,"- ","- ",,,"SAN DIEGO","SAN DIEGO",-117.2244692,32.825173100000001
7010527,2015,2015-08-04,3711,2015-07-22,0828,6648,,3,5,7,3711,0,0,0,,0,934,"CARMEL MOUNTAIN RD","EL CAMINIO REAL",240.00,W,N,A,-,N,,,,,,,,,,N,3,0,1,2,A,-,03,22350,,N,C,G,A,A,H,-,A,D,0,,Y,,,Y,,-,,0,1,0,0,0,0,1,0,0,"- ","- ",,,"SAN DIEGO","SAN DIEGO",-117.22915088000001,32.921823179999997
7010536,2015,2015-08-04,3711,2015-07-15,1703,7147,,3,5,7,3711,0,0,0,,0,621,"KELLY ST","JACOBS ST",110.00,E,N,A,-,N,,,,,,,,,,N,3,0,1,2,A,-,08,22107,,N,B,G,A,A,H,-,A,D,0,,Y,,,Y,,L,04,0,1,0,0,0,0,1,0,0,"- ","- ",,,"SAN DIEGO","SAN DIEGO",,
7010723,2015,2016-07-19,3711,2015-08-03,1054,7216,,1,5,7,3711,0,0,0,,0,122,"GARNET AV","KENDALL ST",21.00,E,N,A,-,N,,,,,,,,,,N,3,0,1,2,A,-,09,21801,A,N,D,G,A,A,H,-,A,D,0,,Y,,,Y,,D,22,0,1,0,0,0,0,1,0,0,"- ","- ",,,"SAN DIEGO","SAN DIEGO",-117.23708436,32.80060538
7011936,2015,2015-08-11,3711,2015-07-13,0929,6252,TRAFF,1,5,7,3711,0,0,0,,0,627,"WEST WASHINGTON ST","EAGLE ST",92.00,E,N,A,-,N,,,,,,,,,,N,3,0,1,2,A,-,09,21804,A,N,D,G,A,A,H,-,A,D,0,,Y,,,Y,,A,01,0,1,0,0,0,0,1,0,0,"- ","- ",,,"SAN DIEGO","SAN DIEGO",-117.16927176,32.749920000000003
7017722,2015,2015-09-04,3711,2015-08-02,0203,7183,,7,5,7,3711,0,0,0,,0,541,"PARK BL","TONY GWYNN DR",0.00,,Y,A,-,N,,,,,,,,,,N,3,0,1,1,A,-,08,22107,,N,H,I,A,A,H,-,C,D,0,,Y,,,Y,,L,04,0,1,0,0,0,0,1,0,0,"- ","- ",,,"SAN DIEGO","SAN DIEGO",-117.15704003,32.705670089999998
7017818,2015,2015-08-18,3711,2015-07-29,1420,6418,,3,5,7,3711,0,0,0,,0,124,"DRAPER AV","GRAVILLA ST",41.00,N,N,A,-,N,,,,,,,,,,N,3,0,1,1,A,-,03,22350,,N,H,A,A,A,H,-,A,D,0,,Y,,,Y,,L,04,0,1,0,0,0,0,1,0,0,"- ","- ",,,"SAN DIEGO","SAN DIEGO",-117.27335540999999,32.829888269999998
7017830,2015,2015-08-18,3711,2015-07-30,1645,6435,SDPDW,4,5,7,3711,0,0,0,,0,625,"TAYLOR ST","TAYLOR ST 4000",5.00,E,N,A,-,N,,,,,,,,,,N,3,0,1,1,A,-,03,22350,,N,H,A,A,A,H,-,A,D,0,,Y,,,Y,,L,04,0,1,0,0,0,0,1,0,0,"- ","- ",,,"SAN DIEGO","SAN DIEGO",,
7020187,2015,2015-08-19,3711,2015-07-28,1526,6393,,2,5,7,3711,0,0,0,,0,122,"GARNET AV","MISSION BAY DR",0.00,E,N,A,-,N,,,,,,,,,,N,3,0,1,2,A,-,08,22107,,M,B,G,A,A,H,-,-,D,0,,Y,,,Y,,-,,0,1,0,0,0,0,1,0,0,"- ","- ",32.806249999999999,-117.21852,"SAN DIEGO","SAN DIEGO",-117.21897002,32.806150100000004
7021522,2015,2015-08-17,3711,2015-07-19,1350,6192,,7,5,7,3711,0,0,0,,0,241,"SEMILLON BL","SEMILLON BL 12285",35.00,E,N,B,-,N,,,,,,,,,,N,4,0,1,1,A,-,02,22400,A,N,H,I,A,A,H,-,A,D,0,,Y,,,Y,,L,04,0,0,1,0,0,0,1,0,0,"- ","- ",,,"SAN DIEGO","SAN DIEGO",,
7021530,2015,2015-08-17,3711,2015-07-11,1108,6702,,6,5,7,3711,0,0,0,,0,315,"METROPOLITAN DR","MURRAY CANYON RD",0.00,,Y,A,-,N,,,,,,,,,,N,3,0,1,2,D,-,00,,,N,B,G,A,A,H,-,A,A,0,,Y,,,Y,Y,-,"- ",0,1,0,0,0,0,1,0,0,"- ","- ",,,"SAN DIEGO","SAN DIEGO",-117.15822006,32.777040030000002
7021534,2015,2015-08-17,3711,2015-07-19,1440,4759,SAND,7,5,7,3711,0,0,0,,0,122,"FANUEL ST","FANUEL ST 4000",0.00,,N,C,-,N,,,,,,,,,,N,3,0,1,1,-,-,"- ",,,N,H,A,A,B,G,-,A,D,0,,Y,,,Y,,-,"- ",0,1,0,0,0,0,1,0,0,"- ","- ",,,"SAN DIEGO","SAN DIEGO",-117.24418133,32.791543699999998
7022212,2015,2015-08-18,3711,2015-07-10,1512,7202,,5,5,7,3711,0,0,0,,0,611,"FORDHAM ST","3300 FORDHAM ST",8.00,E,N,A,-,N,,,,,,,,,,N,4,0,1,2,A,-,03,22350,,N,D,G,A,A,C,D,A,A,0,,Y,,,Y,,L,04,0,0,1,0,0,0,1,0,0,"- ","- ",,,"SAN DIEGO","SAN DIEGO",,
7025985,2015,2015-09-03,3711,2015-08-05,1921,7278,SANDI,3,5,7,3711,0,0,0,,0,327,"ROCKFORD DR","MONTEZUMA RD",12.00,N,N,A,-,N,,,,,,,,,,N,3,0,1,2,A,-,09,21802,A,F,D,G,A,A,H,-,B,D,0,,Y,,,Y,,-,,0,1,0,0,0,0,1,0,0,"- ","- ",,,"SAN DIEGO","SAN DIEGO",-117.06883999999999,32.770719999999997
7025989,2015,2015-09-03,3711,2015-08-04,1208,4684,,2,5,7,3711,0,0,0,,0,121,"MISSION BL","ORMOND CT",6.00,S,N,A,-,N,,,,,,,,,,N,3,0,1,3,A,-,17,22517,,N,D,G,A,A,G,-,A,D,0,,Y,,,Y,,-,,0,1,0,0,0,0,1,0,0,"- ","- ",,,"SAN DIEGO","SAN DIEGO",-117.25256064,32.78144357
7026135,2015,2015-09-03,3711,2015-08-02,0900,6195,,7,5,7,3711,0,0,0,,0,813,"ADAMS AV",30TH,150.00,W,N,A,-,N,,,,,,,,,,N,3,0,1,2,A,-,08,22107,,N,-,E,A,A,H,-,A,D,0,,Y,,,Y,,L,04,0,1,0,0,0,0,1,0,0,"- ","- ",,,"SAN DIEGO","SAN DIEGO",-117.13068631,32.762880000000003
7031131,2015,2015-09-01,3711,2015-08-13,0743,4663,,4,5,7,3711,0,0,0,,0,243,"TRADE ST","CAMINO SANTA FE",300.00,E,N,A,-,N,,,,,,,,,,N,3,0,1,2,A,-,09,21801,A,N,D,G,A,A,H,-,A,D,0,,Y,,,Y,,-,,0,1,0,0,0,0,1,0,0,"- ","- ",,,"SAN DIEGO","SAN DIEGO",-117.16683888,32.888656359999999
7031148,2015,2015-09-01,3711,2015-08-16,1102,6082,,7,5,7,3711,0,0,0,,0,124,"CALLE DEL ORO","CALLE DEL CIELO",35.00,W,N,A,-,N,,,,,,,,,,N,3,0,1,1,A,-,03,22350,,N,F,J,A,A,A,-,A,D,0,,Y,,,Y,,L,04,0,1,0,0,0,0,1,0,0,"- ","- ",,,"SAN DIEGO","SAN DIEGO",-117.25150359,32.859142069999997
7031196,2015,2015-09-01,3711,2015-08-15,1530,7304,,6,5,7,3711,0,0,0,,0,122,"JEWELL ST","GARET AV",50.00,N,N,A,-,N,,,,,,,,,,N,4,0,1,2,A,-,08,22107,,M,B,G,A,A,H,-,A,A,0,,Y,,,Y,,-,99,0,0,1,0,0,0,1,0,0,"- ","- ",,,"SAN DIEGO","SAN DIEGO",-117.23901317000001,32.800332040000001
7031775,2015,2015-09-01,3711,2015-08-19,1940,6701,,3,5,7,3711,0,0,0,,0,931,"SORRENTO VALLEY RD","SORRENTO VALLEY BL",0.00,,Y,A,-,N,,,,,,,,,,N,3,0,1,2,A,-,21,22106,,N,C,G,A,A,H,-,B,A,0,,Y,,,Y,,-,,0,1,0,0,0,0,1,0,0,"- ","- ",,,"SAN DIEGO","SAN DIEGO",-117.22322006,32.901280110000002
7031811,2015,2015-08-31,3711,2015-08-11,1834,6393,,2,5,7,3711,0,0,0,,0,123,"FIESTA ISLAND RD","FIESTA ISLAND RD 1515",0.00,,N,A,-,N,,,,,,,,,,N,4,0,1,2,A,-,09,21804,A,M,A,G,A,A,H,-,A,D,0,,Y,,,Y,,-,,0,0,1,0,0,0,1,0,0,"- ","- ",32.780459999999998,-117.22185,"SAN DIEGO","SAN DIEGO",-117.22192705000001,32.780243480000003
7032587,2015,2015-09-04,3711,2015-08-09,1315,4824,,7,5,7,3711,0,0,0,,0,234,"POMERADO RD","FIELDSTONE DR",141.00,N,N,A,-,N,,,,,,,,,,N,3,0,1,2,A,-,17,21461,A,N,C,G,A,A,H,-,A,D,0,,Y,,,Y,,-,,0,1,0,0,0,0,1,0,0,"- ","- ",,,"SAN DIEGO","SAN DIEGO",-117.06588502,33.050556380000003
7032591,2015,2015-09-17,3711,2015-08-11,1611,6293,,2,5,7,3711,0,0,0,,0,116,"BALBOA AV","MODOC ST",2640.00,W,N,A,-,N,,,,,,,,,,N,3,0,2,2,A,-,08,22107,,N,B,G,A,A,H,-,A,D,0,,Y,,,Y,,-,,0,2,0,0,0,0,1,0,0,"- ","- ",,,"SAN DIEGO","SAN DIEGO",-117.20888979,32.808292389999998
7032636,2015,2015-09-03,3711,2015-08-08,0850,6252,TRAFF,6,5,7,3711,0,0,0,,0,614,"VOLTAIRE ST","CABLE ST",95.00,W,N,A,-,N,,,,,,,,,,N,3,0,1,2,A,-,03,22350,,N,D,G,A,A,H,-,A,D,0,,Y,,,Y,,L,04,0,1,0,0,0,0,1,0,0,"- ","- ",,,"SAN DIEGO","SAN DIEGO",-117.24512885,32.751113359999998
7033469,2015,2017-01-18,3711,2015-07-22,0857,6774,,3,5,7,3711,0,0,0,,0,931,"VISTA SORRENTO PKWY","MIRA SORRENTO PL",0.00,,Y,B,-,Y,SD,11,805,-,-,27.010,R,4,N,N,3,0,1,2,A,-,09,21804,A,N,D,G,A,A,H,-,A,A,0,,Y,,,Y,,L,04,0,1,0,0,0,0,1,0,0,"- ","- ",,,"SAN DIEGO","SAN DIEGO",-117.20526368,32.889903850000003
7033483,2015,2015-09-02,3711,2015-08-05,1451,6112,,3,5,7,3711,0,0,0,,0,122,"MISSION BAY DR","BUNKER HILL ST",200.00,N,N,A,-,N,,,,,,,,,,N,4,0,1,2,A,-,08,22107,,N,D,G,A,A,H,-,A,D,0,,Y,,,Y,,-,,0,0,1,0,0,0,1,0,0,"- ","- ",,,"SAN DIEGO","SAN DIEGO",-117.21688339000001,32.803261910000003
7033486,2015,2015-09-02,3711,2015-08-04,1150,4491,,2,5,7,3711,0,0,0,,0,611,KEMPER,KENYON,88.00,N,N,A,-,N,,,,,,,,,,N,4,0,1,2,A,-,05,21650,1,N,D,G,A,A,H,-,A,A,0,,Y,,,Y,,L,04,0,0,1,0,0,0,1,0,0,"- ","- ",,,"SAN DIEGO","SAN DIEGO",-117.21625586,32.750634140000003
7039491,2015,2015-09-10,3711,2015-08-09,1320,6824,,7,5,7,3711,0,0,0,,0,517,BROADWAY,"28TH ST",90.00,W,N,A,-,N,,,,,,,,,,N,3,0,1,1,A,-,03,22350,,N,H,A,A,A,H,-,A,D,0,,Y,,,Y,,L,04,0,1,0,0,0,0,1,0,0,"- ","- ",,,"SAN DIEGO","SAN DIEGO",-117.13406161,32.715847429999997
7039495,2015,2015-09-10,3711,2015-08-07,0818,7216,,5,5,7,3711,0,0,0,,0,839,"39TH ST","WIGHTMAN ST",60.00,N,N,A,-,N,,,,,,,,,,N,3,0,1,1,A,-,03,22350,,N,F,A,A,A,H,-,A,D,0,,Y,,,Y,,-,"- ",0,1,0,0,0,0,1,0,0,"- ","- ",,,"SAN DIEGO","SAN DIEGO",-117.11065913,32.74797435