CASE_ID,ACCIDENT_YEAR,PROC_DATE,JURIS,COLLISION_DATE,COLLISION_TIME,OFFICER_ID,REPORTING_DISTRICT,DAY_OF_WEEK,CHP_SHIFT,POPULATION,CNTY_CITY_LOC,SPECIAL_COND,BEAT_TYPE,CHP_BEAT_TYPE,CITY_DIVISION_LAPD,CHP_BEAT_CLASS,BEAT_NUMBER,PRIMARY_RD,SECONDARY_RD,DISTANCE,DIRECTION,INTERSECTION,WEATHER_1,WEATHER_2,STATE_HWY_IND,CALTRANS_COUNTY,CALTRANS_DISTRICT,STATE_ROUTE,ROUTE_SUFFIX,POSTMILE_PREFIX,POSTMILE,LOCATION_TYPE,RAMP_INTERSECTION,SIDE_OF_HWY,TOW_AWAY,COLLISION_SEVERITY,NUMBER_KILLED,NUMBER_INJURED,PARTY_COUNT,PRIMARY_COLL_FACTOR,PCF_CODE_OF_VIOL,PCF_VIOL_CATEGORY,PCF_VIOLATION,PCF_VIOL_SUBSECTION,HIT_AND_RUN,TYPE_OF_COLLISION,MVIW,PED_ACTION,ROAD_SURFACE,ROAD_COND_1,ROAD_COND_2,LIGHTING,CONTROL_DEVICE,CHP_ROAD_TYPE,PEDESTRIAN_ACCIDENT,BICYCLE_ACCIDENT,MOTORCYCLE_ACCIDENT,TRUCK_ACCIDENT,NOT_PRIVATE_PROPERTY,ALCOHOL_INVOLVED,STWD_VEHTYPE_AT_FAULT,CHP_VEHTYPE_AT_FAULT,COUNT_SEVERE_INJ,COUNT_VISIBLE_INJ,COUNT_COMPLAINT_PAIN,COUNT_PED_KILLED,COUNT_PED_INJURED,COUNT_BICYCLIST_KILLED,COUNT_BICYCLIST_INJURED,COUNT_MC_KILLED,COUNT_MC_INJURED,PRIMARY_RAMP,SECONDARY_RAMP,LATITUDE,LONGITUDE,COUNTY,CITY,POINT_X,POINT_Y
7039499,2015,2015-09-10,3711,2015-08-07,0850,7286,,5,5,7,3711,0,0,0,,0,122,"MISSION BL",HORNBLEND,150.00,S,N,A,-,N,,,,,,,,,,N,3,0,1,1,D,-,00,,,N,H,-,A,A,A,B,A,D,0,,Y,,,Y,,-,"- ",0,1,0,0,0,0,1,0,0,"- ","- ",,,"SAN DIEGO","SAN DIEGO",-117.25509834,32.795262100000002
7039507,2015,2016-07-20,3711,2015-08-11,0400,7247,,2,5,7,3711,0,0,0,,0,323,"COLLEGE AV","RT 8",0.00,,Y,A,-,N,,,,,,,,,,N,4,0,1,1,-,-,"- ",,,N,H,A,A,A,H,-,D,D,0,,Y,,,Y,,-,"- ",0,0,1,0,0,0,1,0,0,"- ",WF,,,"SAN DIEGO","SAN DIEGO",-117.06641001,32.779320009999999
7039997,2015,2015-09-08,3711,2015-08-18,1830,7320,N2,2,5,7,3711,0,0,0,,0,121,"BAYSIDE WALK","VANITIE CT",0.00,,Y,A,-,N,,,,,,,,,,N,4,0,1,1,C,-,18,,,N,E,-,A,A,H,-,A,D,0,,Y,,,Y,,-,"- ",0,0,1,0,0,0,1,0,0,"- ","- ",,,"SAN DIEGO","SAN DIEGO",-117.25255013,32.786870090000001
7042944,2015,2015-09-02,3711,2015-08-03,1220,4957,,1,5,7,3711,0,0,0,,0,234,"POMERADO RD","RIOS RD",8.00,N,N,A,-,N,,,,,,,,,,N,3,0,1,2,A,-,12,21453,A,N,D,G,A,A,H,-,A,A,0,,Y,,,Y,,L,04,0,1,0,0,0,0,1,0,0,"- ","- ",,,"SAN DIEGO","SAN DIEGO",-117.05944555000001,33.015547570000003
7042950,2015,2017-01-17,3711,2015-08-07,1742,6839,,5,5,7,3711,0,0,0,,0,931,"NOBEL DR","RT 805",0.00,,Y,A,-,Y,SD,11,805,-,-,25.126,R,1,N,N,3,0,1,2,A,-,05,21650,1,N,D,G,A,A,H,-,A,A,0,,Y,,,Y,,L,04,0,1,0,0,0,0,1,0,0,"- ","- ",,,"SAN DIEGO","SAN DIEGO",-117.19107006,32.865880830000002
7043015,2015,2015-09-28,3711,2015-08-17,1219,6923,,1,5,7,3711,0,0,0,,0,725,"PALM AV","RT 805",350.00,E,N,A,-,N,,,,,,,,,,N,3,0,1,2,A,-,05,21650,1,N,D,G,A,A,H,-,A,D,0,,Y,,,Y,,L,04,0,1,0,0,0,0,1,0,0,"- ",NO,,,"SAN DIEGO","SAN DIEGO",-117.09444999999999,32.69041
7043019,2015,2015-09-16,3711,2015-08-18,1711,6404,,2,5,7,3711,0,0,0,,0,116,"GARNET AV","MORAGA AV",1056.00,W,N,A,-,N,,,,,,,,,,N,3,0,1,2,A,-,05,21650,1,N,D,G,A,A,H,-,A,D,0,,Y,,,Y,,L,04,0,1,0,0,0,0,1,0,0,"- ","- ",,,"SAN DIEGO","SAN DIEGO",-117.21398771,32.807240159999999
7043735,2015,2015-09-21,3711,2015-08-23,1100,7250,,7,5,7,3711,0,0,0,,0,611,"ROSECRANS ST","CANNING DR",0.00,,Y,-,-,N,,,,,,,,,,N,3,0,1,2,A,-,12,21453,A,N,B,G,A,-,-,-,-,A,0,,Y,,,Y,,-,,0,1,0,0,0,0,1,0,0,"- ","- ",,,"SAN DIEGO","SAN DIEGO",,
7044311,2015,2015-09-10,3711,2015-08-26,1436,HB4531,,3,5,7,3711,0,0,0,,0,503,"NORTH HARBOR DR","RENT A CAR ACCESS RD",0.00,,Y,A,-,N,,,,,,,,,,N,4,0,1,2,A,-,05,21650,1,N,D,G,A,A,D,-,A,A,0,,Y,,,Y,,L,04,0,0,1,0,0,0,1,0,0,"- ","- ",,,"SAN DIEGO","SAN DIEGO",,
7047971,2015,2015-09-21,3711,2015-08-22,1919,7204,5D,6,5,7,3711,0,0,0,,0,124,"LA JOLLA SHORES DR","LA JOLLA SHORES LN",142.00,N,N,A,-,N,,,,,,,,,,N,4,0,1,1,A,-,03,22350,,N,E,I,A,A,H,-,C,D,0,,Y,,,Y,Y,-,"- ",0,0,1,0,0,0,1,0,0,"- ","- ",,,"SAN DIEGO","SAN DIEGO",-117.25076187000001,32.871057290000003
7047988,2015,2015-09-10,3711,2015-08-22,1737,7021,,6,5,7,3711,0,0,0,,0,627,"WEST WASHINGTON ST","BRANT ST",100.00,W,N,A,-,N,,,,,,,,,,N,3,0,1,2,A,-,00,21809,A,N,D,G,A,A,H,-,A,D,0,,Y,,,Y,,L,04,0,1,0,0,0,0,1,0,0,"- ","- ",,,"SAN DIEGO","SAN DIEGO",-117.16757416,32.749818449999999
7047996,2015,2015-09-21,3711,2015-08-22,1200,7072,,6,5,7,3711,0,0,0,,0,115,"REGENTS RD","REGENTS RD 5600",6.00,E,N,A,-,N,,,,,,,,,,Y,3,0,1,2,A,-,12,21453,A,N,D,G,A,A,H,-,A,A,0,,Y,,,Y,,-,"- ",0,1,0,0,0,0,1,0,0,"- ","- ",,,"SAN DIEGO","SAN DIEGO",,
7049667,2015,2015-09-16,3711,2015-08-24,0858,6324,,1,5,7,3711,0,0,0,,0,124,"VIA ALICANTE","GILMAN DR",132.00,E,N,A,-,N,,,,,,,,,,N,3,0,1,1,A,-,08,22107,,N,H,A,A,A,H,-,A,D,0,,Y,,,Y,,L,04,0,1,0,0,0,0,1,0,0,"- ","- ",,,"SAN DIEGO","SAN DIEGO",-117.23587625,32.862155970000003
7049984,2015,2015-09-22,3711,2015-08-16,0056,4495,,7,5,7,3711,0,0,0,,0,122,"MISSION BAY DR","ROSEWOOD ST",57.00,S,N,A,-,N,,,,,,,,,,Y,2,0,1,2,A,-,09,21804,A,N,H,G,A,A,H,-,C,D,0,,Y,,Y,Y,Y,L,04,1,0,0,0,0,0,1,0,0,"- ","- ",,,"SAN DIEGO","SAN DIEGO",-117.21356694000001,32.800461579999997
7050061,2015,2015-12-30,3711,2015-08-25,1908,6112,,2,5,7,3711,0,0,0,,0,111,"BEAGLE ST","KESTON CT",170.00,S,N,A,-,N,,,,,,,,,,N,4,0,1,2,A,-,08,22107,,N,D,G,A,A,H,-,A,D,0,,Y,,,Y,,A,,0,0,1,0,0,0,1,0,0,"- ","- ",,,"SAN DIEGO","SAN DIEGO",-117.16973360999999,32.807131990000002
7050064,2015,2015-12-30,3711,2015-08-25,1545,4116,,2,5,7,3711,0,0,0,,0,321,"MISSION GORGE RD","VANDEVER AV",159.00,S,N,A,-,N,,,,,,,,,,N,3,0,1,2,A,-,09,21801,A,N,D,G,A,A,H,-,A,D,0,,Y,,,Y,,-,,0,1,0,0,0,0,1,0,0,"- ","- ",,,"SAN DIEGO","SAN DIEGO",-117.09773326,32.787234480000002
7052864,2015,2015-09-21,3711,2015-09-01,1630,6495,SD,2,5,7,3711,0,0,0,,0,825,"EL CAJON BL 4360","EL CAJON BL",9.00,S,N,A,-,N,,,,,,,,,,N,3,0,1,2,A,-,08,22107,,N,D,G,A,A,H,-,A,A,0,,Y,,,Y,,-,,0,1,0,0,0,0,1,0,0,"- ","- ",,,"SAN DIEGO","SAN DIEGO",,
7052868,2015,2015-09-21,3711,2015-09-01,1209,6276,,2,5,7,3711,0,0,0,,0,526,"PARK BL","RT 5",283.00,S,N,A,-,N,,,,,,,,,,N,3,0,1,1,A,-,08,22107,,N,E,-,A,A,D,-,A,D,0,,Y,,,Y,,L,04,0,1,0,0,0,0,1,0,0,"- ",SO,,,"SAN DIEGO","SAN DIEGO",-117.15174961,32.723270710000001
7052887,2015,2015-09-21,3711,2015-09-02,1724,6647,SD,3,5,7,3711,0,0,0,,0,325,"NAVAJO RD","PARK RIDGE BL",0.00,,Y,A,-,N,,,,,,,,,,N,3,0,1,2,A,-,08,22107,,N,B,G,A,A,H,-,A,A,0,,Y,,,Y,,-,,0,1,0,0,0,0,1,0,0,"- ","- ",,,"SAN DIEGO","SAN DIEGO",-117.05001011,32.80194006
7053051,2015,2015-09-18,3711,2015-08-28,0830,5114,,5,5,7,3711,0,0,0,,0,246,"SCRIPPS POWAY PY","ANGELIQUE CT",20.00,E,N,A,-,N,,,,,,,,,,N,3,0,1,2,A,-,12,21453,A,N,D,G,A,A,H,-,A,A,0,,Y,,,Y,,-,,0,1,0,0,0,0,1,0,0,"- ","- ",,,"SAN DIEGO","SAN DIEGO",-117.07297609,32.934439830000002
7053063,2015,2015-09-18,3711,2015-08-31,1219,7270,SD,1,5,7,3711,0,0,0,,0,311,"AFTON RD",LARKDALE,0.00,,Y,A,-,N,,,,,,,,,,N,4,0,1,1,A,-,08,22107,,N,E,A,A,A,H,-,A,D,0,,Y,,,Y,Y,-,"- ",0,0,1,0,0,0,1,0,0,"- ","- ",,,"SAN DIEGO","SAN DIEGO",-117.14500013,32.801660009999999
7053083,2015,2015-09-18,3711,2015-08-31,1846,7202,,1,5,7,3711,0,0,0,,0,116,"SIOUX AV","SHAWNEE RD",95.00,S,N,A,-,N,,,,,,,,,,N,2,0,1,1,A,-,08,22107,,N,H,A,A,A,H,-,A,A,0,,Y,,,Y,,L,04,1,0,0,0,0,0,1,0,0,"- ","- ",,,"SAN DIEGO","SAN DIEGO",-117.20328000000001,32.8035
7053092,2015,2015-09-19,3711,2015-08-29,1144,7196,,6,5,7,3711,0,0,0,,0,122,"MISSION BL","SANTA CLARA PL",173.00,N,N,A,-,N,,,,,,,,,,N,4,0,1,1,A,-,08,22107,,N,F,G,A,A,H,-,A,D,0,,Y,,,Y,,L,04,0,0,1,0,0,0,1,0,0,"- ","- ",,,"SAN DIEGO","SAN DIEGO",-117.25259219,32.783013130000001
7053139,2015,2015-09-24,3711,2015-08-23,0906,6923,,7,5,7,3711,0,0,0,,0,723,"PICCARD AV","COLDWELL LN",0.00,,Y,A,-,N,,,,,,,,,,N,3,0,1,1,A,-,03,22350,,N,E,I,A,D,B,-,A,D,0,,Y,,,Y,Y,L,04,0,1,0,0,0,0,1,0,0,"- ","- ",,,"SAN DIEGO","SAN DIEGO",-117.05023011,32.580870040000001
7053196,2015,2015-09-26,3711,2015-08-27,1739,7123,"SAN D",4,5,7,3711,0,0,0,,0,441,"43RD ST",NEWTON,900.00,S,N,A,-,N,,,,,,,,,,N,4,0,1,2,A,-,08,22107,,N,B,G,A,A,H,-,A,D,0,,Y,,,Y,,-,,0,0,1,0,0,0,1,0,0,"- ","- ",,,"SAN DIEGO","SAN DIEGO",-117.10244066,32.69258525
7053846,2015,2015-09-22,3711,2015-07-24,0844,5061,,5,5,7,3711,0,0,0,,0,232,"RANCHO CARMEL DR","PEBBLEBROOK WY",0.00,,Y,A,-,N,,,,,,,,,,N,2,0,1,1,A,-,08,22107,,N,E,I,A,A,H,-,A,A,0,,Y,,,Y,,L,04,1,0,0,0,0,0,1,0,0,"- ","- ",,,"SAN DIEGO","SAN DIEGO",-117.08465004999999,32.975200020000003
7056026,2015,2015-10-08,3711,2015-09-16,1347,6639,,3,5,7,3711,0,0,0,,0,825,"41ST ST","MEADE AV",3.00,S,N,B,-,N,,,,,,,,,,N,3,0,1,2,A,-,10,21950,A,N,D,G,A,A,H,-,A,A,0,,Y,,,Y,,A,01,0,1,0,0,0,0,1,0,0,"- ","- ",,,"SAN DIEGO","SAN DIEGO",-117.10718009,32.757091780000003
7056027,2015,2015-10-03,3711,2015-09-15,0640,4653,,2,5,7,3711,0,0,0,,0,315,"TEXAS ST","CAMINO DEL RIO S",100.00,S,N,B,F,N,,,,,,,,,,N,2,0,1,1,A,-,03,22350,,N,F,A,A,B,H,-,A,A,0,,Y,,,Y,,L,04,1,0,0,0,0,0,1,0,0,"- ","- ",,,"SAN DIEGO","SAN DIEGO",-117.13917904,32.767037129999999
7057814,2015,2016-08-10,3711,2015-10-18,0749,5061,,7,5,7,3711,0,0,0,,0,243,"KEARNY VILLA RD","MIRAMAR RD",0.00,,Y,B,-,N,,,,,,,,,,N,2,0,1,2,A,-,12,21453,A,N,D,G,A,A,H,-,A,A,0,,Y,,,Y,,L,04,1,0,0,0,0,0,1,0,0,"- ","- ",,,"SAN DIEGO","SAN DIEGO",-117.11995003,32.893820069999997
7057995,2015,2015-12-04,3711,2015-11-05,1750,7359,,4,5,7,3711,0,0,0,,0,431,"LAKIBA PALMER AV","EUCLID AV",3.00,E,N,A,-,N,,,,,,,,,,N,3,0,1,2,A,-,03,22350,,N,A,G,A,A,H,-,C,D,0,,Y,,,Y,,L,04,0,1,0,0,0,0,1,0,0,"- ","- ",,,"SAN DIEGO","SAN DIEGO",-117.08503989,32.713770050000001
7057996,2015,2015-11-20,3711,2015-11-05,1800,7177,,4,5,7,3711,0,0,0,,0,446,"LOGAN AV","EUCLID AV",300.00,W,N,A,-,N,,,,,,,,,,N,3,0,1,2,A,-,08,22107,,N,D,G,A,A,H,-,C,A,0,,Y,,,Y,,L,04,0,1,0,0,0,0,1,0,0,"- ","- ",,,"SAN DIEGO","SAN DIEGO",-117.08606998,32.69679
7058034,2015,2015-11-20,3711,2015-11-09,1613,7216,SANDI,1,5,7,3711,0,0,0,,0,112,"MOUNT ARARAT DR","MOUNT ARIANE DR",100.00,W,N,A,-,N,,,,,,,,,,N,4,0,1,1,A,-,08,22107,,N,E,-,A,A,H,-,B,D,0,,Y,,,Y,,L,04,0,0,1,0,0,0,1,0,0,"- ","- ",,,"SAN DIEGO","SAN DIEGO",-117.18554228000001,32.810378710000002
7058170,2015,2015-11-24,3711,2015-11-03,1600,6540,,2,5,7,3711,0,0,0,,0,831,"UNIVERSITY AV",MENLO,100.00,W,N,A,B,N,,,,,,,,,,N,4,0,1,2,A,-,06,21750,A,N,D,G,A,A,H,-,A,D,0,,Y,,,Y,,L,04,0,0,1,0,0,0,1,0,0,"- ","- ",,,"SAN DIEGO","SAN DIEGO",-117.09475414000001,32.749580000000002
7061590,2015,2015-11-06,3711,2015-09-30,1209,7299,SEI,3,5,7,3711,0,0,0,,0,431,"EUCLID AV","LAKIBA PALMER",12.00,S,N,A,-,N,,,,,,,,,,N,3,0,1,2,A,-,10,21950,A,M,H,G,A,A,H,-,A,A,0,,Y,,,Y,,-,"- ",0,1,0,0,0,0,1,0,0,"- ","- ",,,"SAN DIEGO","SAN DIEGO",-117.08503515,32.713735990000004
7061898,2015,2015-10-27,3711,2015-10-09,1126,7082,,5,5,7,3711,0,0,0,,0,813,"ADAMS AV",OREGON,100.00,E,N,A,-,N,,,,,,,,,,N,3,0,1,2,A,-,09,21804,A,N,D,G,A,A,H,-,A,D,0,,Y,,,Y,,A,01,0,1,0,0,0,0,1,0,0,"- ","- ",,,"SAN DIEGO","SAN DIEGO",-117.13483585,32.76284519
7061901,2015,2015-10-28,3711,2015-10-08,2023,6879,,4,5,7,3711,0,0,0,,0,521,"MARKET ST","17TH ST",0.00,,Y,A,-,N,,,,,,,,,,N,3,0,1,2,A,-,09,21802,A,N,D,G,A,A,H,-,C,D,0,,Y,,,Y,,L,04,0,1,0,0,0,0,1,0,0,"- ","- ",,,"SAN DIEGO","SAN DIEGO",-117.14855002,32.711540110000001
7063098,2015,2015-11-04,3711,2015-10-12,1520,7165,,1,5,7,3711,0,0,0,,0,822,"UNIVERSITY AV",COLLEGE,21.00,W,N,A,-,N,,,,,,,,,,N,3,0,2,2,A,-,08,22107,,N,C,G,A,A,H,-,A,A,0,,Y,Y,,Y,,L,04,0,1,1,0,0,0,1,0,1,"- ","- ",,,"SAN DIEGO","SAN DIEGO",-117.06454807,32.752859999999998
7063099,2015,2015-10-28,3711,2015-10-12,0945,7130,,1,5,7,3711,0,0,0,,0,627,"PARK BL",UNIVERSITY,45.00,N,N,B,-,N,,,,,,,,,,N,3,0,1,1,A,-,08,22107,,N,F,A,A,A,A,-,A,D,0,,Y,,,Y,,L,04,0,1,0,0,0,0,1,0,0,"- ","- ",,,"SAN DIEGO","SAN DIEGO",-117.14639366999999,32.748572500000002
7064201,2015,2015-11-06,3711,2015-10-25,2126,6969,,7,5,7,3711,0,0,0,,0,613,"CURTIS ST","CURTIS ST 3700",30.00,S,N,A,-,N,,,,,,,,,,N,3,0,1,1,D,-,00,,,N,E,A,A,A,H,-,C,D,0,,Y,,,Y,Y,-,"- ",0,1,0,0,0,0,1,0,0,"- ","- ",,,"SAN DIEGO","SAN DIEGO",,
7064259,2015,2015-11-19,3711,2015-11-03,1535,6982,,2,5,7,3711,0,0,0,,0,115,"GENESEE AV","EXECUTIVE SQ",0.00,,Y,B,-,N,,,,,,,,,,N,3,0,1,2,A,-,12,21453,A,N,D,G,A,A,H,-,A,A,0,,Y,,,Y,,-,"- ",0,1,0,0,0,0,1,0,0,"- ","- ",,,"SAN DIEGO","SAN DIEGO",-117.21415001,32.874040059999999
7064268,2015,2015-11-06,3711,2015-10-15,1515,6339,,4,5,7,3711,0,0,0,,0,242,"MIRA MESA BL","CAM RUIZ",25.00,E,N,B,-,N,,,,,,,,,,N,3,0,1,2,A,-,11,21456,A,N,D,G,A,A,H,-,A,A,0,,Y,,,Y,,L,04,0,1,0,0,0,0,1,0,0,"- ","- ",,,"SAN DIEGO","SAN DIEGO",-117.14372724,32.912831650000001
7064681,2015,2015-09-28,3711,2015-09-05,1840,7044,,6,5,7,3711,0,0,0,,0,621,"NYE ST","OSLER ST",250.00,S,N,A,-,N,,,,,,,,,,N,4,0,1,2,A,-,08,22107,,N,B,B,A,A,H,-,A,D,0,,Y,,,Y,,L,04,0,0,1,0,0,0,1,0,0,"- ","- ",,,"SAN DIEGO","SAN DIEGO",-117.17626318000001,32.791488219999998
7066750,2015,2015-09-22,3711,2015-09-09,2015,7063,,3,5,7,3711,0,0,0,,0,624,"TEXAS ST","CAMINO DEL RIO S",1320.00,S,N,A,-,N,,,,,,,,,,N,3,0,1,1,A,-,03,22350,,N,H,A,A,A,H,-,D,-,0,,Y,,,Y,Y,L,04,0,1,0,0,0,0,1,0,0,"- ","- ",,,"SAN DIEGO","SAN DIEGO",-117.13916732,32.763746619999999
7067013,2015,2015-09-24,3711,2015-09-07,0958,6774,,1,5,7,3711,0,0,0,,0,937,"RUN OF THE KNOLLS","ENTRADA DE LUZ E",1056.00,W,N,A,-,N,,,,,,,,,,Y,3,0,1,1,A,-,03,22350,,N,F,A,A,A,H,-,A,D,0,,Y,,,Y,,L,04,0,1,0,0,0,0,1,0,0,"- ","- ",,,"SAN DIEGO","SAN DIEGO",,
7067014,2015,2015-09-24,3711,2015-09-08,1804,6532,,2,5,7,3711,0,0,0,,0,123,"SUNSET CLIFFS BL","RT 8",3960.00,,N,A,-,N,,,,,,,,,,N,3,0,2,2,A,-,08,22107,,N,A,G,A,A,H,-,A,D,0,,Y,,,Y,,L,04,0,1,1,0,0,0,2,0,0,"- ",WF,,,"SAN DIEGO","SAN DIEGO",-117.23531006,32.755920080000003
7067169,2015,2015-09-22,3711,2015-09-04,1354,6391,,5,5,7,3711,0,0,0,,0,,"LEA ST","54TH ST",0.00,,Y,A,-,N,,,,,,,,,,N,3,0,1,2,A,-,12,21453,A,N,D,G,A,A,H,-,A,A,0,,Y,,,Y,,L,04,0,1,0,0,0,0,1,0,0,"- ","- ",,,"SAN DIEGO","SAN DIEGO",-117.07953012999999,32.745840020000003
7067255,2015,2015-09-25,3711,2015-09-04,1645,7111,SD,5,5,7,3711,0,0,0,,0,115,"GOVERNOR DR","MERCER ST",0.00,,Y,A,-,N,,,,,,,,,,N,4,0,1,1,A,-,08,22107,,N,H,A,A,A,H,-,A,D,0,,Y,,,Y,,L,04,0,0,1,0,0,0,1,0,0,"- ","- ",,,"SAN DIEGO","SAN DIEGO",-117.20992001,32.852050009999999
7067256,2015,2015-09-25,3711,2015-09-06,1648,5046,,7,5,7,3711,0,0,0,,0,517,BROADWAY,"20TH ST",19.00,W,N,A,-,N,,,,,,,,,,N,3,0,1,1,A,-,08,22107,,N,F,-,A,A,H,-,A,D,0,,Y,,,Y,,L,04,0,1,0,0,0,0,1,0,0,"- ","- ",,,"SAN DIEGO","SAN DIEGO",-117.14592155,32.715771369999999
7067277,2015,2015-09-22,3711,2015-09-10,1120,7048,,4,5,7,3711,0,0,0,,0,124,"LA JOLLA SHORES","BIOLOGICAL GR",0.00,,Y,B,-,N,,,,,,,,,,N,3,0,1,2,A,-,08,22107,,N,D,G,A,A,H,-,A,A,0,,Y,,,Y,,-,,0,1,0,0,0,0,1,0,0,"- ","- ",,,"SAN DIEGO","SAN DIEGO",-117.25157993000001,32.870310060000001
7067289,2015,2015-09-22,3711,2015-09-07,1844,6891,,1,5,7,3711,0,0,0,,0,122,"GARNET AV","FANUEL ST",0.00,,Y,A,-,N,,,,,,,,,,N,4,0,1,2,A,-,09,21801,A,N,D,G,A,A,H,-,A,A,0,,Y,,,Y,,-,,0,0,1,0,0,0,1,0,0,"- ","- ",,,"SAN DIEGO","SAN DIEGO",-117.24635001999999,32.798530049999997
7067314,2015,2015-09-22,3711,2015-09-04,2013,6532,,5,5,7,3711,0,0,0,,0,611,"SPORTS ARENA BL","SPORTS ARENA BL 3400",528.00,W,N,A,-,N,,,,,,,,,,N,4,0,1,2,A,-,03,22350,,N,D,G,A,A,H,-,C,D,0,,Y,,,Y,,-,,0,0,1,0,0,0,1,0,0,"- ","- ",,,"SAN DIEGO","SAN DIEGO",,
7067417,2015,2015-09-19,3711,2015-09-06,1015,4300,,7,5,7,3711,0,0,0,,0,,"HARBOR DR","SCHLEY ST",250.00,E,N,A,-,N,,,,,,,,,,N,4,0,1,1,A,-,03,22350,,N,H,-,A,A,H,-,A,D,0,,Y,,,Y,,L,04,0,0,1,0,0,0,1,0,0,"- ","- ",,,"SAN DIEGO","SAN DIEGO",-117.13891169999999,32.692432240000002
7067680,2015,2015-09-28,3711,2015-09-11,1749,6250,,5,5,7,3711,0,0,0,,0,821,"EL CAJON BL","ART ST",528.00,E,N,A,-,N,,,,,,,,,,N,3,0,1,2,A,-,10,21952,,N,D,G,A,A,H,-,A,D,0,,Y,,,Y,,A,01,0,1,0,0,0,0,1,0,0,"- ","- ",,,"SAN DIEGO","SAN DIEGO",-117.05972096000001,32.765925869999997
7068279,2015,2015-09-23,3711,2015-09-11,2227,8861,,5,5,7,3711,0,0,0,,0,611,"ROSECRANS ST","KURTZ ST",360.00,N,N,A,-,N,,,,,,,,,,N,3,0,1,1,A,-,08,22107,,N,E,I,A,A,H,-,C,D,0,,Y,,,Y,,L,04,0,1,0,0,0,0,1,0,0,"- ","- ",,,"SAN DIEGO","SAN DIEGO",-117.20318141,32.75310004
7068286,2015,2015-09-23,3711,2015-09-12,1508,6532,,6,5,7,3711,0,0,0,,0,611,"SPORTS ARENA BL","EAST ST",0.00,,Y,A,-,N,,,,,,,,,,N,3,0,1,2,-,-,"- ",,,N,E,-,A,A,A,-,A,A,0,,Y,,,Y,,-,"- ",0,1,0,0,0,0,1,0,0,"- ","- ",,,"SAN DIEGO","SAN DIEGO",-117.20834006,32.752980090000001
7068429,2015,2015-09-23,3711,2015-09-14,1820,4495,,1,5,7,3711,0,0,0,,0,521,"J ST","15TH ST",178.00,W,N,A,-,N,,,,,,,,,,N,4,0,1,2,A,-,04,21703,,M,C,G,A,-,H,-,A,D,0,,Y,,,Y,,-,99,0,0,1,0,0,0,1,0,0,"- ","- ",,,"SAN DIEGO","SAN DIEGO",-117.15093668,32.709417539999997
7068430,2015,2015-09-23,3711,2015-09-01,0557,5972,,2,5,7,3711,0,0,0,,0,931,"CARROLL CANYON RD","YOUNGSTOWN WY",38.00,W,N,A,-,N,,,,,,,,,,N,2,0,1,1,C,-,18,,,N,E,J,A,A,H,-,C,D,0,,Y,,,Y,,-,"- ",1,0,0,0,0,0,1,0,0,"- ","- ",,,"SAN DIEGO","SAN DIEGO",-117.19501442000001,32.890991049999997
7069772,2015,2015-10-08,3711,2015-09-16,2130,7190,,3,5,7,3711,0,0,0,,0,,"IMPERIAL AV TROLLEY TRACKS","IMPERIAL AV TROLLEY TRACKS 1200",2.00,E,N,A,-,N,,,,,,,,,,N,2,0,1,1,D,-,00,,,N,F,G,A,A,A,-,C,D,0,,Y,,,Y,Y,-,"- ",1,0,0,0,0,0,1,0,0,"- ","- ",,,"SAN DIEGO","SAN DIEGO",,
7069951,2015,2015-10-08,3711,2015-09-03,2120,7067,,4,5,7,3711,0,0,0,,0,627,"UNIVERSITY AV","8TH AV",5.00,N,N,A,-,N,,,,,,,,,,N,3,0,1,2,A,-,09,21801,A,N,A,G,A,A,H,-,C,A,0,,Y,,,Y,,-,,0,1,0,0,0,0,1,0,0,"- ","- ",,,"SAN DIEGO","SAN DIEGO",,
7072570,2015,2015-09-22,3711,2015-07-05,1224,5589,,7,5,7,3711,0,0,0,,0,126,"NORTH TORREY PINES RD","TORREY PINES SCENIC DR",0.00,,Y,A,-,N,,,,,,,,,,N,4,0,1,2,A,-,08,22107,,N,D,G,A,A,H,-,A,A,0,,Y,,,Y,,A,01,0,0,1,0,0,0,1,0,0,"- ","- ",,,"SAN DIEGO","SAN DIEGO",-117.24374003,32.887700070000001
7072674,2015,2015-09-19,3711,2015-09-02,2015,7032,,3,5,7,3711,0,0,0,,0,822,"COLLEGE AV","ADLAIDE AV",10.00,S,N,A,-,N,,,,,,,,,,N,3,0,1,1,A,-,03,22350,,N,E,A,A,A,H,-,C,A,0,,Y,,,Y,Y,L,04,0,1,0,0,0,0,1,0,0,"- ","- ",,,"SAN DIEGO","SAN DIEGO",-117.06637805,32.757662660000001
7078909,2014,2015-10-20,3711,2014-11-14,1200,7137,,5,5,7,3711,0,0,0,,0,621,"LINDA VISTA RD","MESA COLLEGE",0.00,,Y,A,-,N,,,,,,,,,,N,3,0,1,2,A,-,11,21456,B,N,G,G,A,A,H,-,A,A,0,,Y,,,Y,,-,"- ",0,1,0,0,0,0,1,0,0,"- ","- ",,,"SAN DIEGO","SAN DIEGO",-117.15815006,32.80081011
7080300,2015,2015-09-30,3711,2015-09-03,2227,6483,,4,5,7,3711,0,0,0,,0,826,"EL CAJON BL","MARCELLENA RD",0.00,,Y,A,-,N,,,,,,,,,,N,4,0,1,2,A,-,09,21801,B,N,D,G,A,A,H,-,C,D,0,,Y,,,Y,,L,04,0,0,1,0,0,0,1,0,0,"- ","- ",,,"SAN DIEGO","SAN DIEGO",-117.08085005,32.757630079999998