CASE_ID,ACCIDENT_YEAR,PROC_DATE,JURIS,COLLISION_DATE,COLLISION_TIME,OFFICER_ID,REPORTING_DISTRICT,DAY_OF_WEEK,CHP_SHIFT,POPULATION,CNTY_CITY_LOC,SPECIAL_COND,BEAT_TYPE,CHP_BEAT_TYPE,CITY_DIVISION_LAPD,CHP_BEAT_CLASS,BEAT_NUMBER,PRIMARY_RD,SECONDARY_RD,DISTANCE,DIRECTION,INTERSECTION,WEATHER_1,WEATHER_2,STATE_HWY_IND,CALTRANS_COUNTY,CALTRANS_DISTRICT,STATE_ROUTE,ROUTE_SUFFIX,POSTMILE_PREFIX,POSTMILE,LOCATION_TYPE,RAMP_INTERSECTION,SIDE_OF_HWY,TOW_AWAY,COLLISION_SEVERITY,NUMBER_KILLED,NUMBER_INJURED,PARTY_COUNT,PRIMARY_COLL_FACTOR,PCF_CODE_OF_VIOL,PCF_VIOL_CATEGORY,PCF_VIOLATION,PCF_VIOL_SUBSECTION,HIT_AND_RUN,TYPE_OF_COLLISION,MVIW,PED_ACTION,ROAD_SURFACE,ROAD_COND_1,ROAD_COND_2,LIGHTING,CONTROL_DEVICE,CHP_ROAD_TYPE,PEDESTRIAN_ACCIDENT,BICYCLE_ACCIDENT,MOTORCYCLE_ACCIDENT,TRUCK_ACCIDENT,NOT_PRIVATE_PROPERTY,ALCOHOL_INVOLVED,STWD_VEHTYPE_AT_FAULT,CHP_VEHTYPE_AT_FAULT,COUNT_SEVERE_INJ,COUNT_VISIBLE_INJ,COUNT_COMPLAINT_PAIN,COUNT_PED_KILLED,COUNT_PED_INJURED,COUNT_BICYCLIST_KILLED,COUNT_BICYCLIST_INJURED,COUNT_MC_KILLED,COUNT_MC_INJURED,PRIMARY_RAMP,SECONDARY_RAMP,LATITUDE,LONGITUDE,COUNTY,CITY,POINT_X,POINT_Y
7082009,2015,2015-10-17,3711,2015-09-28,2138,4310,,1,5,7,3711,0,0,0,,0,122,"INGRAHAM ST","GARNET AV",4.00,N,N,A,-,N,,,,,,,,,,N,4,0,1,2,A,-,09,21804,A,M,D,G,A,A,H,-,C,D,0,,Y,,,Y,,L,04,0,0,1,0,0,0,1,0,0,"- ","- ",,,"SAN DIEGO","SAN DIEGO",-117.24084336,32.799770580000001
7082012,2015,2015-10-17,3711,2015-09-25,2100,3762,,5,5,7,3711,0,0,0,,0,832,"ORANGE AV","CENTRAL AV",9.00,W,N,A,-,N,,,,,,,,,,N,3,0,1,2,A,-,09,21801,A,N,D,G,A,A,H,-,C,D,0,,Y,,,Y,,-,,0,1,0,0,0,0,1,0,0,"- ","- ",,,"SAN DIEGO","SAN DIEGO",-117.10826917,32.753210000000003
7082016,2015,2015-10-17,3711,2015-09-28,1313,7323,,1,5,7,3711,0,0,0,,0,811,"ADAMS AV","BANCROFT ST",0.00,,Y,A,-,N,,,,,,,,,,N,4,0,1,2,A,-,09,21801,A,N,D,G,A,A,H,-,A,D,0,,Y,,,Y,,A,01,0,0,1,0,0,0,1,0,0,"- ","- ",,,"SAN DIEGO","SAN DIEGO",-117.12391004,32.763360050000003
7087117,2015,2015-10-19,3711,2015-09-17,1820,6252,,4,5,7,3711,0,0,0,,0,611,"SPORTS ARENA BL","CAMINO DEL RIO W",582.00,E,N,A,-,N,,,,,,,,,,N,3,0,1,2,A,-,05,21202,A,N,B,G,A,A,H,-,A,D,0,,Y,,,Y,,L,04,0,1,0,0,0,0,1,0,0,"- ","- ",,,"SAN DIEGO","SAN DIEGO",-117.20493999999999,32.751530000000002
7087691,2015,2015-10-13,3711,2015-09-22,0816,7299,SE1,2,5,7,3711,0,0,0,,0,436,"BROOKHAVEN RD","ROYAL OAK DR",11.00,S,N,A,-,N,,,,,,,,,,N,3,0,1,2,A,-,12,22450,A,N,B,G,A,A,H,-,A,A,0,,Y,,,Y,,L,04,0,1,0,0,0,0,1,0,0,"- ","- ",,,"SAN DIEGO","SAN DIEGO",-117.02681957999999,32.701143199999997
7087699,2015,2015-10-08,3711,2015-09-22,1745,7048,,2,5,7,3711,0,0,0,,0,123,"FIESTA ISLAND RD","MIDDLE FIESTA ISLAND RD",1000.00,N,N,A,-,N,,,,,,,,,,N,3,0,1,2,A,-,04,21703,,N,C,G,A,A,H,-,A,D,0,,Y,,,Y,,L,04,0,1,0,0,0,0,1,0,0,"- ","- ",,,"SAN DIEGO","SAN DIEGO",,
7088027,2015,2015-10-20,3711,2015-09-21,0830,7131,,1,5,7,3711,0,0,0,,0,116,"KNAPP ST","WACO ST",0.00,,Y,B,-,N,,,,,,,,,,N,3,0,1,2,A,-,08,22107,,M,A,G,A,A,H,-,A,D,0,,Y,,,Y,,-,,0,1,0,0,0,0,1,0,0,"- ","- ",,,"SAN DIEGO","SAN DIEGO",-117.1955901,32.802120109999997
7088032,2015,2015-10-09,3711,2015-09-08,2143,4576,,2,5,7,3711,0,0,0,,0,531,"PERSHING DR","REDWOOD ST",0.00,,Y,A,-,N,,,,,,,,,,N,2,0,1,2,A,-,05,21460,A,N,A,G,A,A,H,-,D,A,0,,Y,,,Y,,L,04,1,0,0,0,0,0,1,0,0,"- ","- ",,,"SAN DIEGO","SAN DIEGO",-117.13459005,32.73706009
7088048,2015,2015-10-09,3711,2015-09-17,0751,4823,SANDI,4,5,7,3711,0,0,0,,0,116,"CLAIREMONT DR","ERIE ST",465.00,E,N,A,-,N,,,,,,,,,,Y,2,0,1,2,A,-,06,21755,,F,B,G,A,A,H,-,A,D,0,,Y,,,Y,,-,99,1,0,0,0,0,0,1,0,0,"- ","- ",,,"SAN DIEGO","SAN DIEGO",-117.20071505,32.790197620000001
7090808,2015,2015-10-09,3711,2015-08-09,0951,5061,,7,5,7,3711,0,0,0,,0,122,"W MISSION BAY DR 800","MISSION BLVD",216.00,E,N,A,-,N,,,,,,,,,,N,2,0,1,3,A,-,08,22107,,F,B,G,A,A,H,-,A,D,0,,Y,,,Y,,-,99,1,0,0,0,0,0,1,0,0,"- ","- ",,,"SAN DIEGO","SAN DIEGO",,
7090814,2015,2015-11-18,3711,2015-09-26,1018,6393,,6,5,7,3711,0,0,0,,0,122,"CORONA ORIENTE RD","CROWN POINT DR",0.00,,Y,A,-,N,,,,,,,,,,N,3,0,2,2,A,-,08,22107,,N,-,-,A,A,H,-,A,D,0,,Y,,,Y,,L,04,0,1,1,0,0,0,2,0,0,"- ","- ",32.790579999999999,-117.23227,"SAN DIEGO","SAN DIEGO",-117.23437009,32.782420070000001
7090815,2015,2015-10-15,3711,2015-09-24,1144,7288,,4,5,7,3711,0,0,0,,0,721,"THERMAL AV","CORONADO AV",8.00,S,N,A,-,N,,,,,,,,,,N,3,0,1,2,A,-,12,21453,A,N,D,G,A,A,H,-,A,A,0,,Y,,,Y,,L,04,0,1,0,0,0,0,1,0,0,"- ","- ",,,"SAN DIEGO","SAN DIEGO",-117.09705047999999,32.576488089999998
7090847,2015,2017-01-12,3711,2015-09-12,0918,5061,,6,5,7,3711,0,0,0,,0,931,"ROSELLE ST 10700","ROSELLE ST",0.00,,N,B,-,Y,SD,11,5,-,R,30.058,R,4,N,N,2,0,1,1,A,-,12,22450,A,N,E,I,A,A,H,-,A,A,0,,Y,,,Y,,L,04,1,0,0,0,0,0,1,0,0,"- ","- ",,,"SAN DIEGO","SAN DIEGO",-117.22624677,32.895618810000002
7090879,2015,2015-10-09,3711,2015-09-25,1639,4759,,5,5,7,3711,0,0,0,,0,122,"JEWELL ST","EMERALD ST",156.00,S,N,A,-,N,,,,,,,,,,N,4,0,1,2,A,-,09,21802,A,N,D,G,A,A,H,-,A,D,0,,Y,,,Y,,L,04,0,0,1,0,0,0,1,0,0,"- ","- ",,,"SAN DIEGO","SAN DIEGO",-117.23946909,32.801717259999997
7093437,2015,2015-10-30,3711,2015-09-18,0900,2801,SDPD,5,5,7,3711,0,0,0,,0,326,"MONTEZUMA RD","55TH ST",7.00,W,N,A,-,N,,,,,,,,,,N,3,0,1,2,A,-,09,21803,A,N,A,G,A,A,H,-,A,A,0,,Y,,,Y,,L,04,0,1,0,0,0,0,1,0,0,"- ","- ",32.770769999999999,-117.07625,"SAN DIEGO","SAN DIEGO",-117.07628268000001,32.770710680000001
7097004,2015,2017-01-27,3711,2015-10-01,1059,5985,,4,5,7,3711,0,0,0,,0,314,"MESA COLLEGE DR","RT 805",48.00,W,N,A,-,Y,SD,11,805,-,-,19.854,R,4,S,N,3,0,1,2,A,-,08,22107,,M,B,G,A,A,H,-,A,A,0,,Y,,,Y,,-,99,0,1,0,0,0,0,1,0,0,"- ",SO,,,"SAN DIEGO","SAN DIEGO",-117.14969128,32.798340750000001
7097028,2015,2015-10-19,3711,2015-10-01,1127,4684,,4,5,7,3711,0,0,0,,0,232,"CAMINO DEL SUR","BRYN GLEN",570.00,N,N,A,-,N,,,,,,,,,,N,3,0,1,1,D,-,00,,,N,F,-,A,A,H,-,A,D,0,,Y,,,Y,,-,"- ",0,1,0,0,0,0,1,0,0,"- ","- ",,,"SAN DIEGO","SAN DIEGO",-117.14541373,32.972045950000002
7098448,2015,2015-11-23,3711,2015-10-08,1156,6795,SANDI,4,5,7,3711,0,0,0,,0,831,HIGHLAND,"EL CAJON BL",6.00,S,N,A,-,N,,,,,,,,,,N,4,0,1,2,A,-,05,21650,1,N,A,G,A,A,H,-,A,A,0,,Y,,,Y,,L,04,0,0,1,0,0,0,1,0,0,"- ","- ",,,"SAN DIEGO","SAN DIEGO",-117.0992,32.755099999999999
7098610,2015,2015-10-21,3711,2015-10-05,1840,6223,N2,1,5,7,3711,0,0,0,,0,124,"TORREY PINES RD","ARDATH LN",236.00,N,N,A,-,N,,,,,,,,,,N,3,0,1,2,A,-,17,22517,,N,H,G,A,A,H,-,C,D,0,,Y,,,Y,,A,01,0,1,0,0,0,0,1,0,0,"- ","- ",,,"SAN DIEGO","SAN DIEGO",-117.24972584,32.850800759999998
7098638,2015,2015-10-26,3711,2015-10-01,2102,7034,,4,5,7,3711,0,0,0,,0,723,"BEYER WY","CORONADO AV",300.00,S,N,A,-,N,,,,,,,,,,N,3,0,1,1,A,-,08,22107,,N,H,A,A,A,H,-,D,D,0,,Y,,,Y,,L,04,0,1,0,0,0,0,1,0,0,"- ","- ",,,"SAN DIEGO","SAN DIEGO",-117.06439465,32.57689981
7098671,2015,2015-10-20,3711,2015-10-03,1445,6904,,6,5,7,3711,0,0,0,,0,712,"SOUTH VISTA  AV","SMYTHE  CROSSING",96.00,E,N,A,-,N,,,,,,,,,,N,3,0,1,1,A,-,08,22107,,N,H,-,A,A,H,-,A,D,0,,Y,,,Y,,L,04,0,1,0,0,0,0,1,0,0,"- ","- ",,,"SAN DIEGO","SAN DIEGO",-117.05024511000001,32.559042820000002
7099442,2015,2015-10-24,3711,2015-10-11,0927,7331,,7,5,7,3711,0,0,0,,0,932,"NORTH TORREY PINES RD","S TORREY PINES STATE RESERVE",1230.00,S,N,A,-,N,,,,,,,,,,N,3,0,1,1,C,-,18,,,N,H,J,A,A,H,-,A,D,0,,Y,,,Y,,-,"- ",0,1,0,0,0,0,1,0,0,"- ","- ",,,"SAN DIEGO","SAN DIEGO",,
7099472,2015,2015-10-24,3711,2015-10-10,0832,7331,,6,5,7,3711,0,0,0,,0,932,"SORRENTO VALLEY RD","SORRENTO COASTER STATION",102.00,N,N,A,-,N,,,,,,,,,,,3,0,1,1,C,-,18,,,N,H,J,A,A,G,-,A,D,0,,Y,,,Y,,-,"- ",0,1,0,0,0,0,1,0,0,"- ","- ",,,"SAN DIEGO","SAN DIEGO",,
7099492,2015,2015-10-24,3711,2015-10-11,0800,5672,,7,5,7,3711,0,0,0,,0,115,"GENESEE AV","LINDA VISTA RD",0.00,,N,A,-,N,,,,,,,,,,N,3,0,1,2,A,-,08,22107,,M,D,G,A,A,H,-,A,D,0,,Y,,,Y,,-,,0,1,0,0,0,0,1,0,0,"- ","- ",,,"SAN DIEGO","SAN DIEGO",-117.16598012,32.791560050000001
7099509,2015,2016-08-10,3711,2015-10-07,2100,7089,SD,3,5,7,3711,0,0,0,,0,007,CORONADO,"NESTOR WY",2.00,,N,A,-,N,,,,,,,,,,,3,0,1,2,A,-,09,21804,A,N,-,G,A,A,-,-,C,D,0,,Y,Y,,Y,,C,02,0,1,0,0,0,0,1,0,0,"- ","- ",,,"SAN DIEGO","SAN DIEGO",-117.08545006,32.576490069999998
7102929,2015,2015-10-29,3711,2015-09-30,2025,7042,,3,5,7,3711,0,0,0,,0,628,"KETTNER BL","WEST OLIVE ST",189.00,S,N,A,-,N,,,,,,,,,,N,3,0,1,2,A,-,17,22517,,N,B,G,A,A,H,-,C,D,0,,Y,,,Y,,A,01,0,1,0,0,0,0,1,0,0,"- ","- ",,,"SAN DIEGO","SAN DIEGO",-117.17296655,32.732291850000003
7102980,2015,2015-10-29,3711,2015-10-06,1515,6443,,2,5,7,3711,0,0,0,,0,823,"UNIVERSITY AV","UNIVERSITY SQ DY",382.00,E,N,A,-,N,,,,,,,,,,N,3,0,1,2,A,-,08,22107,,N,-,G,A,A,H,-,A,D,0,,Y,,,Y,,L,04,0,1,0,0,0,0,1,0,0,"- ","- ",,,"SAN DIEGO","SAN DIEGO",,
7103004,2015,2015-10-29,3711,2015-10-07,1637,7330,,3,5,7,3711,0,0,0,,0,831,"FAIRMOUNT AV","ORANGE AV",9.00,S,N,A,-,N,,,,,,,,,,N,4,0,1,2,A,-,05,21202,A,N,H,G,A,A,H,-,A,A,0,,Y,,,Y,,L,04,0,0,1,0,0,0,1,0,0,"- ","- ",,,"SAN DIEGO","SAN DIEGO",-117.10086042,32.753145349999997
7103008,2015,2015-10-29,3711,2015-10-02,2130,7370,3711,5,5,7,3711,0,0,0,,0,124,GENESSE,REGENTS,0.00,,Y,-,-,N,,,,,,,,,,N,3,0,1,2,A,-,08,22107,,N,C,G,A,A,H,-,C,A,0,,Y,,,Y,,L,04,0,1,0,0,0,0,1,0,0,"- ","- ",,,"SAN DIEGO","SAN DIEGO",-117.21816011,32.880820030000002
7103016,2015,2016-08-10,3711,2015-10-07,1800,6820,,3,5,7,3711,0,0,0,,0,625,"TAYLOR ST","PACIFIC HWY",30.00,E,N,A,-,N,,,,,,,,,,N,3,0,2,2,A,-,04,21703,,N,B,G,A,A,H,-,A,A,0,,Y,,,Y,,L,04,0,2,0,0,0,0,2,0,0,"- ","- ",,,"SAN DIEGO","SAN DIEGO",-117.20100361,32.755400950000002
7103024,2015,2015-10-29,3711,2015-10-05,1333,6795,SANDI,1,5,7,3711,0,0,0,,0,822,"EL CAJON BL","54TH ST",33.00,W,N,B,-,N,,,,,,,,,,N,3,0,1,2,A,-,"- ",,,N,C,G,A,A,H,-,A,A,0,,Y,,,Y,,L,04,0,1,0,0,0,0,1,0,0,"- ","- ",,,"SAN DIEGO","SAN DIEGO",-117.07945553,32.757825230000002
7103032,2015,2015-10-29,3711,2015-10-07,0940,5072,,3,5,7,3711,0,0,0,,0,327,"MONTEZUMA RD","COLLEGE AV",61.00,E,N,A,-,N,,,,,,,,,,N,3,0,1,2,A,-,05,21650,1,N,D,G,A,A,H,-,A,A,0,,Y,,,Y,,L,04,0,1,0,0,0,0,1,0,0,"- ","- ",,,"SAN DIEGO","SAN DIEGO",-117.06961226999999,32.770713409999999
7103061,2015,2015-10-29,3711,2015-10-06,1009,7341,SANDI,2,5,7,3711,0,0,0,,0,627,"WASHINGTON ST","5TH AV",13.00,E,N,A,-,N,,,,,,,,,,N,3,0,1,2,A,-,08,22107,,M,D,G,A,A,H,-,A,A,0,,Y,,,Y,,-,,0,1,0,0,0,0,1,0,0,"- ","- ",,,"SAN DIEGO","SAN DIEGO",-117.16078786,32.75
7103069,2015,2015-10-29,3711,2015-10-08,1800,7120,,4,5,7,3711,0,0,0,,0,813,"UNIVERSITY AV","ALABAMA ST",56.00,W,N,A,-,N,,,,,,,,,,N,4,0,1,1,A,-,08,22107,,N,E,A,A,A,H,-,A,D,0,,Y,,,Y,,L,04,0,0,1,0,0,0,1,0,0,"- ","- ",,,"SAN DIEGO","SAN DIEGO",-117.14269152999999,32.748440000000002
7106409,2015,2015-11-02,3711,2015-10-19,1439,6772,SANDI,1,5,7,3711,0,0,0,,0,242,"WESTCHESTER AV","FLANDERS DR",250.00,S,N,A,-,N,,,,,,,,,,N,4,0,1,1,A,-,08,22107,,N,G,-,A,A,H,-,A,D,0,,Y,,,Y,,L,04,0,0,1,0,0,0,1,0,0,"- ","- ",,,"SAN DIEGO","SAN DIEGO",-117.12719651,32.908433510000002
7106411,2015,2015-11-02,3711,2015-10-19,1955,6193,,1,5,7,3711,0,0,0,,0,311,"MURRAY RIDGE RD","CHALAR ST",59.00,S,N,A,-,N,,,,,,,,,,N,3,0,1,2,A,-,17,21209,A,N,A,G,A,A,H,-,C,D,0,,Y,,,Y,Y,A,01,0,1,0,0,0,0,1,0,0,"- ","- ",,,"SAN DIEGO","SAN DIEGO",-117.14447425,32.794415010000002
7106416,2015,2015-11-02,3711,2015-10-15,1352,7044,,4,5,7,3711,0,0,0,,0,621,"LINDA VISTA RD","ULRIC ST",150.00,W,N,A,-,N,,,,,,,,,,N,3,0,1,2,A,-,08,22107,,N,B,G,A,A,H,-,A,D,0,,Y,,,Y,,-,,0,1,0,0,0,0,1,0,0,"- ","- ",,,"SAN DIEGO","SAN DIEGO",-117.17046670000001,32.786117150000003
7106421,2015,2015-11-02,3711,2015-10-15,1645,6305,,4,5,7,3711,0,0,0,,0,446,"EUCLID AV","LOGAN AV",300.00,S,N,A,-,N,,,,,,,,,,N,4,0,1,2,A,-,12,22450,A,N,D,G,A,A,H,-,A,D,0,,Y,,,Y,,L,04,0,0,1,0,0,0,1,0,0,"- ","- ",,,"SAN DIEGO","SAN DIEGO",-117.08511944999999,32.695898300000003
7106547,2015,2015-11-02,3711,2015-10-19,1817,7185,,1,5,7,3711,0,0,0,,0,324,"LAKE MURRAY BL","LYNNHAVEN LN",0.00,,Y,B,-,N,,,,,,,,,,N,4,0,1,1,A,-,03,22350,,N,H,J,A,A,A,-,B,D,0,,Y,,,Y,,L,04,0,0,1,0,0,0,1,0,0,"- ","- ",,,"SAN DIEGO","SAN DIEGO",-117.01204008000001,32.801020100000002
7106548,2015,2015-11-02,3711,2015-10-20,1310,6415,,2,5,7,3711,0,0,0,,0,326,"54TH ST","MAISEL WY",25.00,N,N,A,-,N,,,,,,,,,,N,4,0,1,2,A,-,06,21755,,N,-,G,A,A,H,-,-,A,0,,Y,,,Y,,L,04,0,0,1,0,0,0,1,0,0,"- ","- ",,,"SAN DIEGO","SAN DIEGO",-117.07998316,32.766745620000002
7106549,2015,2015-11-03,3711,2015-10-20,0800,7365,,2,5,7,3711,0,0,0,,0,934,"DEL MAR HEIGHTS RD","CARMEL VALLEY RD",0.00,,Y,A,-,N,,,,,,,,,,N,3,0,1,2,A,-,05,21202,A,N,H,G,A,A,H,-,A,A,0,,Y,,,Y,,L,04,0,1,0,0,0,0,1,0,0,"- ","- ",,,"SAN DIEGO","SAN DIEGO",-117.19211005,32.960700090000003
7106553,2015,2015-11-02,3711,2015-10-08,0825,5202,"SAN D",4,5,7,3711,0,0,0,,0,310,"GRAMERCY DR","9066 GRAMERCY AV",0.00,,N,A,-,N,,,,,,,,,,N,4,0,1,2,B,-,22,,,N,D,G,A,A,H,-,A,D,0,,Y,,,Y,,L,04,0,0,1,0,0,0,1,0,0,"- ","- ",,,"SAN DIEGO","SAN DIEGO",-117.13250399,32.802424649999999
7106766,2015,2015-10-29,3711,2015-10-14,1900,6381,,3,5,7,3711,0,0,0,,0,833,"LANDIS ST","46TH ST",0.00,,Y,A,-,N,,,,,,,,,,N,4,0,1,2,A,-,08,22107,,M,B,G,A,A,H,-,C,A,0,,Y,,,Y,,-,,0,0,1,0,0,0,1,0,0,"- ","- ",,,"SAN DIEGO","SAN DIEGO",-117.09575006,32.745880079999999
7106786,2015,2015-10-29,3711,2015-10-14,0658,5888,,3,5,7,3711,0,0,0,,0,826,"EUCLID AV","POLK AV",156.00,N,N,A,-,N,,,,,,,,,,N,3,0,1,2,A,-,17,22517,,N,H,G,A,A,H,-,A,D,0,,Y,,,Y,,-,,0,1,0,0,0,0,1,0,0,"- ","- ",,,"SAN DIEGO","SAN DIEGO",-117.09226511999999,32.75177729
7106790,2015,2015-10-29,3711,2015-10-14,0719,7323,,3,5,7,3711,0,0,0,,0,839,"UNIVERSITY AV","39TH ST",0.00,,Y,A,-,N,,,,,,,,,,N,3,0,1,2,A,-,12,21453,A,N,D,G,A,A,H,-,A,A,0,,Y,,,Y,,-,,0,1,0,0,0,0,1,0,0,"- ","- ",,,"SAN DIEGO","SAN DIEGO",-117.11065003,32.749690049999998
7106925,2015,2015-10-29,3711,2015-10-10,1352,6621,SD,6,5,7,3711,0,0,0,,0,124,"LA JOLLA SHORES","AZUL ST",8.00,S,N,A,-,N,,,,,,,,,,N,4,0,1,2,A,-,08,22107,,N,B,G,A,A,H,-,A,A,0,,Y,,,Y,,L,04,0,0,1,0,0,0,1,0,0,"- ","- ",,,"SAN DIEGO","SAN DIEGO",-117.24593363,32.871700910000001
7107022,2015,2015-10-30,3711,2015-10-11,0510,7301,,7,5,7,3711,0,0,0,,0,612,"NIMITZ BL","POINT LOMA BL",0.00,,Y,A,-,N,,,,,,,,,,N,3,0,1,2,A,-,12,21453,A,N,D,G,A,A,H,-,C,A,0,,Y,,,Y,,L,04,0,1,0,0,0,0,1,0,0,"- ","- ",,,"SAN DIEGO","SAN DIEGO",-117.23612006,32.751240009999997
7107030,2015,2015-10-30,3711,2015-10-14,1241,4823,"SAN D",3,5,7,3711,0,0,0,,0,112,"GENESEE AV","GENESEE COURT EAST",0.00,,Y,A,-,N,,,,,,,,,,N,3,0,1,2,A,-,05,21650,1,N,D,G,A,A,H,-,A,A,0,,Y,,,Y,,L,04,0,1,0,0,0,0,1,0,0,"- ","- ",,,"SAN DIEGO","SAN DIEGO",-117.17935005,32.814190089999997
7108578,2015,2015-11-06,3711,2015-10-24,0945,4274,,6,5,7,3711,0,0,0,,0,313,"RUFFIN RD","LIGHTWAVE AV",30.00,N,N,A,-,N,,,,,,,,,,Y,3,0,3,3,A,-,08,22107,,N,C,G,A,A,H,-,A,A,0,,Y,,,Y,,-,,0,1,2,0,0,0,1,0,0,"- ","- ",,,"SAN DIEGO","SAN DIEGO",-117.12669877,32.828762169999997
7108602,2015,2015-11-07,3711,2015-10-20,2138,4310,,2,5,7,3711,0,0,0,,0,517,BROADWAY,"21ST ST",68.00,W,N,A,-,N,,,,,,,,,,N,4,0,1,2,A,-,09,21801,A,N,D,G,A,A,H,-,C,D,0,,Y,,,Y,,A,01,0,0,1,0,0,0,1,0,0,"- ","- ",,,"SAN DIEGO","SAN DIEGO",-117.14515033000001,32.715777629999998
7108622,2015,2015-11-10,3711,2015-10-19,1531,7172,,1,5,7,3711,0,0,0,,0,838,"EL CAJON BL","EL CAJON BL 3800",17.00,N,N,A,-,N,,,,,,,,,,N,3,0,1,2,-,-,"- ",,,N,A,G,A,A,H,-,A,D,0,,Y,,,Y,,-,"- ",0,1,0,0,0,0,1,0,0,"- ","- ",,,"SAN DIEGO","SAN DIEGO",,
7109043,2015,2015-11-05,3711,2015-10-23,1934,6389,,5,5,7,3711,0,0,0,,0,526,"PARK BL","PARK BL 1400",0.00,,-,A,-,N,,,,,,,,,,N,4,0,1,2,A,-,09,21801,A,N,D,G,A,A,D,-,C,A,0,,Y,,,Y,Y,-,,0,0,1,0,0,0,1,0,0,"- ","- ",,,"SAN DIEGO","SAN DIEGO",,
7109070,2015,2015-11-07,3711,2015-10-26,1700,7338,,1,5,7,3711,0,0,0,,0,824,"EL CAJON BL","54TH ST",10.00,W,N,A,-,N,,,,,,,,,,N,3,0,2,2,B,-,22,,,N,-,-,-,A,H,-,A,A,0,Y,Y,,,Y,,L,04,0,2,0,0,1,0,1,0,0,"- ","- ",,,"SAN DIEGO","SAN DIEGO",-117.07938197999999,32.75783552
7112984,2015,2015-11-16,3711,2015-10-29,1100,7051,,4,5,7,3711,0,0,0,,0,121,"WEST MISSION BAY DR","GLEASON RD",12.00,E,N,A,-,N,,,,,,,,,,N,3,0,1,2,A,-,09,21804,A,N,D,G,A,A,H,-,A,D,0,,Y,,,Y,,L,04,0,1,0,0,0,0,1,0,0,"- ","- ",,,"SAN DIEGO","SAN DIEGO",-117.24689028,32.77115877
7113134,2015,2017-02-04,3711,2015-10-25,1130,6712,NORTH,7,5,7,3711,0,0,0,,0,116,"CLAIREMONT DR","CLAIREMONT DR 2400",0.00,,N,A,-,Y,SD,11,5,-,R,21.956,R,4,S,N,3,0,1,2,A,-,09,21802,A,M,D,G,A,A,H,-,A,-,0,,Y,,,Y,,-,,0,1,0,0,0,0,1,0,0,"- ","- ",,,"SAN DIEGO","SAN DIEGO",-117.20742684,32.78620008
7113139,2015,2015-11-06,3711,2015-10-23,1046,7030,,5,5,7,3711,0,0,0,,0,626,"PRESIDIO DR","ALTAMIRANO WY",150.00,E,N,A,-,N,,,,,,,,,,N,3,0,1,1,C,-,18,,,N,F,A,A,A,A,-,A,D,0,,Y,,,Y,,-,"- ",0,1,0,0,0,0,1,0,0,"- ","- ",,,"SAN DIEGO","SAN DIEGO",-117.19253891,32.754915990000001
7113793,2015,2015-11-13,3711,2015-10-30,1630,7247,EASTE,5,5,7,3711,0,0,0,,0,311,"MURPHY CANYON RD","NORTH AV",5.00,S,N,A,-,N,,,,,,,,,,N,4,0,1,2,A,-,08,22107,,F,-,G,A,A,H,-,A,-,0,,Y,,,Y,,-,,0,0,1,0,0,0,1,0,0,"- ","- ",,,"SAN DIEGO","SAN DIEGO",,
7113809,2015,2015-11-13,3711,2015-10-25,1518,7274,"SAN D",7,5,7,3711,0,0,0,,0,,"UNIVERSITY AV","10TH AV",528.00,E,N,A,-,N,,,,,,,,,,N,3,0,1,1,A,-,16,24002,A,N,F,A,A,A,H,-,A,D,0,,Y,,,Y,Y,L,04,0,1,0,0,0,0,1,0,0,"- ","- ",,,"SAN DIEGO","SAN DIEGO",,
7113814,2015,2015-11-13,3711,2015-10-29,0701,6621,,4,5,7,3711,0,0,0,,0,124,"LA JOLLA BL","BONAIR WY",8.00,N,N,A,-,N,,,,,,,,,,Y,3,0,1,2,A,-,08,22107,,M,B,G,A,A,H,-,A,A,0,,Y,,,Y,,-,,0,1,0,0,0,0,1,0,0,"- ","- ",,,"SAN DIEGO","SAN DIEGO",-117.27638597000001,32.83116133
7113818,2015,2017-01-28,3711,2015-10-04,1130,5838,,7,5,7,3711,0,0,0,,0,122,"MISSION BAY DR","ROSEWOOD ST",327.00,S,N,B,C,Y,SD,11,5,-,R,22.752,R,4,N,Y,2,0,1,2,A,-,09,21804,A,N,D,G,A,B,H,-,A,D,0,,Y,,,Y,,L,04,1,0,0,0,0,0,1,0,0,"- ","- ",,,"SAN DIEGO","SAN DIEGO",-117.20963736,32.797259259999997
7113825,2015,2015-11-13,3711,2015-10-27,0845,6415,,2,5,7,3711,0,0,0,,0,314,"MESA COLLEGE DR","BERGER AV",261.00,W,N,B,-,N,,,,,,,,,,N,4,0,1,2,A,-,06,21750,,N,C,G,A,A,H,-,A,A,0,,Y,,,Y,,L,04,0,0,1,0,0,0,1,0,0,"- ","- ",,,"SAN DIEGO","SAN DIEGO",-117.15284896999999,32.801959050000001
7113834,2015,2015-11-12,3711,2015-10-31,1314,6621,"SAN D",6,5,7,3711,0,0,0,,0,124,"LA JOLLA BL","BIRD ROCK AV",300.00,N,N,A,-,N,,,,,,,,,,N,4,0,1,2,A,-,08,22107,,N,D,G,A,A,H,-,A,D,0,,Y,,,Y,,-,,0,0,1,0,0,0,1,0,0,"- ","- ",,,"SAN DIEGO","SAN DIEGO",-117.271083,32.816408299999999