CASE_ID,ACCIDENT_YEAR,PROC_DATE,JURIS,COLLISION_DATE,COLLISION_TIME,OFFICER_ID,REPORTING_DISTRICT,DAY_OF_WEEK,CHP_SHIFT,POPULATION,CNTY_CITY_LOC,SPECIAL_COND,BEAT_TYPE,CHP_BEAT_TYPE,CITY_DIVISION_LAPD,CHP_BEAT_CLASS,BEAT_NUMBER,PRIMARY_RD,SECONDARY_RD,DISTANCE,DIRECTION,INTERSECTION,WEATHER_1,WEATHER_2,STATE_HWY_IND,CALTRANS_COUNTY,CALTRANS_DISTRICT,STATE_ROUTE,ROUTE_SUFFIX,POSTMILE_PREFIX,POSTMILE,LOCATION_TYPE,RAMP_INTERSECTION,SIDE_OF_HWY,TOW_AWAY,COLLISION_SEVERITY,NUMBER_KILLED,NUMBER_INJURED,PARTY_COUNT,PRIMARY_COLL_FACTOR,PCF_CODE_OF_VIOL,PCF_VIOL_CATEGORY,PCF_VIOLATION,PCF_VIOL_SUBSECTION,HIT_AND_RUN,TYPE_OF_COLLISION,MVIW,PED_ACTION,ROAD_SURFACE,ROAD_COND_1,ROAD_COND_2,LIGHTING,CONTROL_DEVICE,CHP_ROAD_TYPE,PEDESTRIAN_ACCIDENT,BICYCLE_ACCIDENT,MOTORCYCLE_ACCIDENT,TRUCK_ACCIDENT,NOT_PRIVATE_PROPERTY,ALCOHOL_INVOLVED,STWD_VEHTYPE_AT_FAULT,CHP_VEHTYPE_AT_FAULT,COUNT_SEVERE_INJ,COUNT_VISIBLE_INJ,COUNT_COMPLAINT_PAIN,COUNT_PED_KILLED,COUNT_PED_INJURED,COUNT_BICYCLIST_KILLED,COUNT_BICYCLIST_INJURED,COUNT_MC_KILLED,COUNT_MC_INJURED,PRIMARY_RAMP,SECONDARY_RAMP,LATITUDE,LONGITUDE,COUNTY,CITY,POINT_X,POINT_Y
7114092,2015,2015-11-18,3711,2015-10-29,1733,6390,,4,5,7,3711,0,0,0,,0,614,"POINT LOMA BL","POINT LOMA BL 4600",0.00,,N,A,-,N,,,,,,,,,,N,4,0,1,2,A,-,09,21801,A,N,G,G,A,A,H,-,A,D,0,,Y,,,Y,,A,01,0,0,1,0,0,0,1,0,0,"- ","- ",,,"SAN DIEGO","SAN DIEGO",,
7114253,2015,2015-11-17,3711,2015-11-05,0548,5959,,4,5,7,3711,0,0,0,,0,623,"HOTEL CIRCLE PL","HOTEL CIRCLE PL 2495",1056.00,W,N,A,-,N,,,,,,,,,,N,4,0,1,1,C,-,18,,,N,H,A,A,D,B,-,A,D,0,,Y,,,Y,,-,"- ",0,0,1,0,0,0,1,0,0,"- ","- ",,,"SAN DIEGO","SAN DIEGO",,
7116175,2015,2015-11-19,3711,2015-11-06,1310,7304,,5,5,7,3711,0,0,0,,0,327,"RICHARD ST","RICHARD ST 6852",13.00,S,N,A,-,N,,,,,,,,,,N,2,0,1,2,A,-,09,21804,A,N,H,G,A,A,C,-,A,D,0,,Y,,,Y,,L,04,1,0,0,0,0,0,1,0,0,"- ","- ",,,"SAN DIEGO","SAN DIEGO",,
7119564,2015,2015-12-01,3711,2015-11-13,1006,5985,,5,5,7,3711,0,0,0,,0,522,"G ST","3RD AV",64.00,E,N,A,-,N,,,,,,,,,,N,3,0,1,2,A,-,08,22107,,N,B,G,A,A,H,-,A,D,0,,Y,,,Y,,A,01,0,1,0,0,0,0,1,0,0,"- ","- ",,,"SAN DIEGO","SAN DIEGO",-117.16170270000001,32.71258512
7121594,2015,2015-11-20,3711,2015-10-22,1240,7332,SDPD,4,5,7,3711,0,0,0,,0,524,"7TH AV",BROADWAY,0.00,,Y,A,-,N,,,,,,,,,,N,4,0,1,2,A,-,05,21650,1,N,-,G,A,A,H,-,A,A,0,,Y,,,Y,,L,04,0,0,1,0,0,0,1,0,0,"- ","- ",,,"SAN DIEGO","SAN DIEGO",-117.15834001,32.715720009999998
7122218,2015,2015-12-09,3711,2015-11-14,1025,6437,,6,5,7,3711,0,0,0,,0,121,"OCEAN FRONT WALK","SANTA BARBARA PL",0.00,,Y,A,-,N,,,,,,,,,,N,4,0,1,2,A,-,11,21950,B,N,-,-,B,A,H,-,A,D,0,Y,Y,,,Y,,-,"- ",0,0,1,0,1,0,0,0,0,"- ","- ",,,"SAN DIEGO","SAN DIEGO",-117.2530201,32.774140029999998
7122330,2015,2015-11-25,3711,2015-11-13,1745,4523,,5,5,7,3711,0,0,0,,0,124,"GILMAN DR","GILMAN DR 8200",0.00,,Y,A,-,N,,,,,,,,,,N,4,0,1,2,A,-,09,21801,A,M,D,G,A,A,H,-,C,D,0,,Y,,,Y,,-,,0,0,1,0,0,0,1,0,0,"- ","- ",,,"SAN DIEGO","SAN DIEGO",-117.23706007,32.85396892
7124079,2015,2015-12-07,3711,2015-11-16,1446,6424,,1,5,7,3711,0,0,0,,0,242,"WESTVIEW PKWY","MIRA MESA BL",2000.00,N,N,A,-,N,,,,,,,,,,N,3,0,1,2,A,-,08,22107,,N,A,G,A,A,H,-,A,D,0,,Y,,,Y,,-,,0,1,0,0,0,0,1,0,0,"- ","- ",,,"SAN DIEGO","SAN DIEGO",-117.11899,32.922512070000003
7127724,2015,2015-12-02,3711,2015-11-22,0824,6552,,7,5,7,3711,0,0,0,,0,931,"SORRENTO VALLEY BL","SEA MIST WY",170.00,W,N,A,-,N,,,,,,,,,,N,3,0,1,1,A,-,03,22350,,N,H,-,A,A,H,-,A,A,0,,Y,,,Y,,L,04,0,1,0,0,0,0,1,0,0,"- ","- ",,,"SAN DIEGO","SAN DIEGO",-117.20323556,32.908686660000001
7127740,2015,2015-12-02,3711,2015-11-18,1507,5918,,3,5,7,3711,0,0,0,,0,434,"IMPERIAL AV","FLICKER ST",0.00,,Y,A,-,N,,,,,,,,,,N,3,0,1,2,A,-,09,21801,A,N,A,G,A,A,H,-,A,A,0,,Y,,,Y,,-,,0,1,0,0,0,0,1,0,0,"- ","- ",,,"SAN DIEGO","SAN DIEGO",-117.04782006000001,32.713370089999998
7127759,2015,2015-12-21,3711,2015-11-21,1405,7032,,6,5,7,3711,0,0,0,,0,811,"ADAMS AV","39TH ST",0.00,,Y,A,-,N,,,,,,,,,,N,4,0,1,2,A,-,"- ",,,N,B,G,A,A,H,-,A,A,0,,Y,,,Y,,-,"- ",0,0,1,0,0,0,1,0,0,"- ","- ",,,"SAN DIEGO","SAN DIEGO",-117.11113002,32.763270069999997
7128243,2015,2015-12-07,3711,2015-11-23,1624,5672,,1,5,7,3711,0,0,0,,0,313,"CLAIREMONT MESA BL","MURPHY CANYON RD",25.00,E,N,A,-,N,,,,,,,,,,N,3,0,1,2,A,-,12,21453,A,N,D,G,A,A,H,-,A,A,0,,Y,,,Y,,L,04,0,1,0,0,0,0,1,0,0,"- ","- ",,,"SAN DIEGO","SAN DIEGO",-117.12112581,32.833167680000003
7128777,2015,2015-12-10,3711,2015-11-06,1825,4617,,5,5,7,3711,0,0,0,,0,242,"HILLERY DR","RICKERT RD",45.00,E,N,A,-,N,,,,,,,,,,N,3,0,1,2,A,-,08,22107,,N,B,G,A,A,H,-,C,D,0,,Y,,,Y,,-,,0,1,0,0,0,0,1,0,0,"- ","- ",,,"SAN DIEGO","SAN DIEGO",-117.12679389,32.912907689999997
7128979,2015,2015-12-09,3711,2015-11-18,1317,7037,SANDI,3,5,7,3711,0,0,0,,0,614,BACON,NEWPORT,0.00,,Y,A,-,N,,,,,,,,,,N,4,0,1,2,A,-,17,22517,,N,-,G,A,A,H,-,A,A,0,,Y,Y,,Y,,C,06,0,0,1,0,0,0,1,0,0,"- ","- ",,,"SAN DIEGO","SAN DIEGO",-117.25105004,32.74687007
7129016,2015,2015-12-09,3711,2015-11-24,1503,7192,,2,5,7,3711,0,0,0,,0,521,"ISLAND AV","15TH ST",40.00,E,N,A,-,N,,,,,,,,,,N,4,0,1,1,D,-,00,,,N,H,A,A,A,H,-,A,D,0,,Y,,,Y,,-,"- ",0,0,1,0,0,0,1,0,0,"- ","- ",,,"SAN DIEGO","SAN DIEGO",-117.15022039999999,32.710458539999998
7129452,2015,2015-12-08,3711,2015-11-21,1348,7181,SD,6,5,7,3711,0,0,0,,0,116,"BALBOA AV","MORAGA AV",0.00,,Y,A,-,N,,,,,,,,,,N,3,0,1,2,A,-,09,21453,B,N,D,G,A,A,H,-,A,A,0,,Y,,,Y,,L,04,0,1,0,0,0,0,1,0,0,"- ","- ",,,"SAN DIEGO","SAN DIEGO",-117.21061003,32.808000110000002
7130751,2015,2015-12-09,3711,2015-11-29,1115,6308,,7,5,7,3711,0,0,0,,0,531,"EL PRADO","6TH AV",21.00,E,N,A,-,N,,,,,,,,,,N,3,0,1,1,C,-,18,,,N,H,A,A,A,B,-,A,D,0,,Y,,,Y,,-,"- ",0,1,0,0,0,0,1,0,0,"- ","- ",,,"SAN DIEGO","SAN DIEGO",-117.15936194,32.731389999999998
7130767,2015,2015-12-09,3711,2015-11-26,0657,6837,,4,5,7,3711,0,0,0,,0,528,"HAWTHORN ST","HAWTHORN ST 500",1.00,S,N,B,-,N,,,,,,,,,,N,3,0,1,2,A,-,08,22107,,N,B,G,A,A,H,-,A,A,0,,Y,,,Y,,A,01,0,1,0,0,0,0,1,0,0,"- ","- ",,,"SAN DIEGO","SAN DIEGO",-117.16026664,32.727167970000004
7131891,2015,2015-12-23,3711,2015-11-29,0500,6515,,7,5,7,3711,0,0,0,,0,541,"IMPERIAL AV","11TH AV",21.00,E,N,B,-,N,,,,,,,,,,N,3,0,1,1,D,-,00,,,N,H,-,A,A,H,-,C,-,0,,Y,,,Y,,-,"- ",0,1,0,0,0,0,1,0,0,"- ","- ",,,"SAN DIEGO","SAN DIEGO",-117.15457141,32.70627107
7131896,2015,2015-12-23,3711,2015-11-24,1135,7122,,2,5,7,3711,0,0,0,,0,614,"BACON ST","CAPE MAY AV",120.00,N,N,A,-,N,,,,,,,,,,N,3,0,1,2,A,-,09,21804,A,M,D,G,A,A,H,-,A,D,0,,Y,,,Y,,L,04,0,1,0,0,0,0,1,0,0,"- ","- ",,,"SAN DIEGO","SAN DIEGO",-117.24862027,32.749645319999999
7133833,2015,2015-12-15,3711,2015-12-02,1650,5470,,3,5,7,3711,0,0,0,,0,311,"AERO DR","AFTON RD",0.00,,Y,A,-,N,,,,,,,,,,N,4,0,1,2,A,-,08,22107,,N,D,G,A,A,H,-,B,A,0,,Y,,,Y,,A,01,0,0,1,0,0,0,1,0,0,"- ","- ",,,"SAN DIEGO","SAN DIEGO",-117.14447001000001,32.809650099999999
7135259,2015,2016-01-06,3711,2015-12-26,1311,7339,SANDI,6,5,7,3711,0,0,0,,0,934,"CARMEL VALLEY RD","EL CAMINIO REAL",0.00,,Y,A,-,N,,,,,,,,,,N,4,0,1,2,A,-,12,21453,A,N,D,G,A,A,H,-,A,A,0,,Y,,,Y,,L,04,0,0,1,0,0,0,1,0,0,"- ","- ",,,"SAN DIEGO","SAN DIEGO",-117.23715000999999,32.934710019999997
7135372,2015,2016-08-10,3711,2015-12-01,1750,7058,,2,5,7,3711,0,0,0,,0,721,"DORIS ST","SATURN BL",6.00,W,N,A,-,N,,,,,,,,,,N,3,0,1,2,A,-,05,21650,1,N,D,G,A,A,H,-,C,D,0,,Y,,,Y,,L,04,0,1,0,0,0,0,1,0,0,"- ","- ",,,"SAN DIEGO","SAN DIEGO",-117.09263935,32.585118710000003
7137127,2015,2015-12-17,3711,2015-12-05,1518,2381,,6,5,7,3711,0,0,0,,0,242,"BLACK MOUNTAIN RD","BLACK MOUNTAIN RD 11300",0.00,,-,A,-,N,,,,,,,,,,N,3,0,1,1,D,-,00,,,N,-,-,A,A,H,-,B,-,0,,Y,,,Y,,-,"- ",0,1,0,0,0,0,1,0,0,"- ","- ",32.554499999999997,-117.73099999999999,"SAN DIEGO","SAN DIEGO",-117.12463528000001,32.924324380000002
7137133,2015,2015-12-17,3711,2015-12-08,0810,4684,,2,5,7,3711,0,0,0,,0,122,"DAMON AV","MISSION BAY",100.00,E,N,A,-,N,,,,,,,,,,N,3,0,1,2,A,-,09,21802,A,N,D,G,A,A,H,-,A,D,0,,Y,,,Y,,-,,0,1,0,0,0,0,1,0,0,"- ","- ",,,"SAN DIEGO","SAN DIEGO",-117.21908659,32.807628149999999
7137138,2015,2017-01-27,3711,2015-12-03,2030,7177,,4,5,7,3711,0,0,0,,0,447,"RT 805","MARKET ST",4.00,S,N,A,-,Y,SD,11,805,-,-,12.779,R,4,N,N,3,0,1,2,A,-,09,21804,,N,B,G,A,A,H,-,C,A,0,,Y,,,Y,,-,,0,1,0,0,0,0,1,0,0,"- ","- ",,,"SAN DIEGO","SAN DIEGO",-117.09863008000001,32.709497759999998
7137144,2015,2015-12-17,3711,2015-12-05,0020,6874,,6,5,7,3711,0,0,0,,0,512,"S EVANS",IRVING,75.00,S,N,A,-,N,,,,,,,,,,N,3,0,1,2,A,-,08,22107,,N,B,G,A,A,H,-,C,D,0,,Y,,,Y,Y,L,04,0,1,0,0,0,0,1,0,0,"- ","- ",,,"SAN DIEGO","SAN DIEGO",-117.13876574,32.7014323
7137152,2015,2015-12-17,3711,2015-12-07,1326,6379,"SAN D",1,5,7,3711,0,0,0,,0,114,"CLAIREMONT MESA BL","GENESEE AV",132.00,W,N,A,-,N,,,,,,,,,,N,3,0,1,1,A,-,15,21201,A,N,F,A,A,A,-,-,A,D,0,,Y,,,Y,,L,04,0,1,0,0,0,0,1,0,0,"- ","- ",,,"SAN DIEGO","SAN DIEGO",-117.19532826,32.834483509999998
7137154,2015,2015-12-21,3711,2015-12-07,1541,6532,,1,5,7,3711,0,0,0,,0,614,"EBERS ST","MUIR AV",0.00,,Y,A,-,N,,,,,,,,,,N,4,0,1,2,A,-,09,21801,A,N,A,G,A,A,H,-,A,D,0,,Y,,,Y,,-,,0,0,1,0,0,0,1,0,0,"- ","- ",,,"SAN DIEGO","SAN DIEGO",-117.24193002,32.748210039999996
7137299,2015,2015-12-28,3711,2015-12-04,1115,5498,,5,5,7,3711,0,0,0,,0,521,BROADWAY,"14TH ST",41.00,E,N,A,-,N,,,,,,,,,,N,3,0,1,2,A,-,03,22350,,N,C,G,A,A,H,-,A,A,0,,Y,,,Y,Y,L,04,0,1,0,0,0,0,1,0,0,"- ","- ",,,"SAN DIEGO","SAN DIEGO",-117.15180716,32.715758289999997
7138844,2015,2015-12-30,3711,2015-10-20,1600,6609,,2,5,7,3711,0,0,0,,0,522,"HARBOR DR","SALIDA LOOP",0.00,,Y,A,-,N,,,,,,,,,,N,3,0,1,2,A,-,12,21453,A,N,D,G,A,A,H,-,A,A,0,,Y,,,Y,,L,04,0,1,0,0,0,0,1,0,0,"- ","- ",,,"SAN DIEGO","SAN DIEGO",-117.16427,32.708870040000001
7142107,2015,2015-12-28,3711,2015-12-10,0743,4684,,4,5,7,3711,0,0,0,,0,115,"GENESEE AV","GOVERNOR DR",0.00,,Y,B,-,N,,,,,,,,,,N,4,0,1,2,A,-,09,21804,A,N,D,G,A,A,H,-,A,A,0,,Y,,,Y,,L,04,0,0,1,0,0,0,1,0,0,"- ","- ",,,"SAN DIEGO","SAN DIEGO",-117.20468,32.854610059999999
7142109,2015,2016-08-10,3711,2015-12-12,1500,6982,,6,5,7,3711,0,0,0,,0,126,"TORREY PINES RD","NATIONAL UNIVERSITY SYSTEM DRWY",0.00,,Y,A,-,N,,,,,,,,,,N,4,0,1,2,A,-,12,21453,A,N,B,G,A,A,H,-,A,A,0,,Y,,,Y,,-,,0,0,1,0,0,0,1,0,0,"- ","- ",,,"SAN DIEGO","SAN DIEGO",,
7142111,2015,2015-12-28,3711,2015-12-13,1423,7139,SANDI,7,5,7,3711,0,0,0,,0,122,"MISSION BL","EMERALD ST",0.00,,Y,B,-,N,,,,,,,,,,N,4,0,1,2,A,-,08,22107,,N,B,G,A,A,H,-,A,D,0,,Y,,,Y,,-,,0,0,1,0,0,0,1,0,0,"- ","- ",,,"SAN DIEGO","SAN DIEGO",-117.25606003,32.798410089999997
7142161,2015,2015-12-28,3711,2015-12-12,0800,7130,,6,5,7,3711,0,0,0,,0,831,"ORANGE AV","CHAMOUNE AV",33.00,W,N,A,-,N,,,,,,,,,,N,3,0,1,2,A,-,12,22450,A,N,D,G,A,A,H,-,A,D,0,,Y,,,Y,Y,-,,0,1,0,0,0,0,1,0,0,"- ","- ",,,"SAN DIEGO","SAN DIEGO",-117.09667693999999,32.753132020000002
7142181,2015,2015-12-28,3711,2015-12-13,1110,6973,,7,5,7,3711,0,0,0,,0,445,"MARKET ST","COTTON ST",152.00,W,N,A,-,N,,,,,,,,,,N,3,0,1,2,A,-,17,22517,,N,B,G,A,A,H,-,A,D,0,,Y,,,Y,,-,,0,1,0,0,0,0,1,0,0,"- ","- ",,,"SAN DIEGO","SAN DIEGO",-117.09546232,32.71143052
7142233,2015,2015-12-28,3711,2015-12-08,1830,7205,,2,5,7,3711,0,0,0,,0,326,"MONTEZUMA RD",MONTEZUMA,2.00,S,N,A,-,N,,,,,,,,,,N,3,0,1,1,A,-,08,22107,,N,H,-,A,A,H,-,C,A,0,,Y,,,Y,,L,04,0,1,0,0,0,0,1,0,0,"- ","- ",,,"SAN DIEGO","SAN DIEGO",-117.09819960999999,32.773504529999997
7142360,2015,2015-12-29,3711,2015-12-11,1535,6632,MC2,5,5,7,3711,0,0,0,,0,813,"LANDIS ST","LANDIS ST 3100",7.00,S,N,A,-,N,,,,,,,,,,N,4,0,1,2,A,-,21,22106,,N,D,G,A,A,H,-,A,D,0,,Y,,,Y,,-,,0,0,1,0,0,0,1,0,0,"- ","- ",,,"SAN DIEGO","SAN DIEGO",,
7142813,2015,2016-01-07,3711,2015-12-09,1756,4243,,3,5,7,3711,0,0,0,,0,114,"W ALLY ONONDAGA AV","ONONDAGA AV 4500",117.00,W,N,A,-,N,,,,,,,,,,N,3,0,1,2,A,-,08,22107,,N,B,G,A,A,H,-,D,D,0,,Y,,,Y,,L,04,0,1,0,0,0,0,1,0,0,"- ","- ",,,"SAN DIEGO","SAN DIEGO",,
7144598,2015,2016-01-05,3711,2015-12-11,0609,5838,,5,5,7,3711,0,0,0,,0,835,"FAIRMOUNT AV","HOME AV",0.00,,Y,B,-,N,,,,,,,,,,Y,2,0,1,2,A,-,12,21453,A,F,D,G,A,B,H,-,C,A,0,,Y,,,Y,,L,04,1,0,0,0,0,0,1,0,0,"- ","- ",,,"SAN DIEGO","SAN DIEGO",-117.09974004,32.728880070000002
7145133,2015,2015-12-29,3711,2015-12-15,1540,6339,,2,5,7,3711,0,0,0,,0,242,"MIRA MESA BL","MARBURY AV",300.00,E,N,A,-,N,,,,,,,,,,N,3,0,1,1,A,-,00,84,A,N,H,-,A,A,H,-,A,D,0,,Y,,,Y,,L,04,0,1,0,0,0,0,1,0,0,"- ","- ",,,"SAN DIEGO","SAN DIEGO",-117.12909752,32.916618569999997
7145888,2015,2016-01-28,3711,2015-12-14,1600,6825,,1,5,7,3711,0,0,0,,0,243,"MIRAMAR RD","CAMINO RUIZ",1900.00,W,N,A,-,N,,,,,,,,,,N,4,0,1,2,A,-,"- ",,,N,H,G,A,A,H,-,A,D,0,,Y,,,Y,,-,"- ",0,0,1,0,0,0,1,0,0,"- ","- ",,,"SAN DIEGO","SAN DIEGO",-117.13930073,32.891798950000002
7145959,2015,2016-02-08,3711,2015-12-08,1058,6402,,2,5,7,3711,0,0,0,,0,813,"UNIVERSITY AV","MISSISSIPPI ST",7.00,W,N,A,-,N,,,,,,,,,,N,3,0,1,2,A,-,08,22107,,N,B,G,A,A,H,-,A,A,0,,Y,,,Y,,L,04,0,1,0,0,0,0,1,0,0,"- ","- ",,,"SAN DIEGO","SAN DIEGO",-117.14129269,32.748440000000002
7146084,2015,2016-01-08,3711,2015-12-16,1900,4527,,3,5,7,3711,0,0,0,,0,524,9TH,BROADWAY,12.00,N,N,A,-,N,,,,,,,,,,N,3,0,1,2,A,-,09,21801,A,N,D,G,A,A,H,-,E,A,0,,Y,,,Y,,-,"- ",0,1,0,0,0,0,1,0,0,"- ","- ",,,"SAN DIEGO","SAN DIEGO",-117.15651061,32.715752870000003
7146147,2015,2017-02-03,3711,2015-12-17,2044,7328,,4,5,7,3711,0,0,0,,0,233,"CARMEL MOUNTAIN RD","RT 15",45.00,E,N,A,-,Y,SD,11,15,-,-,20.428,R,1,N,N,3,0,1,2,A,-,05,21651,B,N,D,G,A,A,H,-,C,A,0,,Y,,,Y,,L,04,0,1,0,0,0,0,1,0,0,"- ",NF,,,"SAN DIEGO","SAN DIEGO",-117.08748370000001,32.976823959999997
7146151,2015,2016-01-08,3711,2015-12-16,1458,7340,"SAN D",3,5,7,3711,0,0,0,,0,613,"EBERS ST","WEST POINT LOMA BL",46.00,S,N,A,-,N,,,,,,,,,,N,3,0,1,2,A,-,08,22107,,M,B,G,A,A,H,-,A,A,0,,Y,,,Y,,-,"- ",0,1,0,0,0,0,1,0,0,"- ","- ",,,"SAN DIEGO","SAN DIEGO",-117.24008061000001,32.75046485
7146494,2015,2015-12-31,3711,2015-12-18,1715,7360,,5,5,7,3711,0,0,0,,0,,"LARKDALE AV","AFTON RD",0.00,,Y,-,-,N,,,,,,,,,,,3,0,1,2,D,-,00,,,M,-,G,A,-,-,-,-,-,0,,Y,,,Y,,-,"- ",0,1,0,0,0,0,1,0,0,"- ","- ",,,"SAN DIEGO","SAN DIEGO",-117.14500013,32.801660009999999
7146666,2015,2016-01-04,3711,2015-11-18,1604,6366,,3,5,7,3711,0,0,0,,0,242,"BLACK MOUNTAIN RD","GEMINI AV",4.00,S,N,A,-,N,,,,,,,,,,N,4,0,1,3,A,-,17,21451,A,N,G,B,B,A,H,-,A,A,0,Y,Y,,,Y,,D,22,0,0,1,0,1,0,0,0,0,"- ","- ",,,"SAN DIEGO","SAN DIEGO",-117.1251291,32.919299070000001
7149367,2015,2016-01-06,3711,2015-12-19,1422,6837,,6,5,7,3711,0,0,0,,0,529,"4TH AV",UPAS,3.00,S,N,B,-,N,,,,,,,,,,N,4,0,1,2,A,-,05,21650,1,N,D,G,A,A,H,-,A,D,0,,Y,,,Y,,L,04,0,0,1,0,0,0,1,0,0,"- ","- ",,,"SAN DIEGO","SAN DIEGO",-117.16127,32.740791780000002
7149423,2015,2016-08-10,3711,2015-12-25,1830,7257,,5,5,7,3711,0,0,0,,0,524,BROADWAY,"2ND AV",2.00,E,N,A,-,N,,,,,,,,,,N,4,0,1,2,A,-,10,21950,A,M,-,G,A,A,H,-,C,A,0,,Y,,,Y,,-,,0,0,1,0,0,0,1,0,0,"- ","- ",,,"SAN DIEGO","SAN DIEGO",-117.16287353,32.715779769999997
7151332,2016,2016-01-14,3711,2016-01-02,1600,5315,,6,5,7,3711,0,0,0,,0,625,"INDIA ST","WEST WASHINGTON ST",70.00,S,N,A,-,N,,,,,,,,,,N,4,0,1,2,A,-,08,22107,,N,D,G,A,A,H,-,A,D,0,,Y,,,Y,,-,,0,0,1,0,0,0,1,0,0,"- ","- ",,,"SAN DIEGO","SAN DIEGO",-117.18115936,32.743123900000001
7152263,2015,2016-01-26,3711,2015-12-30,2355,7045,,3,5,7,3711,0,0,0,,0,813,"EL CAJON BL","OHIO ST",0.00,,Y,A,-,N,,,,,,,,,,N,3,0,2,2,A,-,05,21650,1,N,D,G,A,A,H,-,C,D,0,,Y,Y,,Y,,-,"- ",0,1,1,0,0,0,1,0,1,"- ","- ",,,"SAN DIEGO","SAN DIEGO",-117.12893999000001,32.755400100000003
7153650,2015,2016-01-19,3711,2015-12-24,1302,6956,,4,5,7,3711,0,0,0,,0,824,"FAIRMONT AV","FAIRMONT AV 5100",2112.00,S,N,A,-,N,,,,,,,,,,N,3,0,1,2,A,-,08,22107,,N,B,G,A,A,H,-,A,D,0,,Y,,,Y,,L,04,0,1,0,0,0,0,1,0,0,"- ","- ",,,"SAN DIEGO","SAN DIEGO",,
7156172,2015,2016-01-19,3711,2015-12-15,0830,6962,7,2,5,7,3711,0,0,0,,0,722,"PALM AV","SATURN BL",581.00,W,N,A,F,N,,,,,,,,,,N,3,0,1,2,A,-,10,21950,A,N,G,G,A,A,G,-,A,A,0,,Y,,,Y,,A,01,0,1,0,0,0,0,1,0,0,"- ","- ",,,"SAN DIEGO","SAN DIEGO",-117.09450929,32.5837638
7156178,2015,2016-01-27,3711,2015-12-28,1600,7384,,1,5,7,3711,0,0,0,,0,624,"WEST WASHINGTON ST","W WASHINGTON ST 141",0.00,,-,C,-,N,,,,,,,,,,N,3,0,1,2,A,I,"- ",,,N,G,-,F,B,H,-,A,A,0,Y,Y,,,Y,,L,04,0,1,0,0,1,0,0,0,0,"- ","- ",,,"SAN DIEGO","SAN DIEGO",,
7156190,2015,2016-01-19,3711,2015-12-28,1401,7396,SANDI,1,5,7,3711,0,0,0,,0,122,"WEST MISSION BAY DR","GLEASON RD",158.00,S,N,A,-,N,,,,,,,,,,N,3,0,1,1,A,-,08,22107,,N,H,A,A,A,H,-,A,D,0,,Y,,,Y,,L,04,0,1,0,0,0,0,1,0,0,"- ","- ",,,"SAN DIEGO","SAN DIEGO",-117.24652838999999,32.770900869999998
7156713,2016,2016-01-15,3711,2016-01-01,1910,6851,,5,5,7,3711,0,0,0,,0,512,"OCEAN VIEW BL","SOUTH 30TH ST",0.00,,Y,A,-,N,,,,,,,,,,N,3,0,1,2,D,-,00,,,N,D,G,A,A,H,-,C,A,0,,Y,,,Y,,-,"- ",0,1,0,0,0,0,1,0,0,"- ","- ",,,"SAN DIEGO","SAN DIEGO",-117.12952000999999,32.701170089999998
7157079,2016,2016-01-22,3711,2016-01-09,1638,5515,,6,5,7,3711,0,0,0,,0,812,"TEXAS ST","CAMINO DEL RIO S",120.00,S,N,B,-,N,,,,,,,,,,N,3,0,1,1,A,-,03,22350,A,N,F,G,A,A,H,-,A,A,0,,Y,,,Y,,L,04,0,1,0,0,0,0,1,0,0,"- ","- ",,,"SAN DIEGO","SAN DIEGO",-117.13916146,32.766984389999998
7157099,2015,2016-01-22,3711,2015-12-10,1718,6070,,4,5,7,3711,0,0,0,,0,124,"NORTH TORREY PINES RD","N TORREY PINES CT",6.00,S,N,A,-,N,,,,,,,,,,N,4,0,1,2,A,-,08,22107,,N,B,G,A,A,H,-,C,D,0,,Y,,,Y,,-,,0,0,1,0,0,0,1,0,0,"- ","- ",,,"SAN DIEGO","SAN DIEGO",-117.24103348,32.892964509999999
7157107,2016,2016-01-22,3711,2016-01-08,1133,6112,,5,5,7,3711,0,0,0,,0,124,"LAJOLLA SHORES DR","LA JOLLA SHORES LN",525.00,N,N,B,-,N,,,,,,,,,,N,3,0,1,1,A,-,03,22350,,N,H,A,A,A,H,-,A,D,0,,Y,,,Y,,L,04,0,1,0,0,0,0,1,0,0,"- ","- ",,,"SAN DIEGO","SAN DIEGO",-117.24998979999999,32.870277530000003
7158415,2016,2016-01-27,3711,2016-01-15,1531,7399,,5,5,7,3711,0,0,0,,0,723,"CORONADO AV","CORONADO AV 2135",2.00,N,N,A,-,N,,,,,,,,,,N,4,0,1,2,A,-,09,21801,A,N,D,G,A,A,H,-,A,A,0,,Y,,,Y,,A,01,0,0,1,0,0,0,1,0,0,"- ","- ",,,"SAN DIEGO","SAN DIEGO",,
7158468,2016,2016-01-27,3711,2016-01-13,1630,6734,,3,5,7,3711,0,0,0,,0,627,"ROBINSON AV","ROBINSON AV 700",0.00,,Y,A,-,N,,,,,,,,,,Y,3,0,1,2,A,-,09,21801,A,N,D,G,A,A,H,-,B,A,0,,Y,,,Y,,A,01,0,1,0,0,0,0,1,0,0,"- ","- ",,,"SAN DIEGO","SAN DIEGO",,