CASE_ID,ACCIDENT_YEAR,PROC_DATE,JURIS,COLLISION_DATE,COLLISION_TIME,OFFICER_ID,REPORTING_DISTRICT,DAY_OF_WEEK,CHP_SHIFT,POPULATION,CNTY_CITY_LOC,SPECIAL_COND,BEAT_TYPE,CHP_BEAT_TYPE,CITY_DIVISION_LAPD,CHP_BEAT_CLASS,BEAT_NUMBER,PRIMARY_RD,SECONDARY_RD,DISTANCE,DIRECTION,INTERSECTION,WEATHER_1,WEATHER_2,STATE_HWY_IND,CALTRANS_COUNTY,CALTRANS_DISTRICT,STATE_ROUTE,ROUTE_SUFFIX,POSTMILE_PREFIX,POSTMILE,LOCATION_TYPE,RAMP_INTERSECTION,SIDE_OF_HWY,TOW_AWAY,COLLISION_SEVERITY,NUMBER_KILLED,NUMBER_INJURED,PARTY_COUNT,PRIMARY_COLL_FACTOR,PCF_CODE_OF_VIOL,PCF_VIOL_CATEGORY,PCF_VIOLATION,PCF_VIOL_SUBSECTION,HIT_AND_RUN,TYPE_OF_COLLISION,MVIW,PED_ACTION,ROAD_SURFACE,ROAD_COND_1,ROAD_COND_2,LIGHTING,CONTROL_DEVICE,CHP_ROAD_TYPE,PEDESTRIAN_ACCIDENT,BICYCLE_ACCIDENT,MOTORCYCLE_ACCIDENT,TRUCK_ACCIDENT,NOT_PRIVATE_PROPERTY,ALCOHOL_INVOLVED,STWD_VEHTYPE_AT_FAULT,CHP_VEHTYPE_AT_FAULT,COUNT_SEVERE_INJ,COUNT_VISIBLE_INJ,COUNT_COMPLAINT_PAIN,COUNT_PED_KILLED,COUNT_PED_INJURED,COUNT_BICYCLIST_KILLED,COUNT_BICYCLIST_INJURED,COUNT_MC_KILLED,COUNT_MC_INJURED,PRIMARY_RAMP,SECONDARY_RAMP,LATITUDE,LONGITUDE,COUNTY,CITY,POINT_X,POINT_Y
7158486,2016,2016-01-28,3711,2016-01-11,1548,4243,,1,5,7,3711,0,0,0,,0,114,"CLAIREMONT DR","CLAREMONT MESA BL",0.00,,Y,B,-,N,,,,,,,,,,N,3,0,1,2,A,-,12,21453,A,N,D,G,A,A,H,-,A,A,0,,Y,,,Y,,L,04,0,1,0,0,0,0,1,0,0,"- ","- ",,,"SAN DIEGO","SAN DIEGO",-117.20615013,32.827710089999997
7158553,2016,2016-01-28,3711,2016-01-13,1435,7136,,3,5,7,3711,0,0,0,,0,512,"COMMERCIAL ST","29TH ST",3.00,W,N,A,-,N,,,,,,,,,,N,4,0,1,2,A,-,09,21802,A,M,B,G,A,A,H,-,A,D,0,,Y,,,Y,,-,"- ",0,0,1,0,0,0,1,0,0,"- ","- ",,,"SAN DIEGO","SAN DIEGO",-117.13206972,32.70539995
7160828,2016,2016-01-23,3711,2016-01-06,1230,7030,,3,5,7,3711,0,0,0,,0,611,"ROSECRANS ST","KURTZ ST",0.00,,Y,B,-,N,,,,,,,,,,N,4,0,1,2,A,-,03,22350,,N,C,G,A,B,H,-,A,A,0,,Y,,,Y,,-,,0,0,1,0,0,0,1,0,0,"- ","- ",,,"SAN DIEGO","SAN DIEGO",-117.20388007,32.752310110000003
7162682,2015,2016-02-02,3711,2015-05-27,1600,120,,3,5,7,3711,0,0,0,,0,521,"B ST","19TH ST",0.00,,Y,A,-,N,,,,,,,,,,N,3,0,1,2,A,-,09,21800,A,N,D,G,A,A,H,-,A,A,0,,Y,,,Y,,-,,0,1,0,0,0,0,1,0,0,"- ","- ",,,"SAN DIEGO","SAN DIEGO",-117.14677007,32.717870009999999
7165614,2016,2016-01-26,3711,2016-01-02,1726,6461,,6,5,7,3711,0,0,0,,0,122,"LA JOLLA BL","SEA RIDGE",100.00,S,N,A,-,N,,,,,,,,,,N,3,0,1,1,A,-,03,22350,,N,H,-,A,A,A,-,C,D,0,,Y,,,Y,,L,04,0,1,0,0,0,0,1,0,0,"- ","- ",,,"SAN DIEGO","SAN DIEGO",-117.27800879999999,32.836204739999999
7165634,2016,2016-01-25,3711,2016-01-11,1558,7256,W2,1,5,7,3711,0,0,0,,0,614,"WEST POINT LOMA BL","W POINT LOMA BL 5150",0.00,,-,B,-,N,,,,,,,,,,N,4,0,1,2,A,-,05,21460,A,N,D,G,A,A,H,-,A,D,0,,Y,,,Y,,-,"- ",0,0,1,0,0,0,1,0,0,"- ","- ",,,"SAN DIEGO","SAN DIEGO",,
7168307,2016,2017-02-10,3711,2016-01-12,1623,6483,,2,5,7,3711,0,0,0,,0,838,"UNIVERSITY AV","RT 15",0.00,,Y,A,-,Y,SD,11,15,-,M,4.755,R,4,S,N,4,0,1,2,A,-,12,21453,A,N,D,G,A,A,H,-,A,A,0,,Y,,,Y,,L,04,0,0,1,0,0,0,1,0,0,"- ","- ",,,"SAN DIEGO","SAN DIEGO",-117.1089925,32.75128248
7170193,2016,2016-02-03,3711,2016-01-24,1705,6070,,7,5,7,3711,0,0,0,,0,122,"OCEAN BL","OCEAN BL 4767",0.00,,N,A,-,N,,,,,,,,,,N,3,0,1,1,D,-,00,,,N,E,-,A,A,H,-,B,D,0,,Y,,,Y,Y,-,"- ",0,1,0,0,0,0,1,0,0,"- ","- ",,,"SAN DIEGO","SAN DIEGO",,
7170766,2015,2016-02-05,3711,2015-01-13,1359,7037,"SAN D",2,5,7,3711,0,0,0,,0,611,MIDWAY,"MIDWAY 3545",0.00,,-,A,-,N,,,,,,,,,,N,4,0,1,2,A,I,"- ",,,N,H,G,A,A,H,-,A,A,0,,Y,Y,,Y,,C,06,0,0,1,0,0,0,1,0,0,"- ","- ",,,"SAN DIEGO","SAN DIEGO",-117.21401632,32.751438489999998
7172485,2016,2016-02-02,3711,2016-01-20,1057,7274,,3,5,7,3711,0,0,0,,0,627,"4TH AV","WALNUT AV",0.00,,Y,A,-,N,,,,,,,,,,N,3,0,1,2,A,-,04,21703,,N,B,G,A,A,H,-,A,D,0,,Y,,,Y,Y,-,,0,1,0,0,0,0,1,0,0,"- ","- ",,,"SAN DIEGO","SAN DIEGO",-117.16135,32.741450110000002
7172492,2016,2016-02-02,3711,2016-01-19,2017,6156,SD,2,5,7,3711,0,0,0,,0,111,"CLAIREMONT MESA BL","DIANE AV",150.00,E,N,C,-,N,,,,,,,,,,N,4,0,1,2,A,-,03,22350,,N,C,G,A,B,G,-,C,D,0,,Y,,,Y,,-,,0,0,1,0,0,0,1,0,0,"- ","- ",,,"SAN DIEGO","SAN DIEGO",-117.18656335,32.834522149999998
7172496,2016,2016-02-02,3711,2016-01-17,0923,6146,,7,5,7,3711,0,0,0,,0,246,"SCRIPPS POWAY PKWY","ANGELIQUE ST",5.00,W,N,A,-,N,,,,,,,,,,N,3,0,1,2,A,-,17,21451,A,N,D,G,A,A,H,-,A,A,0,,Y,,,Y,,A,01,0,1,0,0,0,0,1,0,0,"- ","- ",,,"SAN DIEGO","SAN DIEGO",-117.07305588,32.934427110000001
7174306,2016,2016-02-18,3711,2016-01-19,1952,7048,,2,5,7,3711,0,0,0,,0,122,"OCEAN BL",HORNBLEND,0.00,,Y,G,-,N,,,,,,,,,,N,3,0,1,1,A,-,"- ",,,N,E,I,A,A,H,-,C,D,0,,Y,,,Y,Y,L,04,0,1,0,0,0,0,1,0,0,"- ","- ",,,"SAN DIEGO","SAN DIEGO",-117.25633008,32.795410009999998
7174526,2016,2017-02-10,3711,2016-01-25,0915,4274,,1,5,7,3711,0,0,0,,0,313,"CLAIREMONT MESA BL","RT 805",0.00,,Y,A,-,Y,SD,11,805,-,-,22.380,R,3,N,N,4,0,1,2,A,-,12,21453,A,N,D,G,A,A,H,-,A,A,0,,Y,,,Y,,-,,0,0,1,0,0,0,1,0,0,"- ",NF,,,"SAN DIEGO","SAN DIEGO",-117.16796281000001,32.831092310000002
7175226,2016,2016-02-05,3711,2016-01-25,2306,5669,,1,5,7,3711,0,0,0,,0,611,"PACIFIC HWY","BARNETT AV",0.00,,Y,A,-,N,,,,,,,,,,N,3,0,1,2,A,-,08,22107,,N,C,G,A,A,H,-,C,D,0,,Y,,,Y,,L,04,0,1,0,0,0,0,1,0,0,"- ","- ",,,"SAN DIEGO","SAN DIEGO",,
7175230,2016,2016-02-05,3711,2016-01-23,0952,6774,,6,5,7,3711,0,0,0,,0,,"LANSDALE DR","LANSDALE CT",170.00,E,N,B,-,N,,,,,,,,,,N,2,0,1,1,A,-,03,22350,,N,F,A,A,A,H,-,A,D,0,,Y,,,Y,,L,04,1,0,0,0,0,0,1,0,0,"- ","- ",,,"SAN DIEGO","SAN DIEGO",-117.21615081,32.959267050000001
7175246,2016,2016-02-05,3711,2016-01-12,1057,6418,,2,5,7,3711,0,0,0,,0,115,"VILLA LA JOLLA DR","LA JOLLA VILLAGE DR",223.00,S,N,A,-,N,,,,,,,,,,N,3,0,1,2,A,-,09,21804,A,N,D,G,A,A,H,-,A,D,0,,Y,,,Y,,A,01,0,1,0,0,0,0,1,0,0,"- ","- ",,,"SAN DIEGO","SAN DIEGO",-117.23384647,32.871175729999997
7175934,2016,2016-02-08,3711,2016-01-26,1850,7388,,2,5,7,3711,0,0,0,,0,112,"GENESEE AV","GENESEE CT E",15.00,N,N,A,-,N,,,,,,,,,,N,4,0,1,2,A,-,12,21453,A,N,D,G,A,A,H,-,C,A,0,,Y,,,Y,,L,04,0,0,1,0,0,0,1,0,0,"- ","- ",,,"SAN DIEGO","SAN DIEGO",-117.17936893,32.814227860000003
7175983,2016,2016-02-08,3711,2016-01-27,0850,6418,,3,5,7,3711,0,0,0,,0,116,"ILLION ST","GARDENA AV",721.00,N,N,A,-,N,,,,,,,,,,N,3,0,1,2,A,-,09,21801,A,N,A,G,A,A,H,-,A,D,0,,Y,,,Y,,A,07,0,1,0,0,0,0,1,0,0,"- ","- ",,,"SAN DIEGO","SAN DIEGO",-117.19936907,32.779951140000001
7176015,2016,2016-02-24,3711,2016-01-28,1913,7044,,4,5,7,3711,0,0,0,,0,624,"MEADE AV","TEXAS ST",21.00,E,N,A,-,N,,,,,,,,,,N,3,0,1,2,A,-,09,21801,A,N,A,G,A,A,H,-,C,A,0,,Y,,,Y,,-,,0,1,0,0,0,0,1,0,0,"- ","- ",,,"SAN DIEGO","SAN DIEGO",-117.13878192,32.757240000000003
7176068,2016,2016-02-09,3711,2016-01-28,1000,6772,SANDI,4,5,7,3711,0,0,0,,0,242,"MIRA MESA BL","BLACK MOUNTAIN RD",2.00,W,N,A,-,N,,,,,,,,,,N,4,0,1,2,A,-,05,21650,,N,B,G,A,A,H,-,A,A,0,,Y,,,Y,,L,04,0,0,1,0,0,0,1,0,0,"- ","- ",,,"SAN DIEGO","SAN DIEGO",-117.12489649,32.917229910000003
7176072,2016,2016-02-09,3711,2016-01-25,0820,5342,,1,5,7,3711,0,0,0,,0,271,"POMERADO RD","AVENUE OF NATIONS",0.00,,Y,A,-,N,,,,,,,,,,N,3,0,1,2,A,-,09,21453,C,N,C,G,A,A,H,-,A,A,0,,Y,,,Y,,L,04,0,1,0,0,0,0,1,0,0,"- ","- ",,,"SAN DIEGO","SAN DIEGO",-117.10270002,32.897630020000001
7178107,2016,2016-02-10,3711,2016-02-01,1530,7200,,1,5,7,3711,0,0,0,,0,111,"CLAIREMONT MESA BL","LONGFORD ST",50.00,E,N,A,-,N,,,,,,,,,,N,3,0,1,1,A,-,03,22350,,N,E,A,A,A,H,-,A,A,0,,Y,,,Y,,L,04,0,1,0,0,0,0,1,0,0,"- ","- ",,,"SAN DIEGO","SAN DIEGO",-117.18253777,32.834498070000002
7178130,2016,2016-02-12,3711,2016-02-01,0900,6382,,1,5,7,3711,0,0,0,,0,614,"SUNSET CLIFFS BL","MUIR AV",120.00,N,N,A,-,N,,,,,,,,,,N,4,0,1,2,A,-,05,21650,1,M,D,G,A,A,H,-,A,A,0,,Y,,,Y,,L,04,0,0,1,0,0,0,1,0,0,"- ","- ",,,"SAN DIEGO","SAN DIEGO",-117.24344093000001,32.749555729999997
7178194,2016,2016-02-10,3711,2016-01-30,1500,5491,SANDI,6,5,7,3711,0,0,0,,0,524,"ASH ST","4TH AV",6.00,W,N,B,-,N,,,,,,,,,,N,3,0,1,2,A,-,12,21453,A,N,D,G,A,A,H,-,A,A,0,,Y,,,Y,,L,04,0,1,0,0,0,0,1,0,0,"- ","- ",,,"SAN DIEGO","SAN DIEGO",-117.16114944,32.719889780000003
7178690,2016,2016-02-18,3711,2016-02-03,1202,5929,,3,5,7,3711,0,0,0,,0,122,"GARNET AV","EVERTS ST",200.00,W,N,A,-,N,,,,,,,,,,N,4,0,1,2,A,-,17,22517,,N,B,G,A,A,H,-,A,A,0,,Y,,,Y,,-,,0,0,1,0,0,0,1,0,0,"- ","- ",,,"SAN DIEGO","SAN DIEGO",-117.24879740999999,32.79800058
7178706,2016,2016-02-18,3711,2016-02-03,1345,7205,,3,5,7,3711,0,0,0,,0,311,"RUFFIN RD","AERO DR",100.00,N,N,A,-,N,,,,,,,,,,N,3,0,1,1,A,-,03,22350,,N,H,A,A,A,A,-,A,A,0,,Y,,,Y,,L,04,0,1,0,0,0,0,1,0,0,"- ","- ",,,"SAN DIEGO","SAN DIEGO",-117.12974,32.80988
7184507,2016,2016-02-19,3711,2016-02-08,1605,5558,,1,5,7,3711,0,0,0,,0,821,"EL CAJON BL","62ND ST",78.00,W,N,A,-,N,,,,,,,,,,N,3,0,1,2,A,-,12,21453,A,M,D,G,A,A,H,-,A,A,0,,Y,,,Y,,-,,0,1,0,0,0,0,1,0,0,"- ","- ",,,"SAN DIEGO","SAN DIEGO",-117.06479785000001,32.762806959999999
7184511,2016,2016-04-19,3711,2016-02-07,1350,6614,,7,5,7,3711,0,0,0,,0,123,"INGRAHAM ST","SEA WORLD DR",300.00,N,N,A,-,N,,,,,,,,,,N,3,0,1,2,A,-,08,22107,,N,C,G,A,A,H,-,A,D,0,,Y,,,Y,,A,01,0,1,0,0,0,0,1,0,0,"- ","- ",,,"SAN DIEGO","SAN DIEGO",-117.23101527,32.761886769999997
7184557,2016,2016-02-19,3711,2016-02-05,1644,7399,,5,5,7,3711,0,0,0,,0,122,"FANUEL ST","LORING ST",18.00,N,N,A,-,N,,,,,,,,,,N,4,0,1,2,A,-,09,21802,A,N,B,G,A,A,H,-,A,D,0,,Y,Y,,Y,,C,06,0,0,1,0,0,0,1,0,0,"- ","- ",,,"SAN DIEGO","SAN DIEGO",-117.24893462,32.807047750000002
7186640,2016,2016-02-23,3711,2016-02-04,1237,6641,,4,5,7,3711,0,0,0,,0,935,"SAN DIEGUITO RD","EL CAMINIO REAL",4752.00,E,N,A,-,N,,,,,,,,,,N,3,0,1,1,D,-,00,,,N,H,A,A,A,H,-,A,D,0,,Y,,,Y,,-,"- ",0,1,0,0,0,0,1,0,0,"- ","- ",,,"SAN DIEGO","SAN DIEGO",-117.21620698,32.974507719999998
7187058,2016,2016-02-26,3711,2016-02-11,1134,7297,,4,5,7,3711,0,0,0,,0,313,"CONVOY ST",BALBOA,57.00,W,N,A,-,N,,,,,,,,,,N,3,0,1,1,A,-,08,22107,,N,H,-,A,A,A,-,A,D,0,,Y,,,Y,,L,04,0,1,0,0,0,0,1,0,0,"- ","- ",,,"SAN DIEGO","SAN DIEGO",-117.15509671,32.821906040000002
7187075,2016,2016-02-26,3711,2016-02-13,2305,6295,SD,6,5,7,3711,0,0,0,,0,521,"13TH ST","ISLAND AV",0.00,,Y,A,-,N,,,,,,,,,,N,4,0,1,2,A,-,09,21802,A,N,D,G,A,A,H,-,C,A,0,,Y,,,Y,Y,-,,0,0,1,0,0,0,1,0,0,"- ","- ",,,"SAN DIEGO","SAN DIEGO",-117.15281001,32.710460040000001
7187086,2016,2016-02-26,3711,2016-02-08,1155,5747,,1,5,7,3711,0,0,0,,0,615,"GARRISON ST","ROSECRANS ST",0.00,,Y,A,-,N,,,,,,,,,,N,4,0,1,2,A,-,04,21703,,N,B,G,A,A,H,-,A,D,0,,Y,,,Y,,L,04,0,0,1,0,0,0,1,0,0,"- ","- ",,,"SAN DIEGO","SAN DIEGO",-117.22840001,32.725590099999998
7187099,2016,2016-02-26,3711,2016-02-14,1709,3696,,7,5,7,3711,0,0,0,,0,121,"MISSION BL","MISSION BL 3150",9.00,N,N,A,-,N,,,,,,,,,,N,3,0,1,2,A,-,09,21801,A,N,A,G,A,A,H,-,A,A,0,,Y,,,Y,,-,,0,1,0,0,0,0,1,0,0,"- ","- ",,,"SAN DIEGO","SAN DIEGO",,
7187103,2016,2016-02-26,3711,2016-02-11,1655,5627,,4,5,7,3711,0,0,0,,0,122,"GRAND AV","LAMONT ST",6.00,W,N,A,-,N,,,,,,,,,,N,3,0,1,2,A,-,12,21453,A,N,D,G,A,A,H,-,A,A,0,,Y,,,Y,,-,,0,1,0,0,0,0,1,0,0,"- ","- ",,,"SAN DIEGO","SAN DIEGO",-117.23481798,32.799183710000001
7187120,2016,2016-02-26,3711,2016-02-16,1625,4527,SANDI,2,5,7,3711,0,0,0,,0,529,"4TH AV","ELM AV",102.00,N,N,A,-,N,,,,,,,,,,N,3,0,1,2,A,-,08,22107,A,N,C,G,A,A,H,-,A,D,0,,Y,,,Y,,-,"- ",0,1,0,0,0,0,1,0,0,"- ","- ",,,"SAN DIEGO","SAN DIEGO",-117.16115126,32.72435857
7187985,2016,2017-02-15,3711,2016-02-08,2240,7323,,1,5,7,3711,0,0,0,,0,832,"EL CAJON BL","RT 5",0.00,,Y,A,-,Y,SD,11,15,-,M,5.150,R,1,S,N,3,0,1,2,A,-,11,21456,A,N,D,G,A,A,H,-,C,A,0,,Y,,,Y,Y,L,04,0,1,0,0,0,0,1,0,0,"- ","- ",,,"SAN DIEGO","SAN DIEGO",-117.10897178,32.756888170000003
7190987,2016,2016-02-24,3711,2016-01-24,1130,6632,MC2,7,5,7,3711,0,0,0,,0,814,"ADAMS AV","35TH ST",54.00,E,N,A,-,N,,,,,,,,,,N,3,0,1,2,A,-,03,22350,A,N,H,G,A,A,H,-,A,D,0,,Y,,,Y,,L,04,0,1,0,0,0,0,1,0,0,"- ","- ",,,"SAN DIEGO","SAN DIEGO",-117.11714502,32.763325270000003
7191131,2016,2016-02-24,3711,2016-02-11,0851,7139,SANDI,4,5,7,3711,0,0,0,,0,122,"W BRIARFIELD DR","PACIFIC BEACH DR",60.00,S,N,A,-,N,,,,,,,,,,N,3,0,1,1,A,-,08,22107,,N,H,-,A,A,H,-,A,D,0,,Y,,,Y,,L,04,0,1,0,0,0,0,1,0,0,"- ","- ",,,"SAN DIEGO","SAN DIEGO",-117.24993766,32.79163587
7194369,2016,2016-03-10,3711,2016-02-06,1010,HB5798,,6,5,7,3711,0,0,0,,0,503,"HARBOR ISLAND DR","HARBOR DR",14.30,S,N,A,-,N,,,,,,,,,,N,4,0,1,2,A,-,09,21804,A,N,D,G,A,A,H,-,A,A,0,,Y,,Y,Y,,L,04,0,0,1,0,0,0,1,0,0,"- ","- ",,,"SAN DIEGO","SAN DIEGO",-117.19519372000001,32.729250950000001
7195599,2016,2017-02-10,3711,2016-02-16,0750,7403,,2,5,7,3711,0,0,0,,0,324,"NAVAJO RD","RT 125",6.00,E,N,A,-,Y,SD,11,125,-,-,19.542,R,3,S,N,3,0,1,2,A,-,10,21950,A,N,H,G,A,A,H,-,A,A,0,,Y,,,Y,,-,,0,1,0,0,0,0,1,0,0,"- ",SO,,,"SAN DIEGO","SAN DIEGO",-117.00562484,32.799841659999998
7196205,2016,2016-03-10,3711,2016-02-18,1526,7030,,4,5,7,3711,0,0,0,,0,611,"FARRAGUT RD","CUSHING RD",1.00,E,N,A,-,N,,,,,,,,,,N,3,0,1,2,A,-,03,22350,,N,C,G,A,A,H,-,A,D,0,,Y,,,Y,,L,04,0,1,0,0,0,0,1,0,0,"- ","- ",,,"SAN DIEGO","SAN DIEGO",-117.21686731,32.732268470000001
7196247,2016,2016-03-02,3711,2016-02-19,1622,7030,,5,5,7,3711,0,0,0,,0,627,"UNIVERSITY AV","CENTRE ST",0.00,,Y,A,-,N,,,,,,,,,,N,3,0,1,2,A,-,03,22350,,N,D,G,A,A,H,-,A,D,0,,Y,,,Y,,L,04,0,1,0,0,0,0,1,0,0,"- ","- ",,,"SAN DIEGO","SAN DIEGO",-117.14838005,32.748410069999998
7196259,2016,2016-03-02,3711,2016-01-20,1836,7317,"SAN D",3,5,7,3711,0,0,0,,0,115,"GENESEE AV","APRIL CT",600.00,W,N,A,-,N,,,,,,,,,,N,3,0,1,2,A,-,09,21801,A,N,G,G,A,A,H,-,C,D,0,,Y,,,Y,,-,,0,1,0,0,0,0,1,0,0,"- ","- ",,,"SAN DIEGO","SAN DIEGO",-117.2041,32.850160000000002
7196285,2016,2016-03-02,3711,2016-02-22,1008,6052,,1,5,7,3711,0,0,0,,0,243,"MIRAMAR RD","COMMERCE AV",500.00,E,N,A,-,N,,,,,,,,,,N,3,0,1,1,A,-,03,22350,,N,H,-,A,A,G,-,A,D,0,,Y,,,Y,,L,04,0,1,0,0,0,0,1,0,0,"- ","- ",32.878270000000001,-117.16689,"SAN DIEGO","SAN DIEGO",-117.16671836,32.878508160000003
7196297,2016,2016-03-25,3711,2016-02-22,1456,7200,,1,5,7,3711,0,0,0,,0,112,"ACWORTH AV","MT ABBEY",50.00,W,N,A,-,N,,,,,,,,,,N,3,0,1,1,A,-,03,22350,,N,E,A,A,A,G,-,A,D,0,,Y,,,Y,,L,04,0,1,0,0,0,0,1,0,0,"- ","- ",,,"SAN DIEGO","SAN DIEGO",-117.18188881,32.80680323
7198839,2016,2016-03-09,3711,2016-02-23,1117,6146,,2,5,7,3711,0,0,0,,0,313,"FARNHAM ST","RUFFIN RD",265.00,E,N,A,-,N,,,,,,,,,,N,4,0,1,2,A,-,09,21804,A,N,B,G,A,A,H,-,A,D,0,,Y,,,Y,,A,07,0,0,1,0,0,0,1,0,0,"- ","- ",,,"SAN DIEGO","SAN DIEGO",-117.12579048000001,32.832804690000003
7198840,2016,2016-03-09,3711,2016-02-24,1610,7018,,3,5,7,3711,0,0,0,,0,322,"MISSION GORGE RD","ZION AV",2.00,N,N,A,-,N,,,,,,,,,,N,3,0,1,2,A,-,09,21800,A,N,D,G,A,A,H,-,A,A,0,,Y,,,Y,,-,"- ",0,1,0,0,0,0,1,0,0,"- ","- ",,,"SAN DIEGO","SAN DIEGO",-117.0975787,32.792955370000001
7198855,2016,2016-03-11,3711,2016-02-27,0949,7255,SD,6,5,7,3711,0,0,0,,0,613,"CATALINA BL","ALICE ST",54.00,N,N,A,-,N,,,,,,,,,,N,3,0,1,1,C,-,18,,,N,E,A,A,A,B,-,A,D,0,,Y,,,Y,,-,"- ",0,1,0,0,0,0,1,0,0,"- ","- ",,,"SAN DIEGO","SAN DIEGO",-117.23620475,32.741297379999999
7198856,2016,2016-03-09,3711,2016-02-26,1404,6468,3711,5,5,7,3711,0,0,0,,0,611,"SPORTS ARENA BL","WING ST",0.00,,Y,A,-,N,,,,,,,,,,N,3,0,1,2,A,-,05,21650,1,N,B,G,A,A,H,-,A,D,0,,Y,,,Y,,L,04,0,1,0,0,0,0,1,0,0,"- ","- ",38.451949999999997,-117.12533999999999,"SAN DIEGO","SAN DIEGO",,
7199531,2016,2016-05-06,3711,2016-02-15,1432,6553,,1,5,7,3711,0,0,0,,0,452,"IMPERIAL AV","61ST ST",0.00,,Y,A,-,N,,,,,,,,,,N,1,1,0,1,A,-,03,22350,,N,E,I,A,A,H,-,A,A,0,,Y,,,Y,,L,04,0,0,0,0,0,1,0,0,0,"- ","- ",,,"SAN DIEGO","SAN DIEGO",-117.06674008,32.709470009999997
7203859,2016,2016-03-15,3711,2016-02-26,1650,7092,SD,5,5,7,3711,0,0,0,,0,614,"WEST POINT LOMA BL","BACON ST",15.00,E,N,A,-,N,,,,,,,,,,N,4,0,1,2,A,-,12,22450,A,N,D,G,A,A,H,-,A,D,0,,Y,,,Y,,L,04,0,0,1,0,0,0,1,0,0,"- ","- ",,,"SAN DIEGO","SAN DIEGO",-117.24549681000001,32.753260439999998
7204431,2016,2016-03-14,3711,2016-02-27,1711,7183,CE371,6,5,7,3711,0,0,0,,0,521,"15TH ST","MARKET ST",10.00,N,N,A,-,N,,,,,,,,,,N,3,0,1,2,A,-,09,21802,A,N,D,G,A,A,H,-,A,A,0,,Y,,,Y,,-,,0,1,0,0,0,0,1,0,0,"- ","- ",,,"SAN DIEGO","SAN DIEGO",-117.15038,32.711557390000003
7204439,2016,2016-03-14,3711,2016-02-26,1315,7233,,5,5,7,3711,0,0,0,,0,325,"JACKSON DR","WINDING CREEK DR",0.00,,Y,A,-,N,,,,,,,,,,N,3,0,1,2,A,-,09,21801,A,N,D,G,A,A,H,-,A,D,0,,Y,,,Y,,-,,0,1,0,0,0,0,1,0,0,"- ","- ",,,"SAN DIEGO","SAN DIEGO",-117.05420011,32.813720080000003
7204486,2016,2016-03-10,3711,2016-02-25,1330,6749,,4,5,7,3711,0,0,0,,0,827,"UNIVERSITY AV","52ND ST",60.00,W,N,A,-,N,,,,,,,,,,N,3,0,1,2,A,-,"- ",,,M,C,B,F,A,H,-,A,D,0,Y,Y,,,Y,,L,04,0,1,0,0,1,0,0,0,0,"- ","- ",,,"SAN DIEGO","SAN DIEGO",-117.08378448000001,32.749100869999999
7204554,2016,2016-03-10,3711,2016-02-26,2359,5984,,5,5,7,3711,0,0,0,,0,524,"A ST","1ST AV",0.00,,Y,A,-,N,,,,,,,,,,N,3,0,1,2,A,-,05,21650,1,N,D,G,A,A,H,-,C,A,0,,Y,,,Y,,L,04,0,1,0,0,0,0,1,0,0,"- ","- ",,,"SAN DIEGO","SAN DIEGO",-117.16384005,32.71883004
7209339,2016,2016-03-16,3711,2016-01-12,1500,6939,,2,5,7,3711,0,0,0,,0,616,"TALBOT ST","HARBOR VIEW DR",0.00,,Y,A,-,N,,,,,,,,,,N,3,0,1,2,A,-,09,21801,A,N,H,G,A,A,H,-,A,D,0,,Y,,,Y,,-,,0,1,0,0,0,0,1,0,0,"- ","- ",,,"SAN DIEGO","SAN DIEGO",-117.23496012,32.720620089999997
7209375,2016,2016-03-16,3711,2016-03-04,0840,4491,,5,5,7,3711,0,0,0,,0,624,ADAMS,ALABAMA,6.00,W,N,A,-,N,,,,,,,,,,N,3,0,1,2,A,-,08,22107,,N,B,G,A,A,H,-,A,D,0,,Y,,,Y,,-,,0,1,0,0,0,0,1,0,0,"- ","- ",,,"SAN DIEGO","SAN DIEGO",-117.14260727,32.762692440000002
7209394,2016,2016-03-16,3711,2016-03-07,0737,6768,,1,5,7,3711,0,0,0,,0,835,"FAIRMONT AV","MANZANITA PL",0.00,,Y,A,-,N,,,,,,,,,,N,3,0,1,2,A,-,00,21207,A,N,D,G,A,B,H,-,A,D,0,,Y,,,Y,,L,04,0,1,0,0,0,0,1,0,0,"- ","- ",,,"SAN DIEGO","SAN DIEGO",-117.10099006999999,32.739660069999999
7209423,2016,2016-03-17,3711,2016-03-07,1024,7274,,1,5,7,3711,0,0,0,,0,627,"UNIVERSITY AV","VERMONT ST",0.00,,Y,C,-,N,,,,,,,,,,N,4,0,1,2,A,-,09,21801,A,N,D,G,A,B,H,-,A,A,0,,Y,,,Y,,-,,0,0,1,0,0,0,1,0,0,"- ","- ",,,"SAN DIEGO","SAN DIEGO",-117.15344002000001,32.748540009999999
7209428,2016,2017-02-14,3711,2016-03-05,1212,4759,"SAN D",6,5,7,3711,0,0,0,,0,115,"GILMAN DR","RT 5",0.00,,Y,B,-,Y,SD,11,5,-,R,26.624,R,4,N,Y,4,0,1,2,A,-,08,22101,D,N,D,G,A,A,H,-,A,A,0,,Y,,,Y,,-,,0,0,1,0,0,0,1,0,0,"- ","- ",,,"SAN DIEGO","SAN DIEGO",-117.23585893000001,32.846965879999999
7209476,2016,2016-03-18,3711,2016-02-28,1145,7342,,7,5,7,3711,0,0,0,,0,123,"FIESTA ISLAND RD","EAST MISSION BAY DR",1320.00,W,N,A,-,N,,,,,,,,,,N,3,0,1,2,A,-,08,22107,,N,H,A,A,A,B,-,A,D,0,,Y,,,Y,,-,,0,1,0,0,0,0,1,0,0,"- ","- ",,,"SAN DIEGO","SAN DIEGO",-117.21219065,32.767910970000003