CASE_ID,ACCIDENT_YEAR,PROC_DATE,JURIS,COLLISION_DATE,COLLISION_TIME,OFFICER_ID,REPORTING_DISTRICT,DAY_OF_WEEK,CHP_SHIFT,POPULATION,CNTY_CITY_LOC,SPECIAL_COND,BEAT_TYPE,CHP_BEAT_TYPE,CITY_DIVISION_LAPD,CHP_BEAT_CLASS,BEAT_NUMBER,PRIMARY_RD,SECONDARY_RD,DISTANCE,DIRECTION,INTERSECTION,WEATHER_1,WEATHER_2,STATE_HWY_IND,CALTRANS_COUNTY,CALTRANS_DISTRICT,STATE_ROUTE,ROUTE_SUFFIX,POSTMILE_PREFIX,POSTMILE,LOCATION_TYPE,RAMP_INTERSECTION,SIDE_OF_HWY,TOW_AWAY,COLLISION_SEVERITY,NUMBER_KILLED,NUMBER_INJURED,PARTY_COUNT,PRIMARY_COLL_FACTOR,PCF_CODE_OF_VIOL,PCF_VIOL_CATEGORY,PCF_VIOLATION,PCF_VIOL_SUBSECTION,HIT_AND_RUN,TYPE_OF_COLLISION,MVIW,PED_ACTION,ROAD_SURFACE,ROAD_COND_1,ROAD_COND_2,LIGHTING,CONTROL_DEVICE,CHP_ROAD_TYPE,PEDESTRIAN_ACCIDENT,BICYCLE_ACCIDENT,MOTORCYCLE_ACCIDENT,TRUCK_ACCIDENT,NOT_PRIVATE_PROPERTY,ALCOHOL_INVOLVED,STWD_VEHTYPE_AT_FAULT,CHP_VEHTYPE_AT_FAULT,COUNT_SEVERE_INJ,COUNT_VISIBLE_INJ,COUNT_COMPLAINT_PAIN,COUNT_PED_KILLED,COUNT_PED_INJURED,COUNT_BICYCLIST_KILLED,COUNT_BICYCLIST_INJURED,COUNT_MC_KILLED,COUNT_MC_INJURED,PRIMARY_RAMP,SECONDARY_RAMP,LATITUDE,LONGITUDE,COUNTY,CITY,POINT_X,POINT_Y
7209484,2016,2016-03-16,3711,2016-02-28,1122,6332,,7,5,7,3711,0,0,0,,0,826,"50TH ST","TROJAN AV",189.00,N,N,A,-,N,,,,,,,,,,N,3,0,1,2,A,-,09,21804,A,N,D,G,A,A,H,-,A,D,0,,Y,,,Y,,L,04,0,1,0,0,0,0,1,0,0,"- ","- ",,,"SAN DIEGO","SAN DIEGO",-117.08685174,32.755427650000001
7209492,2016,2016-03-16,3711,2016-02-17,1830,4897,,3,5,7,3711,0,0,0,,0,826,"EL CAJON BL","52ND ST",0.00,,Y,A,-,N,,,,,,,,,,N,2,0,1,2,A,-,09,21801,A,F,D,G,A,A,H,-,C,A,0,,Y,,,Y,,A,07,1,0,0,0,0,0,1,0,0,"- ","- ",,,"SAN DIEGO","SAN DIEGO",-117.08359,32.757240109999998
8000343,2016,2016-03-28,3711,2016-03-15,1251,7139,SANDI,2,5,7,3711,0,0,0,,0,122,"BAYSIDE WALK","FANUEL ST",150.00,E,N,A,-,N,,,,,,,,,,,4,0,1,1,D,-,00,,,N,H,-,A,A,H,-,A,D,0,,Y,,,Y,,-,"- ",0,0,1,0,0,0,1,0,0,"- ","- ",,,"SAN DIEGO","SAN DIEGO",,
8000363,2016,2016-03-28,3711,2016-03-09,1730,6671,,3,5,7,3711,0,0,0,,0,121,"OCEAN FRONT WALK","LIDO CT",24.00,S,N,A,-,N,,,,,,,,,,N,4,0,1,2,A,-,03,22350,,N,C,B,E,A,H,-,A,-,0,Y,Y,,,Y,,L,04,0,0,1,0,0,0,1,0,0,"- ","- ",,,"SAN DIEGO","SAN DIEGO",-117.25314752,32.776684279999998
8000886,2016,2016-03-30,3711,2016-03-22,1915,7364,SANDI,2,5,7,3711,0,0,0,,0,821,"ROLANDO BL","ARAGON DR",57.00,N,N,A,-,N,,,,,,,,,,N,2,0,1,2,A,-,09,21802,A,N,D,G,A,A,H,-,C,D,0,,Y,,,Y,,L,04,1,0,0,0,0,0,1,0,0,"- ","- ",,,"SAN DIEGO","SAN DIEGO",-117.05672222,32.759444350000003
8000926,2016,2016-03-30,3711,2016-03-21,1445,4421,,1,5,7,3711,0,0,0,,0,934,"CALLE MAR DE ARMONIA","EAST OCEAN AIR DR",25.00,W,N,B,-,N,,,,,,,,,,N,3,0,1,2,A,-,08,22107,,N,D,G,A,A,H,-,A,D,0,,Y,,,Y,,-,,0,1,0,0,0,0,1,0,0,"- ","- ",,,"SAN DIEGO","SAN DIEGO",-117.21661749,32.922719530000002
8000941,2016,2016-03-30,3711,2016-03-10,1950,7260,,4,5,7,3711,0,0,0,,0,124,"LA JOLLA BL","FORWARD ST",60.00,W,N,A,-,N,,,,,,,,,,Y,3,0,1,2,A,-,03,22350,,N,H,G,A,A,H,-,C,D,0,,Y,,,Y,,A,01,0,1,0,0,0,0,1,0,0,"- ","- ",,,"SAN DIEGO","SAN DIEGO",-117.26967394,32.814010590000002
8000942,2016,2016-03-30,3711,2016-03-18,1945,6443,,5,5,7,3711,0,0,0,,0,832,"FAIRMOUNT AV","POLK AV",0.00,,Y,B,-,N,,,,,,,,,,N,3,0,1,2,A,-,09,21804,A,N,D,G,A,A,H,-,C,A,0,,Y,,,Y,,L,04,0,1,0,0,0,0,1,0,0,"- ","- ",,,"SAN DIEGO","SAN DIEGO",-117.10088008,32.751410010000001
8000957,2016,2016-03-30,3711,2016-03-21,1530,7379,,1,5,7,3711,0,0,0,,0,613,"VOLTAIRE ST","WABASKA DR",0.00,,Y,A,-,N,,,,,,,,,,N,3,0,1,1,B,-,22,,,N,H,-,A,A,H,-,A,A,0,,Y,,,Y,,-,"- ",0,1,0,0,0,0,1,0,0,"- ","- ",,,"SAN DIEGO","SAN DIEGO",-117.23297005000001,32.742560070000003
8011218,2016,2016-04-08,3711,2016-02-20,1210,4243,,6,5,7,3711,0,0,0,,0,121,"WEST MISSION BAY DR","GLEASON RD",0.00,,Y,A,-,N,,,,,,,,,,N,2,0,2,2,A,-,12,21453,A,N,D,G,A,A,H,-,A,A,0,,Y,Y,,Y,,L,04,1,0,1,0,0,0,1,0,1,"- ","- ",,,"SAN DIEGO","SAN DIEGO",-117.24692005999999,32.771180010000002
8011425,2016,2016-04-08,3711,2016-03-27,0139,5823,,7,5,7,3711,0,0,0,,0,521,"IMPERIAL AV","16TH ST",24.00,W,N,A,-,N,,,,,,,,,,N,3,0,1,1,A,-,05,21202,,N,H,A,A,A,A,-,C,A,0,,Y,,,Y,Y,L,04,0,1,0,0,0,0,1,0,0,"- ","- ",,,"SAN DIEGO","SAN DIEGO",-117.14952776,32.70628086
8011440,2016,2016-04-08,3711,2016-03-25,1456,7024,,5,5,7,3711,0,0,0,,0,529,"HAWTHORN ST","BRANT ST",10.00,W,N,A,-,N,,,,,,,,,,N,3,0,1,2,A,-,05,21202,A,M,B,G,A,A,H,-,A,D,0,,Y,,,Y,,L,04,0,1,0,0,0,0,1,0,0,"- ","- ",,,"SAN DIEGO","SAN DIEGO",-117.16669218,32.72719678
8012424,2016,2016-04-08,3711,2016-03-20,1035,HB4132,,7,5,7,3711,0,0,0,,0,504,"NORTH HARBOR DR","WEST GRAPE ST",59.00,N,N,A,-,N,,,,,,,,,,N,3,0,1,2,B,-,22,,,N,B,G,A,A,H,-,A,A,0,,Y,,,Y,,L,04,0,1,0,0,0,0,1,0,0,"- ","- ",,,"SAN DIEGO","SAN DIEGO",-117.17323854,32.72427982
8014847,2016,2016-04-07,3711,2016-03-27,1720,4421,,7,5,7,3711,0,0,0,,0,934,"LANDSDALE DR","DEL MAR HEIGHTS RD",36.00,N,N,A,-,N,,,,,,,,,,N,3,0,1,1,A,-,03,22350,,N,E,I,A,A,H,-,A,A,0,,Y,,,Y,,L,04,0,1,0,0,0,0,1,0,0,"- ","- ",,,"SAN DIEGO","SAN DIEGO",-117.2209392,32.956137050000002
8014869,2016,2016-08-24,3711,2016-03-22,1041,5929,,2,5,7,3711,0,0,0,,0,123,"MISSION BAY DR","MISSION BAY DR 2601",0.00,,-,A,-,N,,,,,,,,,,N,3,0,1,2,A,-,09,21801,A,N,D,G,A,A,H,-,A,D,0,,Y,,,Y,,-,,0,1,0,0,0,0,1,0,0,"- ","- ",,,"SAN DIEGO","SAN DIEGO",,
8016326,2016,2016-04-15,3711,2016-04-02,1700,8192,,6,5,7,3711,0,0,0,,0,825,"EL CAJON BL","42ND ST",0.00,,Y,A,-,N,,,,,,,,,,N,3,0,1,2,A,-,08,22107,,M,D,G,A,A,G,-,A,A,0,,Y,,,Y,,-,99,0,1,0,0,0,0,1,0,0,"- ","- ",,,"SAN DIEGO","SAN DIEGO",-117.10504003,32.755210060000003
8016345,2016,2017-02-18,3711,2016-04-04,1635,4421,,1,5,7,3711,0,0,0,,0,933,"CARMEL VALLEY RD","RT 5",24.00,W,N,A,-,Y,SD,11,5,-,R,32.790,R,4,S,,3,0,1,2,A,-,03,22350,,N,D,G,A,A,H,-,A,A,0,,Y,,,Y,,L,04,0,1,0,0,0,0,1,0,0,"- ","- ",,,"SAN DIEGO","SAN DIEGO",-117.24106236,32.930542680000002
8016365,2016,2017-02-18,3711,2016-04-04,1750,5672,,1,5,7,3711,0,0,0,,0,311,"AERO DR","RT 15",0.00,,Y,A,-,Y,SD,11,15,-,R,8.205,R,4,S,N,3,0,1,2,A,-,"- ",,,N,D,G,A,A,H,-,A,A,0,,Y,,,Y,,-,,0,1,0,0,0,0,1,0,0,"- ",SO,,,"SAN DIEGO","SAN DIEGO",-117.11396993,32.808064139999999
8017439,2016,2016-04-18,3711,2016-04-06,1811,6817,SANDI,3,5,7,3711,0,0,0,,0,112,"GENESEE AV","GENESEE CT",40.00,N,N,A,-,N,,,,,,,,,,N,3,0,1,1,B,-,22,,,N,H,-,A,A,H,-,A,D,0,,Y,,,Y,,L,04,0,1,0,0,0,0,1,0,0,"- ","- ",,,"SAN DIEGO","SAN DIEGO",-117.17940099,32.814290759999999
8020413,2016,2016-04-13,3711,2016-03-19,1134,6252,,6,5,7,3711,0,0,0,,0,122,"HORNBLEND ST","MISSION BL",5.00,W,N,A,-,N,,,,,,,,,,N,2,0,1,3,A,-,12,22450,A,N,D,G,A,A,A,-,A,A,0,,Y,,,Y,Y,L,04,1,0,0,0,0,0,1,0,0,"- ","- ",,,"SAN DIEGO","SAN DIEGO",-117.25523567,32.795656460000004
8020429,2016,2016-04-13,3711,2016-03-22,1144,4965,SD,2,5,7,3711,0,0,0,,0,615,"NIMITZ BL","LOCUST ST",0.00,E,N,A,-,N,,,,,,,,,,N,3,0,1,2,A,-,03,22350,,N,C,G,A,A,H,-,A,D,0,,Y,,,Y,,L,04,0,1,0,0,0,0,1,0,0,"- ","- ",,,"SAN DIEGO","SAN DIEGO",-117.22685002,32.729150019999999
8020986,2016,2016-04-15,3711,2016-04-06,1510,6998,,3,5,7,3711,0,0,0,,0,932,"SORRENTO VALLEY RD","SORRENTO COASTER STA",383.00,S,N,B,-,N,,,,,,,,,,N,3,0,1,1,C,-,18,,,N,E,-,A,A,C,-,A,D,0,,Y,,,Y,,-,"- ",0,1,0,0,0,0,1,0,0,"- ","- ",,,"SAN DIEGO","SAN DIEGO",,
8022041,2016,2016-04-18,3711,2016-03-30,1805,7048,,3,5,7,3711,0,0,0,,0,124,"TORREY PINES RD",ARDATH,1056.00,N,N,A,-,N,,,,,,,,,,N,3,0,1,2,A,-,"- ",,,N,D,G,A,A,H,-,A,D,0,,Y,,,Y,,-,,0,1,0,0,0,0,1,0,0,"- ","- ",,,"SAN DIEGO","SAN DIEGO",-117.24721404,32.85154352
8022935,2016,2016-04-25,3711,2016-04-07,0824,5198,,4,5,7,3711,0,0,0,,0,234,"PASEO DEL VERANO NORTE","CUMANA TER",123.00,N,N,C,-,N,,,,,,,,,,N,2,0,1,1,A,-,03,22350,,N,H,I,A,B,H,-,A,D,0,,Y,,,Y,,L,04,1,0,0,0,0,0,1,0,0,"- ","- ",,,"SAN DIEGO","SAN DIEGO",-117.04717992,33.033248729999997
8024155,2016,2016-04-19,3711,2016-04-08,1650,7319,,5,5,7,3711,0,0,0,,0,723,"DEL SUR BL","ARRUZA ST",0.00,,Y,B,-,N,,,,,,,,,,N,3,0,1,2,A,-,"- ",,,N,A,G,A,A,H,-,A,D,0,,Y,,,Y,,-,"- ",0,1,0,0,0,0,1,0,0,"- ","- ",,,"SAN DIEGO","SAN DIEGO",-117.05805008999999,32.57193006
8024160,2016,2016-04-19,3711,2016-04-09,1220,7010,,6,5,7,3711,0,0,0,,0,522,"FRONT ST","FRONT ST 100",20.00,W,N,B,-,N,,,,,,,,,,N,3,0,1,2,A,-,09,21804,A,N,H,G,A,A,H,-,A,A,0,,Y,,,Y,,L,04,0,1,0,0,0,0,1,0,0,"- ","- ",,,"SAN DIEGO","SAN DIEGO",,
8024172,2016,2016-04-20,3711,2016-04-11,1825,3696,,1,5,7,3711,0,0,0,,0,111,"BEAGLE ST","ATLAS ST",128.00,W,N,B,-,N,,,,,,,,,,N,3,0,1,1,A,-,08,22107,,N,E,-,A,A,H,-,A,D,0,,Y,,,Y,Y,L,04,0,1,0,0,0,0,1,0,0,"- ","- ",,,"SAN DIEGO","SAN DIEGO",-117.15861517,32.807724890000003
8025194,2016,2016-05-20,3711,2016-05-10,1530,6151,,2,5,7,3711,0,0,0,,0,303,"KEARNY VILLA RD","KEARNY VILLA CT",390.00,N,N,B,-,N,,,,,,,,,,N,3,0,1,2,A,-,08,22100,A,N,A,G,A,A,H,-,A,D,0,,Y,,,Y,,-,,0,1,0,0,0,0,1,0,0,"- ","- ",,,"SAN DIEGO","SAN DIEGO",-117.13467948,32.837975350000001
8027855,2016,2016-04-27,3711,2016-04-17,1315,5106,,7,5,7,3711,0,0,0,,0,531,"PARK BL","INSPIRATION PT WY",405.00,N,N,A,-,N,,,,,,,,,,N,4,0,1,2,A,-,02,22400,A,N,H,G,A,A,H,-,A,D,0,,Y,,,Y,,-,,0,0,1,0,0,0,1,0,0,"- ","- ",,,"SAN DIEGO","SAN DIEGO",-117.1474023,32.727775780000002
8027863,2016,2016-04-27,3711,2016-04-15,0817,6982,,5,5,7,3711,0,0,0,,0,113,"MORAGA AV","IDLEWILD WY",0.00,,Y,A,-,N,,,,,,,,,,N,3,0,1,2,A,-,11,21950,B,N,B,G,A,A,H,-,A,A,0,,Y,,,Y,,L,04,0,1,0,0,0,0,1,0,0,"- ","- ",,,"SAN DIEGO","SAN DIEGO",-117.21422011999999,32.827370090000002
8027882,2016,2016-04-26,3711,2016-04-15,1628,8447,,5,5,7,3711,0,0,0,,0,712,"CAMINO DE LA PLAZA","WILLOW RD",9.00,W,N,A,-,N,,,,,,,,,,N,3,0,1,2,A,-,12,21453,A,N,A,G,A,A,H,-,A,A,0,,Y,,,Y,,L,04,0,1,0,0,0,0,1,0,0,"- ","- ",,,"SAN DIEGO","SAN DIEGO",-117.0426291,32.545430000000003
8027909,2016,2016-04-28,3711,2016-04-18,1927,7452,,1,5,7,3711,0,0,0,,0,614,"SUNSET CLIFFS BL","POINT LOMA BL",0.00,,Y,A,-,N,,,,,,,,,,N,4,0,1,2,A,-,09,21801,A,N,B,G,A,A,H,-,B,D,0,,Y,,,Y,,-,,0,0,1,0,0,0,1,0,0,"- ","- ",,,"SAN DIEGO","SAN DIEGO",-117.24227012,32.750940100000001
8027910,2016,2016-04-26,3711,2016-04-16,1827,8192,,6,5,7,3711,0,0,0,,0,813,"EL CAJON BL",UTAH,10.00,W,N,A,-,N,,,,,,,,,,N,3,0,1,2,A,-,08,22107,,N,B,G,A,A,H,-,A,A,0,,Y,,,Y,,A,01,0,1,0,0,0,0,1,0,0,"- ","- ",,,"SAN DIEGO","SAN DIEGO",-117.13268241999999,32.755399740000001
8031058,2016,2016-05-10,3711,2016-04-27,1010,4274,,3,5,7,3711,0,0,0,,0,327,"MONTEZUMA RD","CATOCTIN DR",0.00,,Y,B,-,N,,,,,,,,,,N,3,0,1,2,A,-,12,21453,A,N,D,G,A,A,H,-,A,A,0,,Y,,,Y,,-,,0,1,0,0,0,0,1,0,0,"- ","- ",,,"SAN DIEGO","SAN DIEGO",-117.05840000000001,32.769340110000002
8031160,2016,2017-02-14,3711,2016-04-26,1831,6823,SANDI,2,5,7,3711,0,0,0,,0,313,"BALBOA AV","RT 805",196.00,E,N,A,-,Y,SD,11,805,-,-,21.730,R,4,N,N,3,0,1,2,A,-,00,21760,C,N,C,G,A,A,H,-,A,D,0,,Y,,,Y,,-,,0,1,0,0,0,0,1,0,0,"- ",NF,,,"SAN DIEGO","SAN DIEGO",-117.16289897999999,32.822696530000002
8031943,2016,2016-05-12,3711,2016-05-02,1628,6495,,1,5,7,3711,0,0,0,,0,826,"EUCLID AV","EL CAJON BL",90.00,S,N,A,-,N,,,,,,,,,,N,4,0,1,2,A,-,08,22107,,N,-,G,A,A,H,-,A,D,0,,Y,,,Y,,L,04,0,0,1,0,0,0,1,0,0,"- ","- ",,,"SAN DIEGO","SAN DIEGO",-117.09221226,32.755793480000001
8032809,2016,2016-05-11,3711,2016-04-22,1448,6880,,5,5,7,3711,0,0,0,,0,441,"S 37TH ST","GILMORE ST",30.00,S,N,A,-,N,,,,,,,,,,N,3,0,1,2,A,I,"- ",,,N,A,G,A,A,H,-,A,D,0,,Y,,,Y,,L,04,0,1,0,0,0,0,1,0,0,"- ","- ",,,"SAN DIEGO","SAN DIEGO",-117.11466901999999,32.702997830000001
8032849,2016,2016-05-04,3711,2016-03-15,1338,5496,,2,5,7,3711,0,0,0,,0,124,"NORTH TORREY PINES RD","NORTH TORREY PINES RD 10975",0.00,,Y,A,-,N,,,,,,,,,,N,3,0,1,2,A,-,03,22350,,N,C,G,A,A,H,-,A,D,0,,Y,,,Y,,-,,0,1,0,0,0,0,1,0,0,"- ","- ",,,"SAN DIEGO","SAN DIEGO",,
8032863,2016,2016-05-04,3711,2016-04-24,1822,7230,,7,5,7,3711,0,0,0,,0,515,"28TH ST","TREAT ST",0.00,,Y,B,-,N,,,,,,,,,,N,3,0,2,2,A,-,09,21802,A,N,D,G,A,A,H,-,A,D,0,,Y,,,Y,,-,,0,2,0,0,0,0,1,0,0,"- ","- ",,,"SAN DIEGO","SAN DIEGO",-117.13377001000001,32.714350039999999
8032934,2016,2016-05-04,3711,2016-04-23,1630,7390,,6,5,7,3711,0,0,0,,0,124,"FERN GLEN AV","MONTE VISTA AV",150.00,W,N,A,-,N,,,,,,,,,,,3,0,1,2,A,-,08,22107,,N,B,E,A,A,H,-,A,D,0,,Y,,,Y,,L,04,0,1,0,0,0,0,1,0,0,"- ","- ",,,"SAN DIEGO","SAN DIEGO",-117.27948189,32.833738080000003
8034572,2016,2016-05-05,3711,2016-04-21,0921,5929,,4,5,7,3711,0,0,0,,0,126,"JOHN JAY HOPKINS DR","NORTH TORREY PINES RD",0.00,W,N,A,-,N,,,,,,,,,,N,3,0,1,2,A,-,03,22350,,N,D,G,A,A,-,-,A,A,0,,Y,,,Y,,L,04,0,1,0,0,0,0,1,0,0,"- ","- ",,,"SAN DIEGO","SAN DIEGO",-117.2420801,32.898150110000003
8035221,2016,2016-05-27,3711,2016-05-16,1231,7423,,1,5,7,3711,0,0,0,,0,122,"LA PLAYA AV","INGRAHAM ST",9.00,E,N,A,-,N,,,,,,,,,,N,3,0,1,2,A,-,12,21453,A,N,D,G,A,A,H,-,A,A,0,,Y,,,Y,Y,L,04,0,1,0,0,0,0,1,0,0,"- ","- ",,,"SAN DIEGO","SAN DIEGO",-117.23745185999999,32.788746570000001
8035237,2016,2016-05-27,3711,2016-05-16,0850,7321,,1,5,7,3711,0,0,0,,0,123,"QUIVIRA WY","QUIVIRA WY 1900",25.00,S,N,B,-,N,,,,,,,,,,N,3,0,1,1,C,-,18,,,N,H,A,A,A,H,-,A,D,0,,Y,,,Y,,-,"- ",0,1,0,0,0,0,1,0,0,"- ","- ",,,"SAN DIEGO","SAN DIEGO",,
8037569,2016,2016-05-11,3711,2016-04-29,0845,7190,41,5,5,7,3711,0,0,0,,0,521,BROADWAY,"BROADWAY 1600",60.00,N,N,A,-,N,,,,,,,,,,N,4,0,1,2,A,-,08,22107,,N,D,G,A,A,H,-,A,A,0,,Y,,,Y,,-,"- ",0,0,1,0,0,0,1,0,0,"- ","- ",,,"SAN DIEGO","SAN DIEGO",,
8037571,2016,2016-08-29,3711,2016-04-29,1230,7413,MIDCI,5,5,7,3711,0,0,0,,0,,"54TH ST","LEA ST",50.00,S,N,A,-,N,,,,,,,,,,N,3,0,1,2,A,-,08,22107,,M,B,G,A,A,H,-,A,A,0,,Y,,,Y,,-,,0,1,0,0,0,0,1,0,0,"- ","- ",,,"SAN DIEGO","SAN DIEGO",-117.07952698,32.745703069999998
8037581,2016,2016-05-11,3711,2016-04-29,1525,7324,,5,5,7,3711,0,0,0,,0,524,"C ST","10TH AV",6.00,E,N,A,-,N,,,,,,,,,,N,3,0,1,2,A,-,08,22107,,N,D,G,A,A,H,-,A,A,0,,Y,,,Y,,A,01,0,1,0,0,0,0,1,0,0,"- ","- ",,,"SAN DIEGO","SAN DIEGO",-117.15562056,32.716799790000003
8037600,2016,2016-05-12,3711,2016-04-29,1512,7375,,5,5,7,3711,0,0,0,,0,122,"GIRARD AV","GENTER ST",300.00,N,N,A,-,N,,,,,,,,,,N,3,0,1,1,D,-,00,,,N,H,-,A,A,G,-,A,D,0,,Y,,,Y,,-,"- ",0,1,0,0,0,0,1,0,0,"- ","- ",,,"SAN DIEGO","SAN DIEGO",-117.27176849999999,32.838258760000002
8042993,2016,2016-05-18,3711,2016-05-10,1720,5700,,2,5,7,3711,0,0,0,,0,512,"OCEANVIEW BL","SAMPSON ST",200.00,W,N,A,-,N,,,,,,,,,,N,3,0,1,1,B,-,22,,,N,H,A,A,A,H,-,A,D,0,,Y,,,Y,,L,04,0,1,0,0,0,0,1,0,0,"- ","- ",,,"SAN DIEGO","SAN DIEGO",-117.13583652,32.702461679999999
8043329,2016,2016-05-18,3711,2016-04-29,1634,7156,,5,5,7,3711,0,0,0,,0,518,"FERN ST","DATE ST",78.00,S,N,A,-,N,,,,,,,,,,N,4,0,1,2,A,-,17,22517,,N,A,G,A,A,H,-,A,D,0,,Y,,,Y,,-,,0,0,1,0,0,0,1,0,0,"- ","- ",,,"SAN DIEGO","SAN DIEGO",-117.1292756,32.72317674
8044003,2016,2016-05-26,3711,2016-05-09,2041,6996,,1,5,7,3711,0,0,0,,0,437,"PARADISE VALLEY RD","EAST DRIVEWAY ENTRANCE TO MEADOWBROOK APARTMENTS",35.00,E,N,A,-,N,,,,,,,,,,N,3,0,1,1,A,-,14,21201,D,N,H,J,A,A,C,-,C,D,0,,Y,,,Y,,L,04,0,1,0,0,0,0,1,0,0,"- ","- ",,,"SAN DIEGO","SAN DIEGO",,
8046658,2016,2016-05-17,3711,2016-05-04,1529,7402,,3,5,7,3711,0,0,0,,0,822,UNIVERSITY,"UNIVERSITY  5550",57.00,N,N,A,-,N,,,,,,,,,,N,4,0,1,2,A,-,11,21950,B,N,G,G,A,A,H,-,A,D,0,,Y,,,Y,,L,04,0,0,1,0,0,0,1,0,0,"- ","- ",,,"SAN DIEGO","SAN DIEGO",,
8046678,2016,2016-05-17,3711,2016-05-06,1830,6811,SD,5,5,7,3711,0,0,0,,0,827,"50TH ST","WIGHTMAN ST",300.00,N,N,A,-,N,,,,,,,,,,N,3,0,1,2,A,-,09,21804,,N,G,G,A,A,H,-,A,D,0,,Y,,,Y,,L,04,0,1,0,0,0,0,1,0,0,"- ","- ",,,"SAN DIEGO","SAN DIEGO",-117.08699082,32.748071699999997
8046693,2016,2016-05-17,3711,2016-05-03,2114,8447,SDPD,2,5,7,3711,0,0,0,,0,521,"9TH AV","MARKET ST",0.00,,Y,A,-,N,,,,,,,,,,N,4,0,1,2,A,-,05,21650,1,M,D,G,A,A,H,-,C,A,0,,Y,,,Y,,L,04,0,0,1,0,0,0,1,0,0,"- ","- ",,,"SAN DIEGO","SAN DIEGO",-117.15650008999999,32.71152009
8046697,2016,2016-05-17,3711,2016-05-04,2234,5985,,3,5,7,3711,0,0,0,,0,523,"MARKET ST","5TH AV",75.00,E,N,A,-,N,,,,,,,,,,N,4,0,1,1,C,-,18,,,N,H,A,A,A,H,-,C,D,0,,Y,,,Y,,-,"- ",0,0,1,0,0,0,1,0,0,"- ","- ",,,"SAN DIEGO","SAN DIEGO",-117.159907,32.711502760000002
8046698,2016,2016-05-17,3711,2016-05-08,1905,7008,SD,7,5,7,3711,0,0,0,,0,831,"EL CAJON BL","HIGHLAND AV",0.00,,Y,A,-,N,,,,,,,,,,,4,0,1,2,A,-,"- ",,,M,D,G,A,A,H,-,A,A,0,,Y,,,Y,,L,04,0,0,1,0,0,0,1,0,0,"- ","- ",,,"SAN DIEGO","SAN DIEGO",-117.09920013,32.755100040000002
8046709,2016,2016-05-17,3711,2016-05-04,0840,6716,SD,3,5,7,3711,0,0,0,,0,124,"MONTE VISTA AV","DUNEMERE DR",0.00,,Y,B,-,N,,,,,,,,,,N,3,0,1,2,A,-,12,22450,A,N,D,G,A,A,H,-,A,A,0,,Y,,,Y,,L,04,0,1,0,0,0,0,1,0,0,"- ","- ",,,"SAN DIEGO","SAN DIEGO",-117.27938012,32.835050039999999
8046710,2016,2016-05-17,3711,2016-05-07,1050,6999,SD,6,5,7,3711,0,0,0,,0,934,"CARMEL CANYON RD","CARMEL COUNTRY RD",0.00,,Y,B,-,N,,,,,,,,,,N,3,0,1,2,A,-,03,22350,,N,D,G,A,A,H,-,A,A,0,,Y,,,Y,,L,04,0,1,0,0,0,0,1,0,0,"- ","- ",,,"SAN DIEGO","SAN DIEGO",-117.21706002000001,32.94531001
8047625,2016,2016-05-23,3711,2016-05-14,1827,7158,SDPD,6,5,7,3711,0,0,0,,0,452,"SKYLINE DR","VALENCIA PKWY",0.00,,Y,B,-,N,,,,,,,,,,N,4,0,1,2,A,-,09,21453,,N,D,-,A,A,H,-,A,A,0,,Y,,,Y,,L,04,0,0,1,0,0,0,1,0,0,"- ","- ",,,"SAN DIEGO","SAN DIEGO",-117.06949007,32.701450049999998
8047626,2016,2016-05-23,3711,2016-05-14,1549,7406,,6,5,7,3711,0,0,0,,0,122,"RIVIERA DR","FORTUNA AV",0.00,,Y,B,-,N,,,,,,,,,,,4,0,1,1,A,-,00,21206,,N,H,A,A,A,H,-,A,D,0,,Y,,,Y,,L,04,0,0,1,0,0,0,1,0,0,"- ","- ",,,"SAN DIEGO","SAN DIEGO",-117.24131009,32.79176004
8047637,2016,2016-05-23,3711,2016-05-15,0823,6854,,7,5,7,3711,0,0,0,,0,811,"ADAMS AV","BANCROFT ST",0.00,,Y,B,-,N,,,,,,,,,,N,4,0,1,2,A,-,12,22450,A,N,G,G,A,A,A,-,A,A,0,,Y,,,Y,,-,,0,0,1,0,0,0,1,0,0,"- ","- ",,,"SAN DIEGO","SAN DIEGO",-117.12391004,32.763360050000003
8049240,2016,2016-08-29,3711,2016-05-23,2100,7131,5D,1,5,7,3711,0,0,0,,0,116,"TECOLOTE RD","RT 5",210.00,E,N,A,-,N,,,,,,,,,,N,4,0,1,2,A,-,07,21658,A,N,H,A,A,A,H,-,D,D,0,,Y,Y,,Y,,L,04,0,0,1,0,0,0,0,0,1,"- ",NO,,,"SAN DIEGO","SAN DIEGO",,
8049290,2016,2016-06-02,3711,2016-05-21,1035,6621,SD,6,5,7,3711,0,0,0,,0,123,"MISSION BAY DR","FIESTA ISLAND RD",8.00,S,N,A,-,N,,,,,,,,,,N,4,0,1,2,A,-,08,22107,,N,D,G,A,A,H,-,A,A,0,,Y,,,Y,,-,,0,0,1,0,0,0,1,0,0,"- ","- ",,,"SAN DIEGO","SAN DIEGO",-117.2092134,32.768821240000001