CASE_ID,ACCIDENT_YEAR,PROC_DATE,JURIS,COLLISION_DATE,COLLISION_TIME,OFFICER_ID,REPORTING_DISTRICT,DAY_OF_WEEK,CHP_SHIFT,POPULATION,CNTY_CITY_LOC,SPECIAL_COND,BEAT_TYPE,CHP_BEAT_TYPE,CITY_DIVISION_LAPD,CHP_BEAT_CLASS,BEAT_NUMBER,PRIMARY_RD,SECONDARY_RD,DISTANCE,DIRECTION,INTERSECTION,WEATHER_1,WEATHER_2,STATE_HWY_IND,CALTRANS_COUNTY,CALTRANS_DISTRICT,STATE_ROUTE,ROUTE_SUFFIX,POSTMILE_PREFIX,POSTMILE,LOCATION_TYPE,RAMP_INTERSECTION,SIDE_OF_HWY,TOW_AWAY,COLLISION_SEVERITY,NUMBER_KILLED,NUMBER_INJURED,PARTY_COUNT,PRIMARY_COLL_FACTOR,PCF_CODE_OF_VIOL,PCF_VIOL_CATEGORY,PCF_VIOLATION,PCF_VIOL_SUBSECTION,HIT_AND_RUN,TYPE_OF_COLLISION,MVIW,PED_ACTION,ROAD_SURFACE,ROAD_COND_1,ROAD_COND_2,LIGHTING,CONTROL_DEVICE,CHP_ROAD_TYPE,PEDESTRIAN_ACCIDENT,BICYCLE_ACCIDENT,MOTORCYCLE_ACCIDENT,TRUCK_ACCIDENT,NOT_PRIVATE_PROPERTY,ALCOHOL_INVOLVED,STWD_VEHTYPE_AT_FAULT,CHP_VEHTYPE_AT_FAULT,COUNT_SEVERE_INJ,COUNT_VISIBLE_INJ,COUNT_COMPLAINT_PAIN,COUNT_PED_KILLED,COUNT_PED_INJURED,COUNT_BICYCLIST_KILLED,COUNT_BICYCLIST_INJURED,COUNT_MC_KILLED,COUNT_MC_INJURED,PRIMARY_RAMP,SECONDARY_RAMP,LATITUDE,LONGITUDE,COUNTY,CITY,POINT_X,POINT_Y
8122353,2016,2016-09-15,3711,2016-08-27,1106,7301,,6,5,7,3711,0,0,0,,0,614,"NIMITZ BL","WEST POINT LOMA",250.00,N,N,A,-,N,,,,,,,,,,N,4,0,1,2,A,-,04,21703,,N,C,G,A,A,H,-,A,D,0,,Y,,,Y,,L,04,0,0,1,0,0,0,1,0,0,"- ","- ",,,"SAN DIEGO","SAN DIEGO",-117.23641451,32.751878099999999
8124908,2016,2016-09-21,3711,2016-09-12,1650,7491,,1,5,7,3711,0,0,0,,0,525,"STATE ST",BROADWAY,108.00,S,N,A,-,N,,,,,,,,,,N,3,0,1,2,A,-,08,22107,,N,B,G,A,A,H,-,A,A,0,,Y,,,Y,,L,04,0,1,0,0,0,0,1,0,0,"- ","- ",,,"SAN DIEGO","SAN DIEGO",-117.16649825,32.715464150000003
8124977,2016,2016-09-21,3711,2016-09-07,1615,5972,,3,5,7,3711,0,0,0,,0,713,"OCEAN VIEW HILLS PKWY","OTAY MESA RD",0.00,,Y,A,-,N,,,,,,,,,,N,3,0,1,2,A,-,12,21453,A,N,G,G,A,A,H,-,A,A,0,,Y,,,Y,,L,04,0,1,0,0,0,0,1,0,0,"- ","- ",,,"SAN DIEGO","SAN DIEGO",-117.01430013,32.568520069999998
8124981,2016,2016-09-21,3711,2016-09-09,2240,4576,,5,5,7,3711,0,0,0,,0,313,"SHAWLINE ST","CLAIREMONT MESA BL",128.00,N,N,A,-,N,,,,,,,,,,N,4,0,1,2,A,-,09,21804,A,M,D,G,A,A,H,-,C,D,0,,Y,,,Y,Y,-,99,0,0,1,0,0,0,1,0,0,"- ","- ",,,"SAN DIEGO","SAN DIEGO",-117.16383521,32.833000609999999
8124982,2016,2016-09-21,3711,2016-09-11,1551,7428,SANDI,7,5,7,3711,0,0,0,,0,121,"PACIFIC BEACH DR","OCEAN FRONT WALK",0.00,,Y,A,-,N,,,,,,,,,,N,3,0,1,2,A,-,10,21950,A,M,G,J,C,A,H,-,A,D,0,Y,Y,,,Y,,L,04,0,1,0,0,1,0,0,0,0,"- ","- ",,,"SAN DIEGO","SAN DIEGO",-117.25514009,32.790600099999999
8126529,2016,2017-02-18,3711,2016-09-03,0009,8861,,6,5,7,3711,0,0,0,,0,613,"SPORTS ARENA BL","RT 8",330.00,S,N,A,-,Y,SD,11,8,-,L,1.234,R,4,E,N,3,0,1,2,A,-,08,22107,,N,H,G,A,A,H,-,C,D,0,,Y,,,Y,,L,04,0,1,0,0,0,0,1,0,0,"- ",WF,,,"SAN DIEGO","SAN DIEGO",-117.22324123999999,32.756900379999998
8128619,2016,2016-09-26,3711,2016-09-15,1815,6641,,4,5,7,3711,0,0,0,,0,934,"DEL MAR HEIGHTS RD","ASHLEY FALLS DR",0.00,,Y,A,-,N,,,,,,,,,,N,3,0,1,2,A,-,21,22106,,N,D,G,A,A,H,-,A,A,0,,Y,,,Y,,-,,0,1,0,0,0,0,1,0,0,"- ","- ",,,"SAN DIEGO","SAN DIEGO",-117.20933008,32.959040010000002
8129050,2016,2016-09-26,3711,2016-09-15,1520,4507,SANDI,4,5,7,3711,0,0,0,,0,114,"COBB DR","NOAH WY",15.00,W,N,A,-,N,,,,,,,,,,N,3,0,1,2,A,-,09,21801,A,N,B,G,A,A,H,-,A,D,0,,Y,,,Y,,-,,0,1,0,0,0,0,1,0,0,"- ","- ",,,"SAN DIEGO","SAN DIEGO",-117.1890985,32.84070346
8129311,2016,2016-09-28,3711,2016-09-14,0923,5985,,3,5,7,3711,0,0,0,,0,518,"GRANADA AV","DATE ST",0.00,,Y,A,-,N,,,,,,,,,,N,3,0,1,2,A,-,09,21802,A,N,H,G,A,A,H,-,A,A,0,,Y,,,Y,,D,22,0,1,0,0,0,0,1,0,0,"- ","- ",,,"SAN DIEGO","SAN DIEGO",-117.13294008,32.723420089999998
8131207,2016,2016-09-29,3711,2016-09-16,1747,7161,,5,5,7,3711,0,0,0,,0,712,"BORDER VILLAGE RD","10TH AV",47520.00,S,N,A,-,N,,,,,,,,,,N,4,0,1,2,A,-,05,21202,A,N,G,G,A,A,H,-,B,A,0,,Y,,,Y,,L,04,0,0,1,0,0,0,1,0,0,"- ","- ",,,"SAN DIEGO","SAN DIEGO",,
8131216,2016,2016-10-03,3711,2016-09-07,1251,7435,,3,5,7,3711,0,0,0,,0,122,"CASS ST","GRAND AV",0.00,,Y,A,-,N,,,,,,,,,,N,4,0,1,2,A,-,09,21801,A,N,D,G,A,A,H,-,A,A,0,,Y,,,Y,,A,01,0,0,1,0,0,0,1,0,0,"- ","- ",,,"SAN DIEGO","SAN DIEGO",-117.25126002,32.795530079999999
8131235,2016,2016-09-29,3711,2016-09-14,1200,4653,,3,5,7,3711,0,0,0,,0,324,"COWLES MOUNTAIN BL","LAKE CAYUGA DR",95.00,N,N,A,-,N,,,,,,,,,,N,2,0,1,1,A,-,03,22350,,N,F,A,A,A,H,-,A,D,0,,Y,,,Y,,L,04,1,0,0,0,0,0,1,0,0,"- ","- ",,,"SAN DIEGO","SAN DIEGO",-117.02623217999999,32.799679400000002
8131252,2016,2016-09-29,3711,2016-09-12,1750,7042,,1,5,7,3711,0,0,0,,0,611,"PACIFIC HWY","WRIGHT ST",200.00,N,N,A,-,N,,,,,,,,,,N,4,0,1,2,D,-,00,,,N,H,G,A,A,H,-,A,D,0,,Y,,,Y,,-,"- ",0,0,1,0,0,0,1,0,0,"- ","- ",,,"SAN DIEGO","SAN DIEGO",-117.19026119999999,32.743289160000003
8131279,2016,2016-09-28,3711,2016-09-18,1455,4617,,7,5,7,3711,0,0,0,,0,241,"HIBERT ST","TREENA ST",65.00,N,N,A,-,N,,,,,,,,,,N,3,0,1,2,A,-,03,22350,,N,D,G,A,A,H,-,A,D,0,,Y,,,Y,Y,L,04,0,1,0,0,0,0,1,0,0,"- ","- ",,,"SAN DIEGO","SAN DIEGO",-117.11388438,32.914018009999999
8132339,2016,2016-10-04,3711,2016-09-25,1530,8261,,7,5,7,3711,0,0,0,,0,242,"MIRA MESA BL","MIRA MESA BL 9500",25.00,N,N,A,-,N,,,,,,,,,,N,4,0,1,2,A,-,21,22106,,N,H,-,A,A,H,-,A,D,0,,Y,,,Y,,-,,0,0,1,0,0,0,1,0,0,"- ","- ",,,"SAN DIEGO","SAN DIEGO",,
8132347,2016,2016-10-04,3711,2016-09-23,0811,6774,,5,5,7,3711,0,0,0,,0,315,"FRIARS RD","FRAZEE RD",331.00,W,N,A,-,N,,,,,,,,,,N,4,0,1,2,A,-,05,21650,1,N,D,G,A,A,H,-,A,D,0,,Y,,,Y,,L,04,0,0,1,0,0,0,1,0,0,"- ","- ",,,"SAN DIEGO","SAN DIEGO",-117.15828591,32.772114700000003
8132351,2016,2016-10-04,3711,2016-09-23,1750,7161,,5,5,7,3711,0,0,0,,0,723,"KOSTNER DR","PALM AV",6.00,S,N,A,-,N,,,,,,,,,,,3,0,1,2,A,-,05,21650,1,N,G,G,A,A,H,-,B,A,0,,Y,,,Y,,-,"- ",0,1,0,0,0,0,1,0,0,"- ","- ",,,"SAN DIEGO","SAN DIEGO",-117.04167137,32.583703610000001
8132363,2016,2016-10-04,3711,2016-09-24,0750,7413,MIDCI,6,5,7,3711,0,0,0,,0,008,"MONROE AV","WILSON AV",0.00,,Y,A,-,N,,,,,,,,,,N,3,0,1,2,A,-,12,21453,A,N,D,G,A,A,H,-,A,-,0,,Y,Y,,Y,,L,04,0,1,0,0,0,0,1,0,0,"- ","- ",,,"SAN DIEGO","SAN DIEGO",-117.11627006000001,32.759010109999998
8132371,2016,2016-10-04,3711,2016-09-20,1500,7463,,2,5,7,3711,0,0,0,,0,233,"CARMEL MOUNTAIN RD","CARMEL MOUNTAIN RD 10700",0.00,,-,B,C,N,,,,,,,,,,N,3,0,1,1,A,-,03,22350,,N,E,-,A,B,H,-,A,D,0,,Y,,,Y,,L,04,0,1,0,0,0,0,1,0,0,"- ","- ",,,"SAN DIEGO","SAN DIEGO",-117.09551901,32.969831069999998
8134569,2016,2016-10-05,3711,2016-09-27,1705,7447,"SAN D",2,5,7,3711,0,0,0,,0,523,"5TH AV","F ST",84.00,N,N,B,-,N,,,,,,,,,,N,4,0,1,2,A,-,02,22400,A,N,H,G,A,A,H,-,A,D,0,,Y,,,Y,,A,01,0,0,1,0,0,0,1,0,0,"- ","- ",,,"SAN DIEGO","SAN DIEGO",-117.16015221000001,32.713850100000002
8134573,2016,2016-10-05,3711,2016-09-27,1723,7378,,2,5,7,3711,0,0,0,,0,712,"DAIRY MART RD","SERVANDO  AV",10.00,S,N,B,-,N,,,,,,,,,,N,3,0,1,2,A,-,09,21800,C,N,H,G,A,A,H,-,B,A,0,,Y,,,Y,,-,,0,1,0,0,0,0,1,0,0,"- ","- ",,,"SAN DIEGO","SAN DIEGO",-117.0624105,32.556722610000001
8134597,2016,2016-10-04,3711,2016-09-26,0715,4957,"SAN D",1,5,7,3711,0,0,0,,0,233,"PASEO MONTALBAN","VIA CIMA BELLA",9.00,N,N,A,-,N,,,,,,,,,,N,3,0,1,2,A,-,05,21650,1,N,D,G,A,A,H,-,A,D,0,,Y,,,Y,,L,04,0,1,0,0,0,0,1,0,0,"- ","- ",,,"SAN DIEGO","SAN DIEGO",-117.12116527000001,32.961003150000003
8134617,2016,2016-11-30,3711,2016-09-26,0915,4539,,1,5,7,3711,0,0,0,,0,937,"SAN DIEGUITO RD","CAMINO DEL SUR",1056.00,W,N,A,-,N,,,,,,,,,,N,2,0,1,1,A,-,08,22107,,N,E,I,A,A,H,-,A,D,0,,Y,,,Y,,L,04,1,0,0,0,0,0,1,0,0,"- ","- ",,,"SAN DIEGO","SAN DIEGO",-117.15871725,32.999542310000002
8134637,2016,2016-11-30,3711,2016-09-23,0752,7495,,5,5,7,3711,0,0,0,,0,524,"C ST","9TH AV",72.00,E,N,A,-,N,,,,,,,,,,N,3,0,1,1,A,-,08,22107,,N,E,-,A,A,-,-,A,A,0,,Y,,,Y,,L,04,0,1,0,0,0,0,1,0,0,"- ","- ",,,"SAN DIEGO","SAN DIEGO",-117.15629671000001,32.71679262
8135439,2016,2016-10-07,3711,2016-09-04,0746,6252,,7,5,7,3711,0,0,0,,0,622,"LAURETTA ST","AZUSA ST",0.00,,Y,B,-,N,,,,,,,,,,N,3,0,1,2,A,-,12,22450,A,N,D,G,A,A,H,-,A,A,0,,Y,,,Y,,L,04,0,1,0,0,0,0,1,0,0,"- ","- ",,,"SAN DIEGO","SAN DIEGO",-117.19350012,32.767060049999998
8139702,2016,2016-10-06,3711,2016-09-28,1646,6412,,3,5,7,3711,0,0,0,,0,831,"POLK AV","44TH ST",174.00,E,N,A,-,N,,,,,,,,,,N,4,0,1,2,A,-,09,21804,A,N,D,G,A,A,H,-,A,-,0,,Y,,,Y,,L,04,0,0,1,0,0,0,1,0,0,"- ","- ",,,"SAN DIEGO","SAN DIEGO",-117.09923601,32.751404829999998
8139753,2016,2016-10-06,3711,2016-09-28,2107,7485,,3,5,7,3711,0,0,0,,0,327,"RESERVOIR DR","RESERVOIR LN",221.00,S,N,A,-,N,,,,,,,,,,N,4,0,1,2,A,-,14,21201,D,N,C,G,A,A,H,-,D,D,0,,Y,,,Y,,L,04,0,0,1,0,0,0,1,0,0,"- ","- ",,,"SAN DIEGO","SAN DIEGO",-117.05554116,32.772215529999997
8141750,2016,2016-10-17,3711,2016-10-01,1115,5278,,6,5,7,3711,0,0,0,,0,233,"RANCHO PENASQUITOS BL","PASEO MONTRIL",50.00,S,N,A,-,N,,,,,,,,,,N,3,0,1,2,A,-,08,22107,,N,D,G,A,A,H,-,A,D,0,,Y,,,Y,,D,22,0,1,0,0,0,0,1,0,0,"- ","- ",,,"SAN DIEGO","SAN DIEGO",-117.10779429,32.951548580000001
8141820,2016,2016-12-07,3711,2016-09-27,0825,7057,,2,5,7,3711,0,0,0,,0,437,"PARADISE VALLEY RD","WOODMAN VILLAGE",15.00,W,N,A,-,N,,,,,,,,,,N,3,0,1,2,A,-,08,22107,,N,B,G,A,A,H,-,A,A,0,,Y,,,Y,,L,04,0,1,0,0,0,0,1,0,0,"- ","- ",,,"SAN DIEGO","SAN DIEGO",-117.0439398,32.690066440000003
8141928,2016,2016-10-13,3711,2016-10-02,1905,6876,,7,5,7,3711,0,0,0,,0,833,"FAIRMOUNT AV","DWIGHT ST",8.00,N,N,B,-,N,,,,,,,,,,N,4,0,1,2,A,-,05,21650,1,N,A,G,A,A,H,-,D,A,0,,Y,,,Y,,L,04,0,0,1,0,0,0,1,0,0,"- ","- ",,,"SAN DIEGO","SAN DIEGO",-117.10097953,32.744031909999997
8141943,2016,2017-03-04,3711,2016-10-04,0857,7083,,2,5,7,3711,0,0,0,,0,327,"COLLEGE AV","RT 8",0.00,,Y,A,-,Y,SD,11,8,-,-,8.176,R,4,E,N,3,0,1,2,A,-,12,21453,A,N,C,G,A,A,H,-,A,A,0,,Y,,,Y,,-,"- ",0,1,0,0,0,0,1,0,0,"- ",EF,,,"SAN DIEGO","SAN DIEGO",-117.06913642000001,32.779209299999998
8141963,2016,2016-10-12,3711,2016-10-02,2006,7458,,7,5,7,3711,0,0,0,,0,122,"OCEAN BL","LAW ST",83.00,N,N,-,-,N,,,,,,,,,,N,3,0,1,1,A,-,03,22350,,N,F,A,A,-,-,-,-,D,0,,Y,,,Y,Y,-,"- ",0,1,0,0,0,0,1,0,0,"- ","- ",,,"SAN DIEGO","SAN DIEGO",-117.25897779,32.801981869999999
8141968,2016,2016-10-13,3711,2016-10-01,1716,4759,SANDI,6,5,7,3711,0,0,0,,0,122,"CHALCEDONY ST","MISSION BL",3.00,W,N,-,-,N,,,,,,,,,,N,3,0,1,2,A,-,11,21950,B,N,D,G,A,-,-,-,-,D,0,,Y,,,Y,Y,-,"- ",0,1,0,0,0,0,1,0,0,"- ","- ",,,"SAN DIEGO","SAN DIEGO",-117.25692939,32.801197850000001
8141971,2016,2016-10-12,3711,2016-10-01,1520,7033,NORTH,6,5,7,3711,0,0,0,,0,313,"BALBOA AV","GERALD GRIFFIN DR",162.00,W,N,-,-,N,,,,,,,,,,N,4,0,1,2,A,-,05,21650,1,N,D,G,A,-,-,-,-,D,0,,Y,,,Y,,-,"- ",0,0,1,0,0,0,1,0,0,"- ","- ",,,"SAN DIEGO","SAN DIEGO",-117.15911239,32.821800830000001
8141980,2016,2016-10-13,3711,2016-10-01,1622,4759,SANDI,6,5,7,3711,0,0,0,,0,122,"THOMAS AV","BAYARD ST",3.00,E,N,A,-,N,,,,,,,,,,N,4,0,1,2,A,-,05,21650,1,N,D,G,A,A,H,-,A,D,0,,Y,,,Y,,L,04,0,0,1,0,0,0,1,0,0,"- ","- ",,,"SAN DIEGO","SAN DIEGO",-117.25272067,32.794042320000003
8141987,2016,2016-10-13,3711,2016-10-03,1540,3696,,1,5,7,3711,0,0,0,,0,122,"GARNET AV","OLNEY ST",179.00,W,N,A,-,N,,,,,,,,,,N,4,0,1,2,A,-,05,21651,B,N,D,G,A,A,H,-,A,D,0,,Y,,,Y,,L,04,0,0,1,0,0,0,1,0,0,"- ","- ",,,"SAN DIEGO","SAN DIEGO",-117.23042212999999,32.802087129999997
8141988,2016,2016-10-13,3711,2016-10-02,0826,7026,SANDI,7,5,7,3711,0,0,0,,0,813,"31ST ST","31ST ST 3700",21.00,E,N,A,-,N,,,,,,,,,,N,3,0,1,2,A,-,08,22107,A,N,B,G,A,A,H,-,A,D,0,,Y,,,Y,,-,"- ",0,1,0,0,0,0,1,0,0,"- ","- ",,,"SAN DIEGO","SAN DIEGO",,
8143205,2016,2016-10-27,3711,2016-10-06,1825,7318,SD,4,5,7,3711,0,0,0,,0,624,"MADISON AV","NORTH AV",250.00,E,N,A,-,N,,,,,,,,,,N,3,0,1,2,A,-,09,21801,A,M,-,-,A,A,H,-,A,-,0,,Y,,,Y,,-,,0,1,0,0,0,0,1,0,0,"- ","- ",,,"SAN DIEGO","SAN DIEGO",-117.14672949,32.760959999999997
8143209,2016,2016-10-27,3711,2016-10-06,1157,6810,,4,5,7,3711,0,0,0,,0,934,"RUETTE DE MER","CAMINITO RADIANTE",0.00,,Y,A,-,N,,,,,,,,,,N,4,0,1,2,A,-,09,21800,,N,A,G,A,A,H,-,A,A,0,,Y,,,Y,,-,,0,0,1,0,0,0,1,0,0,"- ","- ",,,"SAN DIEGO","SAN DIEGO",-117.20488003,32.946770049999998
8143271,2016,2016-10-28,3711,2016-10-18,0730,7376,,2,5,7,3711,0,0,0,,0,111,"LIMERICK AV","TRIANA ST",0.00,,Y,A,-,N,,,,,,,,,,N,4,0,1,2,A,-,10,21950,A,N,G,G,A,A,H,-,B,A,0,,Y,,,Y,,A,01,0,0,1,0,0,0,1,0,0,"- ","- ",,,"SAN DIEGO","SAN DIEGO",-117.17888006,32.829430109999997
8143560,2016,2017-01-19,3711,2016-09-12,1400,7067,,1,5,7,3711,0,0,0,,0,613,CHATSWORTH,POINTSETTIA,20.00,W,N,A,-,N,,,,,,,,,,N,3,0,1,2,A,-,"- ",,,N,B,G,A,A,H,-,A,A,0,,Y,,,Y,,-,,0,1,0,0,0,0,1,0,0,"- ","- ",,,"SAN DIEGO","SAN DIEGO",-117.2289486,32.738746560000003
8143659,2016,2017-01-19,3711,2016-10-26,1343,6104,,3,5,7,3711,0,0,0,,0,614,"VOLTAIRE ST","EBERS ST",0.00,,Y,A,-,N,,,,,,,,,,N,3,0,1,2,A,-,05,21202,A,N,B,G,A,A,H,-,A,A,0,,Y,,,Y,,L,04,0,1,0,0,0,0,1,0,0,"- ","- ",,,"SAN DIEGO","SAN DIEGO",-117.24139012000001,32.748830069999997
8143689,2016,2017-01-19,3711,2016-10-31,1624,6468,3711,1,5,7,3711,0,0,0,,0,616,"TALBOT ST","GAGE ST",0.00,,Y,A,-,N,,,,,,,,,,N,3,0,1,2,A,-,09,21801,A,N,B,G,A,A,H,-,A,D,0,,Y,,,Y,,A,07,0,1,0,0,0,0,1,0,0,"- ","- ",,,"SAN DIEGO","SAN DIEGO",-117.23934013,32.721450050000001
8144664,2016,2016-12-19,3711,2016-11-25,1716,6958,,5,5,7,3711,0,0,0,,0,622,"MORENA BL","TECOLOTE RD",0.00,,Y,A,-,N,,,,,,,,,,N,3,0,1,2,A,-,05,21650,1,N,D,G,A,A,H,-,C,A,0,,Y,,,Y,,L,04,0,1,0,0,0,0,1,0,0,"- ","- ",,,"SAN DIEGO","SAN DIEGO",-117.20290011,32.772720110000002
8146092,2016,2016-10-18,3711,2016-10-05,0519,8181,,3,5,7,3711,0,0,0,,0,325,"NAVAJO RD","NAVAJO RD 5900",0.00,,N,B,-,N,,,,,,,,,,N,3,0,1,1,A,-,03,22350,,N,H,A,A,A,G,-,C,D,0,,Y,,,Y,,L,04,0,1,0,0,0,0,1,0,0,"- ","- ",,,"SAN DIEGO","SAN DIEGO",,
8146528,2016,2016-10-19,3711,2016-10-10,1107,5985,,1,5,7,3711,0,0,0,,0,524,"PACIFIC HWY","WEST ASH ST",0.00,,Y,A,-,N,,,,,,,,,,N,4,0,1,2,A,-,05,21650,1,N,H,G,A,A,H,-,A,A,0,,Y,,,Y,,L,04,0,0,1,0,0,0,1,0,0,"- ","- ",,,"SAN DIEGO","SAN DIEGO",-117.17104008,32.719870010000001
8146675,2016,2016-10-19,3711,2016-10-06,0751,6737,,4,5,7,3711,0,0,0,,0,827,"UNIVERSITY AV","49TH ST",0.00,,Y,A,-,N,,,,,,,,,,N,3,0,1,2,A,-,05,21650,1,N,D,G,A,A,H,-,A,D,0,,Y,,,Y,,-,"- ",0,1,0,0,0,0,1,0,0,"- ","- ",,,"SAN DIEGO","SAN DIEGO",-117.08906008,32.749530110000002
8146683,2016,2016-10-19,3711,2016-10-06,0749,6434,SD,4,5,7,3711,0,0,0,,0,621,"LINDA VISTA DR","FULTON ST",6.00,N,N,A,-,N,,,,,,,,,,N,4,0,1,2,A,-,10,21950,A,N,G,G,A,A,H,-,A,A,0,,Y,,,Y,,-,,0,0,1,0,0,0,1,0,0,"- ","- ",,,"SAN DIEGO","SAN DIEGO",-117.16754760000001,32.789952669999998
8146713,2016,2016-10-18,3711,2016-10-09,1440,7255,,7,5,7,3711,0,0,0,,0,611,"CAMINO DEL RIO W BL","CAMINO DEL RIO W BL 3700",2.00,W,N,A,-,N,,,,,,,,,,N,3,0,1,1,C,-,18,,,N,H,A,A,A,H,-,A,-,0,,Y,,,Y,,-,"- ",0,1,0,0,0,0,1,0,0,"- ","- ",,,"SAN DIEGO","SAN DIEGO",,
8151838,2016,2016-12-28,3711,2016-10-11,1826,7118,,2,5,7,3711,0,0,0,,0,521,"7TH AV",BROADWAY,141.00,S,N,A,-,N,,,,,,,,,,N,3,0,1,2,A,-,05,21650,A,N,D,G,A,A,H,-,C,D,0,,Y,,,Y,,L,04,0,1,0,0,0,0,1,0,0,"- ","- ",,,"SAN DIEGO","SAN DIEGO",-117.15834,32.715333749999999
8151860,2016,2016-10-26,3711,2016-10-13,1715,7119,,4,5,7,3711,0,0,0,,0,517,"B ST","23RD ST",5.00,S,N,A,-,N,,,,,,,,,,N,3,0,1,1,A,-,"- ",,,N,H,A,A,A,H,-,A,D,0,,Y,,,Y,,L,04,0,1,0,0,0,0,1,0,0,"- ","- ",,,"SAN DIEGO","SAN DIEGO",-117.14315000000001,32.717889999999997
8151871,2016,2016-10-26,3711,2016-10-14,2126,64558,,5,5,7,3711,0,0,0,,0,523,"L ST","5TH AV",68.00,E,N,A,-,N,,,,,,,,,,N,4,0,1,2,A,-,08,22107,,N,A,G,A,A,H,-,C,A,0,,Y,,,Y,Y,-,,0,0,1,0,0,0,1,0,0,"- ","- ",,,"SAN DIEGO","SAN DIEGO",-117.15998983999999,32.707277339999997
8151875,2016,2017-03-04,3711,2016-10-15,2235,6192,,6,5,7,3711,0,0,0,,0,241,"RT 15","MIRA MESA BL",0.00,,Y,A,-,Y,SD,11,15,-,M,15.683,R,1,S,N,4,0,1,2,A,-,09,21453,B,N,D,G,A,A,H,-,E,A,0,,Y,,,Y,,-,,0,0,1,0,0,0,1,0,0,NF,"- ",,,"SAN DIEGO","SAN DIEGO",-117.11657083,32.913451979999998
8151879,2016,2016-12-28,3711,2016-10-09,1343,7291,,7,5,7,3711,0,0,0,,0,627,"10TH AV","ROBINSON AV",0.00,,-,A,-,N,,,,,,,,,,N,3,0,1,1,A,-,"- ",,,N,A,A,A,A,H,-,A,D,0,,Y,,,Y,,L,04,0,1,0,0,0,0,1,0,0,"- ","- ",,,"SAN DIEGO","SAN DIEGO",-117.15527,32.746430009999997
8151901,2016,2016-10-26,3711,2016-10-12,0845,7040,,3,5,7,3711,0,0,0,,0,841,"UNIVERSITY AV","COLLEGE AV",30.00,E,N,A,-,N,,,,,,,,,,N,4,0,1,2,A,-,09,21804,A,N,D,G,A,A,H,-,A,D,0,,Y,,,Y,,-,,0,0,1,0,0,0,1,0,0,"- ","- ",,,"SAN DIEGO","SAN DIEGO",-117.06438847,32.752887739999998
8151920,2016,2016-10-31,3711,2016-10-17,0433,5968,,1,5,7,3711,0,0,0,,0,826,"EL CAJON BL","49TH ST",0.00,,Y,B,-,N,,,,,,,,,,,4,0,1,2,A,-,05,21202,A,N,C,G,A,A,H,-,C,A,0,,Y,,,Y,,L,04,0,0,1,0,0,0,1,0,0,"- ","- ",,,"SAN DIEGO","SAN DIEGO",-117.08898005,32.756490100000001
8151941,2016,2016-12-02,3711,2016-10-06,1838,7258,,4,5,7,3711,0,0,0,,0,437,"PARADISE VALLEY RD","DEEP DELL RD",0.00,,Y,A,-,N,,,,,,,,,,N,4,0,1,2,A,-,05,21202,A,N,-,G,A,A,H,-,C,A,0,,Y,,,Y,,L,04,0,0,1,0,0,0,1,0,0,"- ","- ",,,"SAN DIEGO","SAN DIEGO",-117.02935013,32.695420050000003
8151961,2016,2016-10-27,3711,2016-10-10,1245,7527,,1,5,7,3711,0,0,0,,0,122,"RIVIERA DR",ROOSEVELT,45.00,N,N,A,-,N,,,,,,,,,,N,2,0,1,1,A,-,03,22350,,N,H,G,A,A,H,-,A,-,0,,Y,,,Y,,L,04,1,0,0,0,0,0,1,0,0,"- ","- ",,,"SAN DIEGO","SAN DIEGO",-117.24079745,32.790039159999999
8151962,2016,2016-10-28,3711,2016-10-17,1135,6989,,1,5,7,3711,0,0,0,,0,242,"MIRA MESA BL","WESTMORE RD",150.00,E,N,B,-,N,,,,,,,,,,N,3,0,1,2,A,-,08,22107,,N,B,G,A,A,H,-,A,D,0,,Y,,,Y,,L,04,0,1,0,0,0,0,1,0,0,"- ","- ",,,"SAN DIEGO","SAN DIEGO",-117.12960313000001,32.916480129999997
8151966,2016,2016-10-28,3711,2016-10-18,1725,7247,,2,5,7,3711,0,0,0,,0,311,"MURPHY CANYON RD","STONECREST BL",528.00,N,N,A,-,N,,,,,,,,,,N,4,0,1,2,A,-,08,22107,,N,D,G,A,A,H,-,A,D,0,,Y,,,Y,,A,01,0,0,1,0,0,0,1,0,0,"- ","- ",,,"SAN DIEGO","SAN DIEGO",-117.11417837,32.805779649999998
8151973,2016,2016-10-27,3711,2016-10-10,1753,6327,SDPD,1,5,7,3711,0,0,0,,0,931,"SORRENTO VALLEY RD","SORRENTO VALLEY BL",75.00,N,N,A,-,N,,,,,,,,,,Y,4,0,1,2,A,-,12,21453,A,N,C,G,A,A,H,-,A,A,0,,Y,,,Y,,L,04,0,0,1,0,0,0,1,0,0,"- ","- ",,,"SAN DIEGO","SAN DIEGO",-117.22337894,32.90143569
8151989,2016,2016-10-27,3711,2016-10-12,0841,7083,,3,5,7,3711,0,0,0,,0,326,"MONTEZUMA RD","COLLWOOD BL",549.00,W,N,B,-,N,,,,,,,,,,N,3,0,1,2,A,-,03,22350,,N,C,G,A,A,H,-,A,A,0,,Y,,,Y,,A,01,0,1,0,0,0,0,1,0,0,"- ","- ",,,"SAN DIEGO","SAN DIEGO",-117.08770892,32.769630159999998