CASE_ID,ACCIDENT_YEAR,PROC_DATE,JURIS,COLLISION_DATE,COLLISION_TIME,OFFICER_ID,REPORTING_DISTRICT,DAY_OF_WEEK,CHP_SHIFT,POPULATION,CNTY_CITY_LOC,SPECIAL_COND,BEAT_TYPE,CHP_BEAT_TYPE,CITY_DIVISION_LAPD,CHP_BEAT_CLASS,BEAT_NUMBER,PRIMARY_RD,SECONDARY_RD,DISTANCE,DIRECTION,INTERSECTION,WEATHER_1,WEATHER_2,STATE_HWY_IND,CALTRANS_COUNTY,CALTRANS_DISTRICT,STATE_ROUTE,ROUTE_SUFFIX,POSTMILE_PREFIX,POSTMILE,LOCATION_TYPE,RAMP_INTERSECTION,SIDE_OF_HWY,TOW_AWAY,COLLISION_SEVERITY,NUMBER_KILLED,NUMBER_INJURED,PARTY_COUNT,PRIMARY_COLL_FACTOR,PCF_CODE_OF_VIOL,PCF_VIOL_CATEGORY,PCF_VIOLATION,PCF_VIOL_SUBSECTION,HIT_AND_RUN,TYPE_OF_COLLISION,MVIW,PED_ACTION,ROAD_SURFACE,ROAD_COND_1,ROAD_COND_2,LIGHTING,CONTROL_DEVICE,CHP_ROAD_TYPE,PEDESTRIAN_ACCIDENT,BICYCLE_ACCIDENT,MOTORCYCLE_ACCIDENT,TRUCK_ACCIDENT,NOT_PRIVATE_PROPERTY,ALCOHOL_INVOLVED,STWD_VEHTYPE_AT_FAULT,CHP_VEHTYPE_AT_FAULT,COUNT_SEVERE_INJ,COUNT_VISIBLE_INJ,COUNT_COMPLAINT_PAIN,COUNT_PED_KILLED,COUNT_PED_INJURED,COUNT_BICYCLIST_KILLED,COUNT_BICYCLIST_INJURED,COUNT_MC_KILLED,COUNT_MC_INJURED,PRIMARY_RAMP,SECONDARY_RAMP,LATITUDE,LONGITUDE,COUNTY,CITY,POINT_X,POINT_Y
8172396,2016,2016-12-01,3711,2016-11-11,1747,7255,SD,5,5,7,3711,0,0,0,,0,064,"MIDWAY DR","KENYON ST",526.00,W,N,A,-,N,,,,,,,,,,N,3,0,1,2,A,-,05,21650,1,N,-,G,A,A,H,-,A,D,0,,Y,,,Y,,L,04,0,1,0,0,0,0,1,0,0,"- ","- ",,,"SAN DIEGO","SAN DIEGO",,
8176874,2016,2016-12-02,3711,2016-11-14,1554,6950,,1,5,7,3711,0,0,0,,0,116,"COWLEY WY","FIELD ST",15.00,S,N,A,-,N,,,,,,,,,,N,4,0,1,2,A,-,09,21802,A,N,D,G,A,A,H,-,A,D,0,,Y,,,Y,,L,04,0,0,1,0,0,0,1,0,0,"- ","- ",,,"SAN DIEGO","SAN DIEGO",-117.19168141999999,32.79340955
8178643,2016,2016-12-06,3711,2016-11-17,1442,8334,,4,5,7,3711,0,0,0,,0,437,"SKYLINE DR","BRANDYWOOD ST",0.00,,Y,A,-,N,,,,,,,,,,N,3,0,1,2,A,-,09,21800,A,N,D,G,A,A,H,-,A,A,0,,Y,,,Y,,L,04,0,1,0,0,0,0,1,0,0,"- ","- ",,,"SAN DIEGO","SAN DIEGO",-117.05130014,32.702300010000002
8178645,2016,2016-12-06,3711,2016-11-18,1300,7238,,5,5,7,3711,0,0,0,,0,835,"THORN ST","MARLBOROUGH AV",0.00,,Y,A,-,N,,,,,,,,,,N,4,0,1,2,A,-,08,22107,,M,B,G,A,A,H,-,A,D,0,,Y,,,Y,,-,,0,0,1,0,0,0,1,0,0,"- ","- ",,,"SAN DIEGO","SAN DIEGO",-117.10579011,32.740300060000003
8178647,2016,2016-12-06,3711,2016-11-22,1544,4840,,2,5,7,3711,0,0,0,,0,615,"CHATSWORTH BL","GARRISON ST",15.00,N,N,A,-,N,,,,,,,,,,N,4,0,1,2,A,-,09,21801,A,N,D,G,A,A,H,-,A,D,0,,Y,,,Y,,-,,0,0,1,0,0,0,1,0,0,"- ","- ",,,"SAN DIEGO","SAN DIEGO",-117.23512393999999,32.732643160000002
8178654,2016,2016-12-06,3711,2016-11-18,1550,7159,,5,5,7,3711,0,0,0,,0,124,"TORREY PINES RD","PROSPECT PL",50.00,W,N,A,-,N,,,,,,,,,,N,3,0,1,2,A,-,08,22107,,F,H,G,A,A,H,-,A,D,0,,Y,,,Y,,-,,0,1,0,0,0,0,1,0,0,"- ","- ",,,"SAN DIEGO","SAN DIEGO",-117.26750468,32.847105319999997
8178658,2016,2016-12-06,3711,2016-11-25,1449,5972,,5,5,7,3711,0,0,0,,0,621,"MORLEY ST","MORLEY WY",0.00,,Y,A,-,N,,,,,,,,,,N,2,0,1,2,A,-,12,22450,A,F,H,G,A,A,H,-,A,A,0,,Y,,,Y,Y,L,04,1,0,0,0,0,0,1,0,0,"- ","- ",,,"SAN DIEGO","SAN DIEGO",-117.17211009,32.783460069999997
8178665,2016,2016-12-06,3711,2016-11-14,0851,6702,,1,5,7,3711,0,0,0,,0,,"BEYER WY","PALM AV",109.00,W,N,A,-,N,,,,,,,,,,N,3,0,1,2,A,-,08,22107,,M,C,G,A,A,H,-,A,D,0,,Y,,,Y,,L,04,0,1,0,0,0,0,1,0,0,"- ","- ",,,"SAN DIEGO","SAN DIEGO",-117.06201,32.583770000000001
8178672,2016,2016-12-06,3711,2016-11-22,1102,8192,,2,5,7,3711,0,0,0,,0,836,"FAIRMOUNT AV","QUINCE ST",0.00,S,N,A,-,N,,,,,,,,,,N,4,0,1,2,A,-,17,21663,,N,D,G,A,A,H,-,A,-,0,,Y,,,Y,,L,04,0,0,1,0,0,0,1,0,0,"- ","- ",,,"SAN DIEGO","SAN DIEGO",-117.1010101,32.736850060000002
8178677,2016,2017-01-06,3711,2016-11-06,1225,7266,,7,5,7,3711,0,0,0,,0,622,"W MORENA BL","BUENOS AV",200.00,S,N,A,-,N,,,,,,,,,,N,3,0,1,3,A,-,17,22517,,N,H,E,A,A,H,-,A,A,0,,Y,,,Y,,A,01,0,1,0,0,0,0,1,0,0,"- ","- ",,,"SAN DIEGO","SAN DIEGO",-117.20064736,32.767816060000001
8178694,2016,2016-12-06,3711,2016-11-09,1000,7388,,3,5,7,3711,0,0,0,,0,517,BROADWAY,"21ST ST",9.00,W,N,A,-,N,,,,,,,,,,,4,0,1,2,A,-,04,21703,,N,D,G,A,A,G,-,A,D,0,,Y,,,Y,,L,04,0,0,1,0,0,0,1,0,0,"- ","- ",,,"SAN DIEGO","SAN DIEGO",-117.14495916,32.715779689999998
8178696,2016,2016-12-06,3711,2016-11-16,0926,6785,,3,5,7,3711,0,0,0,,0,242,"CAPRICORN WY","GANESTA RD",3.00,W,N,A,-,N,,,,,,,,,,N,4,0,1,2,A,-,12,22450,A,N,D,G,A,A,H,-,A,D,0,,Y,,,Y,,A,01,0,0,1,0,0,0,1,0,0,"- ","- ",,,"SAN DIEGO","SAN DIEGO",-117.13913974,32.924099830000003
8178718,2016,2016-12-06,3711,2016-11-07,2049,6553,,1,5,7,3711,0,0,0,,0,833,"UNIVERSITY AV","47TH ST",0.00,,Y,A,-,N,,,,,,,,,,Y,2,0,1,2,A,-,12,22450,A,N,D,G,A,A,H,-,C,A,0,,Y,,,Y,,L,04,1,0,0,0,0,0,1,0,0,"- ","- ",,,"SAN DIEGO","SAN DIEGO",-117.09333006,32.749570079999998
8179428,2016,2016-12-06,3711,2016-11-18,0907,6774,,5,5,7,3711,0,0,0,,0,611,"ROSECRANS ST","DEL RIO W",0.00,,Y,A,-,N,,,,,,,,,,N,3,0,1,2,A,-,08,22107,,N,B,G,A,A,H,-,A,A,0,,Y,,,Y,,A,08,0,1,0,0,0,0,1,0,0,"- ","- ",,,"SAN DIEGO","SAN DIEGO",,
8179473,2016,2016-12-09,3711,2016-11-21,0856,6774,,1,5,7,3711,0,0,0,,0,826,"51ST ST","EL CAJON BL",2.00,S,N,B,-,N,,,,,,,,,,N,4,0,1,2,A,-,09,21802,A,N,D,G,A,A,H,-,A,A,0,,Y,,,Y,,A,01,0,0,1,0,0,0,1,0,0,"- ","- ",,,"SAN DIEGO","SAN DIEGO",-117.08468000000001,32.757084519999999
8179506,2016,2016-12-12,3711,2016-11-23,1920,7309,,3,5,7,3711,0,0,0,,0,234,"CAMINITO TIERRA DEL SOL","CALLE VIVIENDA",0.00,,Y,A,-,N,,,,,,,,,,N,3,0,1,2,A,-,17,21208,A,N,D,G,A,A,H,-,A,D,0,,Y,,,Y,,L,04,0,1,0,0,0,0,1,0,0,"- ","- ",,,"SAN DIEGO","SAN DIEGO",-117.07774003999999,33.005500060000003
8179513,2016,2016-12-12,3711,2016-11-17,0933,6810,,4,5,7,3711,0,0,0,,0,932,"TORREY PINES RD","TORREY PINES RD  12660",0.00,N,N,A,-,N,,,,,,,,,,N,3,0,1,2,A,-,09,21804,A,N,D,G,A,A,G,-,A,D,0,,Y,,,Y,,-,,0,1,0,0,0,0,1,0,0,"- ","- ",,,"SAN DIEGO","SAN DIEGO",,
8187762,2016,2017-01-03,3711,2016-12-11,1350,7563,,7,5,7,3711,0,0,0,,0,122,"MISSION BL","GRAND AV",0.00,,Y,A,-,N,,,,,,,,,,N,3,0,1,2,A,-,12,21453,A,N,D,G,A,A,H,-,A,A,0,,Y,,,Y,,L,04,0,1,0,0,0,0,1,0,0,"- ","- ",,,"SAN DIEGO","SAN DIEGO",-117.25492005,32.794710010000003
8188789,2016,2017-03-30,3711,2016-12-01,1724,7542,,4,5,7,3711,0,0,0,,0,,"CHAMOUNE AV","POLK AV",10.00,S,N,A,-,N,,,,,,,,,,N,3,0,1,2,A,-,09,21800,A,F,B,G,A,A,H,-,C,A,0,,Y,,,Y,,-,,0,1,0,0,0,0,1,0,0,"- ","- ",,,"SAN DIEGO","SAN DIEGO",-117.09654062,32.751352609999998
8188829,2016,2017-02-28,3711,2016-11-11,1555,7391,,5,5,7,3711,0,0,0,,0,725,"PALM AV",DENNERY,0.00,,Y,A,-,N,,,,,,,,,,N,3,0,1,2,A,-,17,21461,A,N,G,G,A,A,H,-,A,A,0,,Y,Y,,Y,,L,04,0,1,0,0,0,0,1,0,0,"- ","- ",,,"SAN DIEGO","SAN DIEGO",-117.03240011,32.583920079999999
8189547,2016,2016-12-19,3711,2016-11-30,0911,6398,,3,5,7,3711,0,0,0,,0,445,"EUCLID AV","LAKIBA PALMER AV",0.00,,Y,A,-,N,,,,,,,,,,N,4,0,1,2,A,-,08,22107,,N,C,G,A,A,H,-,A,D,0,,Y,,,Y,,-,,0,0,1,0,0,0,1,0,0,"- ","- ",,,"SAN DIEGO","SAN DIEGO",-117.08503989,32.713770050000001
8189871,2016,2017-02-28,3711,2016-12-02,1416,7073,,5,5,7,3711,0,0,0,,0,611,"ROSECRANS ST","MIDWAY DR",360.00,N,N,A,-,N,,,,,,,,,,N,3,0,2,2,A,-,17,21208,,N,C,G,A,A,H,-,A,D,0,,Y,,,Y,,L,04,0,2,0,0,0,0,1,0,0,"- ","- ",,,"SAN DIEGO","SAN DIEGO",-117.20550674,32.75051139
8189920,2016,2017-03-27,3711,2016-12-05,1730,6339,,1,5,7,3711,0,0,0,,0,242,"CARROLL CANYON RD","RT 15",10.00,W,N,A,-,Y,SD,11,15,-,M,14.843,R,4,N,N,3,0,1,2,A,-,10,21950,A,N,D,G,A,A,H,-,C,A,0,,Y,,,Y,,-,,0,1,0,0,0,0,1,0,0,"- ",NF,,,"SAN DIEGO","SAN DIEGO",-117.11612798,32.901105680000001
8190042,2016,2016-12-22,3711,2016-12-07,1541,6817,"SAN D",3,5,7,3711,0,0,0,,0,122,"GARNET AV","DONALDSON DR",222.00,W,N,A,-,N,,,,,,,,,,N,3,0,1,2,A,-,03,22350,,N,C,G,A,A,H,-,A,D,0,,Y,,,Y,,-,,0,1,0,0,0,0,1,0,0,"- ","- ",,,"SAN DIEGO","SAN DIEGO",-117.22679245,32.802966349999998
8190050,2016,2016-12-22,3711,2016-12-07,1540,6045,,3,5,7,3711,0,0,0,,0,114,"CLAIREMONT MESA BL","LAKEHURST AV",0.00,,Y,B,-,N,,,,,,,,,,N,4,0,1,2,A,-,09,21802,A,N,H,G,A,A,H,-,A,D,0,,Y,,,Y,,-,,0,0,1,0,0,0,1,0,0,"- ","- ",,,"SAN DIEGO","SAN DIEGO",-117.20172012,32.831170069999999
8190989,2016,2016-12-20,3711,2016-12-08,1813,7410,,4,5,7,3711,0,0,0,,0,822,"ANDROS CT","ANDROS CT 5800",0.00,,-,A,-,N,,,,,,,,,,N,4,0,1,2,A,-,12,22450,A,N,B,G,A,A,H,-,C,D,0,,Y,,,Y,,L,04,0,0,1,0,0,0,1,0,0,"- ","- ",,,"SAN DIEGO","SAN DIEGO",-117.07299292,32.750550449999999
8191711,2016,2016-12-21,3711,2016-11-30,0036,HB4323,,3,5,7,3711,0,0,0,,0,503,"HARBOR ISLAND DR","NORTH HARBOR DR",24.00,S,N,A,-,N,,,,,,,,,,Y,4,0,2,2,A,-,09,21801,A,N,B,G,A,A,H,-,C,A,0,,Y,Y,,Y,,C,02,0,0,2,0,0,0,1,0,1,"- ","- ",,,"SAN DIEGO","SAN DIEGO",-117.19519624,32.729224459999998
8192397,2016,2016-12-30,3711,2016-12-10,2317,6973,,6,5,7,3711,0,0,0,,0,433,"65TH ST","IMPERIAL AV",0.00,,Y,A,-,N,,,,,,,,,,N,4,0,1,2,A,-,08,22107,,N,D,G,A,A,H,-,C,A,0,,Y,,,Y,,-,,0,0,1,0,0,0,1,0,0,"- ","- ",,,"SAN DIEGO","SAN DIEGO",-117.05802008000001,32.710550019999999
8193704,2016,2017-01-11,3711,2016-12-13,0838,4274,,2,5,7,3711,0,0,0,,0,311,"AERO DR","AERO DR 8583",0.00,,Y,A,-,N,,,,,,,,,,N,3,0,1,1,A,-,03,22350,,N,-,-,A,B,H,-,A,A,0,,Y,,,Y,,L,04,0,1,0,0,0,0,1,0,0,"- ","- ",,,"SAN DIEGO","SAN DIEGO",-117.14186847000001,32.809686890000002
8193760,2016,2017-01-14,3711,2016-12-14,2230,7436,,3,5,7,3711,0,0,0,,0,723,"CORONADO AV","DEARBORN DR",1.00,W,N,A,-,N,,,,,,,,,,N,4,0,1,2,A,I,17,21200,,N,B,G,A,A,-,-,C,D,0,,Y,,,Y,Y,L,04,0,0,1,0,0,0,1,0,0,"- ","- ",,,"SAN DIEGO","SAN DIEGO",-117.07377323,32.576479999999997
8193761,2016,2017-01-12,3711,2016-12-14,0802,6461,,3,5,7,3711,0,0,0,,0,123,"PACIFIC BEACH DR","PACIFIC BEACH DR 2211",43.00,W,N,A,-,N,,,,,,,,,,N,3,0,1,2,A,-,08,22107,,N,D,G,A,A,H,-,A,A,0,,Y,,,Y,,L,04,0,1,0,0,0,0,1,0,0,"- ","- ",,,"SAN DIEGO","SAN DIEGO",,
8193769,2016,2017-01-12,3711,2016-12-14,1249,7211,,3,5,7,3711,0,0,0,,0,614,"SUNSET CLIFFS BL","NIMITZ BL",550.00,N,N,A,-,N,,,,,,,,,,N,3,0,1,2,A,-,05,21650,1,N,D,-,A,A,H,-,A,A,0,,Y,,,Y,,L,04,0,1,0,0,0,0,0,0,0,"- ","- ",,,"SAN DIEGO","SAN DIEGO",-117.23593723,32.755056959999997
8194864,2016,2017-03-24,3711,2016-12-29,1937,7172,,4,5,7,3711,0,0,0,,0,813,"30TH ST","30TH ST 3100",5.00,S,N,A,-,N,,,,,,,,,,N,4,0,1,2,A,-,09,21801,A,M,D,G,A,A,-,-,C,A,0,,Y,,,Y,,-,,0,0,1,0,0,0,1,0,0,"- ","- ",,,"SAN DIEGO","SAN DIEGO",-117.12932289,32.737395739999997
8194868,2016,2017-03-24,3711,2016-12-27,1820,6825,,2,5,7,3711,0,0,0,,0,243,"KEARNY VILLA RD","RT 163",275.00,N,N,A,-,N,,,,,,,,,,Y,3,0,1,2,A,-,08,22107,,N,C,G,A,A,H,-,C,D,0,,Y,,,Y,,-,,0,1,0,0,0,0,1,0,0,"- ","- ",,,"SAN DIEGO","SAN DIEGO",-117.11909,32.855069999999998
8194873,2016,2017-01-23,3711,2016-12-15,1130,4643,,4,5,7,3711,0,0,0,,0,813,"ILLINOIS ST","EL CAJON BL",170.00,S,N,B,-,N,,,,,,,,,,N,3,0,1,2,A,-,03,22350,,N,D,G,A,A,H,-,A,D,0,,Y,,,Y,,L,04,0,1,0,0,0,0,1,0,0,"- ","- ",,,"SAN DIEGO","SAN DIEGO",-117.1277,32.75494432
8195109,2017,2017-01-24,3711,2017-01-08,1455,6468,3711,7,5,7,3711,0,0,0,,0,611,"WOMBLE RD","ROSECRANS ST",0.00,,Y,A,-,N,,,,,,,,,,N,4,0,1,1,A,-,03,22350,,N,H,J,A,A,H,-,A,D,0,,Y,,,Y,,L,04,0,0,1,0,0,0,1,0,0,"- ","- ",,,"SAN DIEGO","SAN DIEGO",-117.21890011000001,32.736840020000002
8195690,2017,2017-02-09,3711,2017-01-15,1028,7413,,7,5,7,3711,0,0,0,,0,821,"EL CAJON BL","68TH ST",0.00,,-,A,-,N,,,,,,,,,,N,4,0,1,2,A,-,17,21461,A,N,A,G,A,A,H,-,A,A,0,,Y,Y,,Y,,L,04,0,0,1,0,0,0,1,0,0,"- ","- ",,,"SAN DIEGO","SAN DIEGO",-117.05148005,32.768640079999997
8197060,2016,2017-01-06,3711,2016-12-19,0545,1309,,1,5,7,3711,0,0,0,,0,001,"3RD ST","GLORIETTA PL",0.00,,Y,A,-,N,,,,,,,,,,N,3,0,1,2,A,-,09,21801,A,F,H,G,A,A,H,-,B,D,0,,Y,,,Y,,-,,0,1,0,0,0,0,1,0,0,"- ","- ",,,"SAN DIEGO","SAN DIEGO",-117.16894007,32.693770110000003
8198168,2016,2017-01-26,3711,2016-12-23,1818,7554,"SAN D",5,5,7,3711,0,0,0,,0,122,"LAMONT ST","LAMONT ST 4400",27.00,W,N,A,-,N,,,,,,,,,,N,4,0,1,2,A,-,17,21451,A,N,H,G,A,A,H,-,C,A,0,,Y,,,Y,,L,04,0,0,1,0,0,0,1,0,0,"- ","- ",,,"SAN DIEGO","SAN DIEGO",,
8198200,2016,2017-01-06,3711,2016-12-22,0944,7085,"SAN D",4,5,7,3711,0,0,0,,0,116,"MORENA BL","KNOXVILLE ST",17.00,S,N,C,-,N,,,,,,,,,,N,4,0,1,2,A,-,17,21451,A,N,D,G,A,B,H,-,A,A,0,,Y,,,Y,,A,07,0,0,1,0,0,0,1,0,0,"- ","- ",,,"SAN DIEGO","SAN DIEGO",-117.20375584999999,32.773232110000002
8198236,2016,2017-01-06,3711,2016-12-27,1552,6200,,2,5,7,3711,0,0,0,,0,312,"ANTIGUA BL","TORTUGA CT",0.00,,Y,A,-,N,,,,,,,,,,N,3,0,1,2,A,-,08,22107,,N,D,G,A,A,H,-,A,D,0,,Y,,,Y,,-,,0,1,0,0,0,0,1,0,0,"- ","- ",,,"SAN DIEGO","SAN DIEGO",-117.10192008999999,32.833920059999997
8199212,2016,2017-02-06,3711,2016-12-19,0859,7153,,1,5,7,3711,0,0,0,,0,126,"NORTH TORREY PINES RD","SALK INSTITUTE DR",0.00,,Y,A,F,N,,,,,,,,,,N,3,0,1,2,A,-,08,22107,,N,C,G,A,A,H,-,A,D,0,,Y,,,Y,,L,04,0,1,0,0,0,0,1,0,0,"- ","- ",,,"SAN DIEGO","SAN DIEGO",-117.24392009,32.886090090000003
8199263,2016,2017-01-04,3711,2016-12-19,0758,6774,,1,5,7,3711,0,0,0,,0,122,"JEWELL ST","GARNET AV",12.00,N,N,A,-,N,,,,,,,,,,N,4,0,1,2,A,-,09,21801,A,N,D,G,A,A,H,-,A,A,0,,Y,,,Y,,A,01,0,0,1,0,0,0,1,0,0,"- ","- ",,,"SAN DIEGO","SAN DIEGO",-117.23898036,32.800231689999997
8199326,2016,2017-01-03,3711,2016-12-15,1810,6412,,4,5,7,3711,0,0,0,,0,834,"UNIVERSITY AV","41ST ST",48.00,W,N,C,-,N,,,,,,,,,,N,4,0,1,2,A,-,08,22107,,N,D,G,A,B,H,-,C,D,0,,Y,,,Y,,L,04,0,0,1,0,0,0,1,0,0,"- ","- ",,,"SAN DIEGO","SAN DIEGO",-117.10709559,32.749690000000001
8199354,2016,2017-02-28,3711,2016-12-09,0945,7238,,5,5,7,3711,0,0,0,,0,834,"WIGHTMAN ST","VAN DYKE AV",6.00,W,N,A,-,N,,,,,,,,,,N,3,0,1,2,A,-,09,21802,A,N,A,G,A,A,H,-,A,A,0,,Y,,,Y,,-,,0,1,0,0,0,0,1,0,0,"- ","- ",,,"SAN DIEGO","SAN DIEGO",-117.10324945000001,32.74776
8200507,2017,2017-03-23,3711,2017-02-20,1042,7417,,1,5,7,3711,0,0,0,,0,442,"40TH ST","ALPHA ST",460.00,S,N,B,C,N,,,,,,,,,,N,4,0,1,1,A,-,15,21201,A,N,-,A,A,B,H,-,A,D,0,,Y,,,Y,,L,04,0,0,1,0,0,0,1,0,0,"- ","- ",,,"SAN DIEGO","SAN DIEGO",-117.1081102,32.691079989999999
8200535,2017,2017-03-23,3711,2017-02-25,1302,7413,,6,5,7,3711,0,0,0,,0,841,"DUCHESS ST","SUFFOLK DR",0.00,,Y,A,-,N,,,,,,,,,,N,4,0,1,2,A,-,09,21801,A,N,D,G,A,A,H,-,A,D,0,,Y,Y,,Y,,L,04,0,0,1,0,0,0,1,0,0,"- ","- ",,,"SAN DIEGO","SAN DIEGO",-117.05048007000001,32.744740020000002
8201645,2017,2017-03-29,3711,2017-03-07,0913,7416,,2,5,7,3711,0,0,0,,0,531,"PERSHING DR","FLORIDA DR",1.00,S,N,A,-,N,,,,,,,,,,N,3,0,1,2,A,-,06,21755,,N,B,G,A,A,H,-,A,A,0,,Y,,,Y,,L,04,0,1,0,0,0,0,1,0,0,"- ","- ",,,"SAN DIEGO","SAN DIEGO",-117.14262248,32.722718229999998
8201696,2017,2017-03-29,3711,2017-02-09,0812,HB5062,,4,5,7,3711,0,0,0,,0,503,"NORTH HARBOR DR","MILEPOST LAMPPOST HD-89",18.00,W,N,A,-,N,,,,,,,,,,N,2,0,1,2,B,-,22,,,N,C,E,A,A,H,-,A,D,0,,Y,,,Y,,L,04,1,0,0,0,0,0,1,0,0,"- ","- ",,,"SAN DIEGO","SAN DIEGO",,
8202935,2016,2017-01-09,3711,2016-11-30,1348,6366,,3,5,7,3711,0,0,0,,0,116,"BALBOA AV","STREET LIGHT #1276",67.00,W,N,A,-,N,,,,,,,,,,N,2,0,2,2,A,-,05,21650,1,N,A,G,A,A,H,-,A,D,0,,Y,,,Y,,L,04,1,1,0,0,0,0,2,0,0,"- ","- ",,,"SAN DIEGO","SAN DIEGO",,
8202988,2016,2017-01-14,3711,2016-12-21,1531,6425,SD,3,5,7,3711,0,0,0,,0,521,"11TH ST",BROADWAY,0.00,,Y,B,-,N,,,,,,,,,,N,4,0,1,2,A,-,17,21451,A,N,D,G,A,A,H,-,A,A,0,,Y,,,Y,,-,,0,0,1,0,0,0,1,0,0,"- ","- ",,,"SAN DIEGO","SAN DIEGO",-117.15473013,32.715740029999999
8202992,2016,2017-01-14,3711,2016-12-20,1920,7561,,2,5,7,3711,0,0,0,,0,833,"4400 WIGHTMAN ST","WIGHTMAN ST",0.00,,Y,B,-,N,,,,,,,,,,N,4,0,1,2,A,-,05,21651,B,M,A,-,A,A,H,-,C,D,0,,Y,,,Y,,-,"- ",0,0,1,0,0,0,1,0,0,"- ","- ",,,"SAN DIEGO","SAN DIEGO",-117.09976047000001,32.747898309999997
8203000,2016,2017-01-13,3711,2016-12-20,1850,7521,,2,5,7,3711,0,0,0,,0,628,"KETTNER BL","SASSAFRAS ST",0.00,,Y,A,-,N,,,,,,,,,,N,3,0,1,2,A,-,12,21453,A,M,H,G,A,A,-,-,C,A,0,,Y,,,Y,,L,04,0,1,0,0,0,0,1,0,0,"- ","- ",,,"SAN DIEGO","SAN DIEGO",-117.17674002,32.736870080000003
8203008,2016,2017-01-13,3711,2016-12-19,1830,6339,,1,5,7,3711,0,0,0,,0,242,"MIRA MESA BL","CAMINO RUIZ",100.00,E,N,A,-,N,,,,,,,,,,N,4,0,1,2,A,-,09,21804,,M,D,G,A,A,H,-,C,D,0,,Y,,,Y,,-,,0,0,1,0,0,0,1,0,0,"- ","- ",,,"SAN DIEGO","SAN DIEGO",-117.14367559,32.91283
8207690,2016,2017-01-13,3711,2016-12-28,1518,6817,"SAN D",3,5,7,3711,0,0,0,,0,123,"MISSION BAY DR","SEA WORLD DR",363.00,W,N,A,-,N,,,,,,,,,,N,3,0,1,2,A,-,08,22107,,N,B,G,A,A,H,-,A,D,0,,Y,,,Y,,L,04,0,1,0,0,0,0,1,0,0,"- ","- ",,,"SAN DIEGO","SAN DIEGO",-117.23117959,32.762037329999998
8207708,2016,2017-04-04,3711,2016-12-25,1956,6372,,7,5,7,3711,0,0,0,,0,123,"SEA WORLD DR","FRIARS RD",0.00,,Y,A,-,N,,,,,,,,,,Y,1,1,0,2,A,-,12,21453,A,N,D,G,A,A,H,-,C,A,0,,Y,,,Y,Y,L,04,0,0,0,0,0,1,0,0,0,"- ","- ",,,"SAN DIEGO","SAN DIEGO",-117.20969011,32.763540050000003
8207714,2016,2017-01-13,3711,2016-12-29,1415,7448,SD,4,5,7,3711,0,0,0,,0,934,"EL CAMINIO REAL","CARMEL VALLEY RD",528.00,S,N,A,-,N,,,,,,,,,,N,3,0,1,1,D,-,00,,,N,F,-,A,A,H,-,A,D,0,,Y,,,Y,,-,"- ",0,1,0,0,0,0,1,0,0,"- ","- ",,,"SAN DIEGO","SAN DIEGO",-117.23801389,32.933832590000002
8207722,2016,2017-01-13,3711,2016-12-24,1840,5972,,6,5,7,3711,0,0,0,,0,446,"47TH ST","IMPERIAL AV",0.00,,Y,B,-,N,,,,,,,,,,N,2,0,1,2,A,-,12,21453,A,N,H,G,A,A,H,-,C,A,0,,Y,,,Y,Y,L,04,1,0,0,0,0,0,1,0,0,"- ","- ",,,"SAN DIEGO","SAN DIEGO",-117.09370011999999,32.704150040000002
8207727,2016,2017-01-13,3711,2016-12-24,0600,7086,,6,5,7,3711,0,0,0,,0,821,"EL CAJON BL","COLLEGE AV",0.00,,Y,C,-,N,,,,,,,,,,N,4,0,1,2,A,-,12,22450,A,M,D,G,A,B,H,-,C,A,0,,Y,,,Y,,-,,0,0,1,0,0,0,1,0,0,"- ","- ",,,"SAN DIEGO","SAN DIEGO",-117.06703001,32.761350010000001
8207738,2016,2017-01-13,3711,2016-12-23,1427,7447,SAND,5,5,7,3711,0,0,0,,0,521,"K ST","15TH ST",30.00,W,N,B,-,N,,,,,,,,,,N,4,0,1,2,C,-,18,,,N,C,G,A,A,H,-,A,D,0,,Y,,,Y,,-,"- ",0,0,1,0,0,0,1,0,0,"- ","- ",,,"SAN DIEGO","SAN DIEGO",-117.15041720000001,32.708370000000002
8207766,2016,2017-01-17,3711,2016-11-06,1025,6914,3711,7,5,7,3711,0,0,0,,0,516,"IMPERIAL AV","33RD ST",120.00,E,N,A,-,N,,,,,,,,,,N,4,0,1,2,A,-,08,22107,,N,H,G,A,A,H,-,A,D,0,,Y,,,Y,,L,04,0,0,1,0,0,0,1,0,0,"- ","- ",,,"SAN DIEGO","SAN DIEGO",-117.12216119999999,32.706760000000003
8207953,2017,2017-01-18,3711,2017-01-01,1303,6461,,7,5,7,3711,0,0,0,,0,122,"GARNET AV","EVERTS ST",50.00,W,N,A,-,N,,,,,,,,,,N,3,0,1,2,A,-,17,22517,,N,-,E,A,A,H,-,A,D,0,,Y,,,Y,,A,01,0,1,0,0,0,0,1,0,0,"- ","- ",,,"SAN DIEGO","SAN DIEGO",-117.24832685,32.798105139999997