CASE_ID,ACCIDENT_YEAR,PROC_DATE,JURIS,COLLISION_DATE,COLLISION_TIME,OFFICER_ID,REPORTING_DISTRICT,DAY_OF_WEEK,CHP_SHIFT,POPULATION,CNTY_CITY_LOC,SPECIAL_COND,BEAT_TYPE,CHP_BEAT_TYPE,CITY_DIVISION_LAPD,CHP_BEAT_CLASS,BEAT_NUMBER,PRIMARY_RD,SECONDARY_RD,DISTANCE,DIRECTION,INTERSECTION,WEATHER_1,WEATHER_2,STATE_HWY_IND,CALTRANS_COUNTY,CALTRANS_DISTRICT,STATE_ROUTE,ROUTE_SUFFIX,POSTMILE_PREFIX,POSTMILE,LOCATION_TYPE,RAMP_INTERSECTION,SIDE_OF_HWY,TOW_AWAY,COLLISION_SEVERITY,NUMBER_KILLED,NUMBER_INJURED,PARTY_COUNT,PRIMARY_COLL_FACTOR,PCF_CODE_OF_VIOL,PCF_VIOL_CATEGORY,PCF_VIOLATION,PCF_VIOL_SUBSECTION,HIT_AND_RUN,TYPE_OF_COLLISION,MVIW,PED_ACTION,ROAD_SURFACE,ROAD_COND_1,ROAD_COND_2,LIGHTING,CONTROL_DEVICE,CHP_ROAD_TYPE,PEDESTRIAN_ACCIDENT,BICYCLE_ACCIDENT,MOTORCYCLE_ACCIDENT,TRUCK_ACCIDENT,NOT_PRIVATE_PROPERTY,ALCOHOL_INVOLVED,STWD_VEHTYPE_AT_FAULT,CHP_VEHTYPE_AT_FAULT,COUNT_SEVERE_INJ,COUNT_VISIBLE_INJ,COUNT_COMPLAINT_PAIN,COUNT_PED_KILLED,COUNT_PED_INJURED,COUNT_BICYCLIST_KILLED,COUNT_BICYCLIST_INJURED,COUNT_MC_KILLED,COUNT_MC_INJURED,PRIMARY_RAMP,SECONDARY_RAMP,LATITUDE,LONGITUDE,COUNTY,CITY,POINT_X,POINT_Y
8207993,2017,2017-02-15,3711,2017-01-02,1500,6339,,1,5,7,3711,0,0,0,,0,242,"HILLERY DR","BLACK MOUNTAIN RD",400.00,E,N,B,-,N,,,,,,,,,,Y,3,0,1,2,A,-,08,22107,,N,D,G,A,A,H,-,A,D,0,,Y,,,Y,,L,04,0,1,0,0,0,0,1,0,0,"- ","- ",,,"SAN DIEGO","SAN DIEGO",-117.12311156,32.912865910000001
8207997,2017,2017-01-18,3711,2017-01-01,1530,7077,"SAN D",7,5,7,3711,0,0,0,,0,315,"MISSION CENTER RD","MISSION CENTER RD 5100",0.00,,Y,A,-,N,,,,,,,,,,N,4,0,1,2,A,-,17,21461,A,N,D,G,A,A,H,-,A,A,0,,Y,,,Y,,A,01,0,0,1,0,0,0,1,0,0,"- ","- ",32.769500000000001,-117.15430000000001,"SAN DIEGO","SAN DIEGO",-117.15435416,32.769480100000003
8282409,2017,2017-02-06,3711,2017-01-06,1353,7490,,5,5,7,3711,0,0,0,,0,932,"TORREY PINES RD","TORREY PINES RD 12600",0.00,,N,A,-,N,,,,,,,,,,N,4,0,1,2,A,-,00,21760,C,N,-,G,A,A,H,-,A,D,0,,Y,,,Y,,A,01,0,0,1,0,0,0,1,0,0,"- ","- ",,,"SAN DIEGO","SAN DIEGO",,
8282671,2016,2017-01-25,3711,2016-12-27,1753,7564,"SAN D",2,5,7,3711,0,0,0,,0,242,"WESTONHILL DR",GOLDCOAST,2.00,N,N,A,-,N,,,,,,,,,,N,4,0,1,2,A,-,08,22100,,M,D,G,A,A,H,-,C,D,0,,Y,,,Y,,-,,0,0,1,0,0,0,1,0,0,"- ","- ",,,"SAN DIEGO","SAN DIEGO",-117.13553008,32.905765479999999
8282745,2017,2017-01-18,3711,2017-01-05,1540,7341,,4,5,7,3711,0,0,0,,0,623,"BACHMAN PL","HOTEL CIRCLE SOUTH",200.00,S,N,C,-,N,,,,,,,,,,N,3,0,1,2,A,-,08,22107,,N,D,G,A,B,H,-,A,D,0,,Y,,,Y,,-,,0,1,0,0,0,0,1,0,0,"- ","- ",,,"SAN DIEGO","SAN DIEGO",-117.16756909,32.760013229999998
8282828,2017,2017-01-27,3711,2017-01-08,1515,7434,,7,5,7,3711,0,0,0,,0,512,"S 30TH ST","GREELY AV",52.00,N,N,A,-,N,,,,,,,,,,N,3,0,1,2,A,-,09,21800,A,N,D,G,A,A,H,-,A,D,0,,Y,,,Y,,L,04,0,1,0,0,0,0,1,0,0,"- ","- ",,,"SAN DIEGO","SAN DIEGO",-117.12948347,32.698152409999999
8282832,2017,2017-01-27,3711,2017-01-07,1406,6841,SD,6,5,7,3711,0,0,0,,0,113,"MORAGA ST","GEDDES ST",300.00,N,N,A,-,N,,,,,,,,,,N,3,0,1,2,A,-,17,22517,,N,H,G,A,A,H,-,A,D,0,,Y,,,Y,,-,,0,1,0,0,0,0,1,0,0,"- ","- ",,,"SAN DIEGO","SAN DIEGO",-117.21466653,32.824661069999998
8282840,2017,2017-01-27,3711,2017-01-08,1215,7345,,7,5,7,3711,0,0,0,,0,116,"MORENA BL","MC GRAW ST",20.00,N,N,A,-,N,,,,,,,,,,,3,0,1,1,D,-,00,,,N,H,-,A,A,H,-,A,D,0,,Y,,,Y,,-,"- ",0,1,0,0,0,0,1,0,0,"- ","- ",,,"SAN DIEGO","SAN DIEGO",-117.20664124,32.79281177
8282856,2017,2017-01-27,3711,2017-01-07,1302,7298,SD,6,5,7,3711,0,0,0,,0,242,"CAMINO RUIZ","GOLD COAST DR",300.00,N,N,A,-,N,,,,,,,,,,N,4,0,1,2,A,-,08,22107,,N,B,G,A,A,H,-,A,D,0,,Y,,,Y,,A,01,0,0,1,0,0,0,1,0,0,"- ","- ",,,"SAN DIEGO","SAN DIEGO",-117.14612888000001,32.906148440000003
8282860,2017,2017-01-27,3711,2017-01-08,1145,4923,,7,5,7,3711,0,0,0,,0,233,"BLACK MOUNTAIN RD","CANYONSIDE PARK DR",12.00,S,N,A,-,N,,,,,,,,,,N,3,0,1,1,A,-,03,22350,,N,H,J,A,A,H,-,A,A,0,,Y,,,Y,,L,04,0,1,0,0,0,0,1,0,0,"- ","- ",,,"SAN DIEGO","SAN DIEGO",-117.12917029,32.940448160000003
8286908,2017,2017-01-25,3711,2017-01-10,1925,5672,,2,5,7,3711,0,0,0,,0,111,"CLAREMONT MESA BL","RT 805",0.00,,Y,A,-,N,,,,,,,,,,N,4,0,1,2,A,-,08,22107,,N,H,G,A,A,H,-,D,D,0,,Y,,,Y,,A,01,0,0,1,0,0,0,1,0,0,"- ","- ",,,"SAN DIEGO","SAN DIEGO",-117.16965008,32.833450089999999
8286919,2017,2017-01-25,3711,2017-01-11,0757,7546,,3,5,7,3711,0,0,0,,0,531,"6TH AV","SPRUCE ST",22.00,S,N,A,-,N,,,,,,,,,,N,3,0,1,2,A,-,"- ",,,N,C,G,A,B,H,-,A,D,0,,Y,,,Y,,A,01,0,1,0,0,0,0,1,0,0,"- ","- ",,,"SAN DIEGO","SAN DIEGO",-117.15942,32.738649729999999
8289372,2017,2017-01-27,3711,2017-01-13,1539,7545,NORTH,5,5,7,3711,0,0,0,,0,122,"OLIVER ST","DAWES ST",250.00,E,N,B,-,N,,,,,,,,,,N,3,0,1,1,A,-,15,21201,A,N,H,A,A,A,H,-,A,D,0,,Y,,,Y,,L,04,0,1,0,0,0,0,1,0,0,"- ","- ",,,"SAN DIEGO","SAN DIEGO",-117.24774496000001,32.793151600000002
8290627,2017,2017-02-03,3711,2017-01-18,0711,7550,SANDI,3,5,7,3711,0,0,0,,0,114,"GENESEE AV","LEHRER DR",27.00,N,N,A,-,N,,,,,,,,,,N,4,0,1,2,A,-,08,22107,,N,G,G,A,A,H,-,A,A,0,,Y,,,Y,,L,04,0,0,1,0,0,0,1,0,0,"- ","- ",,,"SAN DIEGO","SAN DIEGO",-117.19594585999999,32.83780067
8292082,2017,2017-12-26,3711,2017-03-10,1545,6923,,5,5,7,3711,0,0,0,,0,122,"MISSION BAY DR","GARNET AV",0.00,,Y,A,-,N,,,,,,,,,,N,4,0,1,1,-,-,"- ",,,N,E,I,A,A,H,-,A,A,0,,Y,,,Y,,-,"- ",0,0,1,0,0,0,1,0,0,"- ","- ",,,"SAN DIEGO","SAN DIEGO",-117.21897002,32.806150099999996
8292094,2017,2017-04-08,3711,2017-03-04,1245,7222,SANDI,6,5,7,3711,0,0,0,,0,529,"5TH AV","5TH AV 2800",0.00,,N,A,-,N,,,,,,,,,,N,3,0,1,2,A,-,03,22350,,N,E,E,A,A,H,-,A,D,0,,Y,,,Y,,L,04,0,1,0,0,0,0,1,0,0,"- ","- ",,,"SAN DIEGO","SAN DIEGO",-117.16033100999999,32.734679280000002
8292861,2017,2018-03-22,3711,2017-04-01,1018,6641,,6,5,7,3711,0,0,0,,0,934,"CARMEL VALLEY RD","RT 5",236.00,W,N,A,-,N,,,,,,,,,,N,3,0,1,1,C,-,18,,,N,H,A,A,A,G,-,A,D,0,,Y,,,Y,,-,"- ",0,1,0,0,0,0,1,0,0,"- ",NF,,,"SAN DIEGO","SAN DIEGO",-117.24197578,32.931969359999997
8295281,2017,2017-12-26,3711,2017-01-21,0902,6764,,6,5,7,3711,0,0,0,,0,531,"PERSHING DR","FLORIDA ST",868.00,W,N,B,-,N,,,,,,,,,,N,3,0,1,2,A,-,03,22350,,N,C,G,A,A,H,-,A,D,0,,Y,,,Y,,A,01,0,1,0,0,0,0,1,0,0,"- ","- ",,,"SAN DIEGO","SAN DIEGO",-117.14460022,32.721034439999997
8295295,2017,2017-02-10,3711,2017-01-21,1542,7314,,6,5,7,3711,0,0,0,,0,122,"CASS ST","FELSPAR ST",6.00,S,N,A,-,N,,,,,,,,,,,3,0,1,2,A,-,09,21801,A,N,B,G,A,A,H,-,A,A,0,,Y,,,Y,Y,-,,0,1,0,0,0,0,1,0,0,"- ","- ",,,"SAN DIEGO","SAN DIEGO",-117.25211504000001,32.798254100000001
8304004,2016,2017-09-08,3711,2016-11-10,2220,6815,SANDI,4,5,7,3711,0,0,0,,0,614,"SUNSET CLIFFS BL","CAPE MAY AV",0.00,,Y,A,-,N,,,,,,,,,,N,2,0,1,2,A,-,09,21801,A,N,D,G,A,A,H,-,C,D,0,,Y,,,Y,,A,01,1,0,0,0,0,0,1,0,0,"- ","- ",,,"SAN DIEGO","SAN DIEGO",-117.24545003,32.747260050000001
8304016,2017,2017-03-23,3711,2017-01-30,0826,6817,SANDI,1,5,7,3711,0,0,0,,0,124,"OLIVETAS AV","COAST BL",15.00,N,N,A,-,N,,,,,,,,,,N,3,0,1,2,A,-,03,22350,,N,D,G,A,A,H,-,A,D,0,,Y,,,Y,,-,,0,1,0,0,0,0,1,0,0,"- ","- ",,,"SAN DIEGO","SAN DIEGO",,
8304048,2017,2017-03-23,3711,2017-01-25,0817,7416,SANDI,3,5,7,3711,0,0,0,,0,522,"FRONT ST","W ISLAND AV",1.00,S,N,A,-,N,,,,,,,,,,N,4,0,1,2,A,-,12,21453,A,N,D,G,A,A,H,-,A,A,0,,Y,,,Y,,A,01,0,0,1,0,0,0,1,0,0,"- ","- ",,,"SAN DIEGO","SAN DIEGO",-117.16469015,32.710437259999999
8304092,2017,2017-02-08,3711,2017-01-26,1210,7553,,4,5,7,3711,0,0,0,,0,122,DIAMOND,LAMONT,0.00,,Y,A,-,N,,,,,,,,,,N,3,0,1,2,A,-,09,21802,A,N,D,G,A,A,H,-,A,D,0,,Y,,,Y,,-,,0,1,0,0,0,0,1,0,0,"- ","- ",,,"SAN DIEGO","SAN DIEGO",-117.23618001,32.803770110000002
8304151,2017,2017-02-08,3711,2017-01-17,2300,7511,,2,5,7,3711,0,0,0,,0,524,"6TH AV",BROADWAY,4.00,S,N,A,-,N,,,,,,,,,,N,4,0,1,2,A,-,10,21950,A,M,D,G,A,A,H,-,C,A,0,,Y,,,Y,,-,,0,0,1,0,0,0,1,0,0,"- ","- ",,,"SAN DIEGO","SAN DIEGO",-117.15924990000001,32.715699039999997
8304562,2017,2017-02-21,3711,2017-01-28,1214,6926,,6,5,7,3711,0,0,0,,0,122,"THOMAS AV","DAWES ST",90.00,W,N,A,-,N,,,,,,,,,,N,3,0,1,1,D,-,00,,,N,H,A,A,A,H,-,A,D,0,,Y,,,Y,,-,"- ",0,1,0,0,0,0,1,0,0,"- ","- ",,,"SAN DIEGO","SAN DIEGO",-117.24940122,32.794813830000002
8304599,2017,2017-02-14,3711,2017-01-31,1530,7503,,2,5,7,3711,0,0,0,,0,529,"6TH AV","THORN ST",9.00,S,N,A,-,N,,,,,,,,,,N,4,0,1,2,A,-,09,21801,A,N,D,G,A,A,H,-,A,D,0,,Y,,,Y,,A,01,0,0,1,0,0,0,1,0,0,"- ","- ",,,"SAN DIEGO","SAN DIEGO",-117.15942973,32.739725350000001
8305276,2017,2017-02-22,3711,2017-02-02,1340,6869,,4,5,7,3711,0,0,0,,0,826,"WINONA AV","ORANGE AV",25.00,W,N,A,-,N,,,,,,,,,,N,4,0,2,2,B,-,22,,,N,B,E,A,A,H,-,A,A,0,,Y,,,Y,,-,"- ",0,0,2,0,0,0,2,0,0,"- ","- ",,,"SAN DIEGO","SAN DIEGO",-117.08793,32.753050000000002
8305487,2017,2017-02-27,3711,2017-01-31,1615,7460,,2,5,7,3711,0,0,0,,0,627,"6TH AV","PENNSYLVANIA AV",0.00,,Y,A,-,N,,,,,,,,,,N,3,0,1,2,A,-,09,21801,A,M,H,G,A,A,D,-,B,A,0,,Y,,,Y,,A,01,0,1,0,0,0,0,1,0,0,"- ","- ",,,"SAN DIEGO","SAN DIEGO",-117.15957,32.745130039999999
8305698,2017,2017-02-15,3711,2017-01-31,1600,7425,,2,5,7,3711,0,0,0,,0,124,"500 PEARL ST","PEARL ST",3.00,S,N,A,-,N,,,,,,,,,,N,4,0,1,2,A,-,04,21703,,N,C,G,A,A,H,-,A,A,0,,Y,,,Y,,L,04,0,0,1,0,0,0,1,0,0,"- ","- ",,,"SAN DIEGO","SAN DIEGO",-117.27850735,32.839117549999997
8305747,2017,2017-02-16,3711,2017-02-05,1801,7200,,7,5,7,3711,0,0,0,,0,122,"GARNET AV","EVERTS ST",4.00,W,N,B,-,N,,,,,,,,,,N,4,0,1,2,A,-,03,22350,,N,C,G,A,A,H,-,C,A,0,,Y,,,Y,,-,,0,0,1,0,0,0,1,0,0,"- ","- ",,,"SAN DIEGO","SAN DIEGO",-117.24818255,32.79813721
8307458,2016,2017-05-04,3711,2016-07-14,1540,7230,,4,5,7,3711,0,0,0,,0,512,"29TH ST","IMPERIAL AV",10.00,S,N,A,-,N,,,,,,,,,,N,4,0,1,2,A,-,09,21802,A,N,D,G,A,A,H,-,A,A,0,,Y,,,Y,,-,,0,0,1,0,0,0,1,0,0,"- ","- ",,,"SAN DIEGO","SAN DIEGO",-117.13209895,32.70636262
8308093,2017,2017-03-30,3711,2017-02-23,2250,4576,,4,5,7,3711,0,0,0,,0,711,"HOLLISTER ST","SUNSET AV",3696.00,S,N,A,-,N,,,,,,,,,,N,3,0,1,2,A,-,05,21202,A,N,D,G,A,A,H,-,D,D,0,,Y,,,Y,,L,04,0,1,0,0,0,0,1,0,0,"- ","- ",,,"SAN DIEGO","SAN DIEGO",-117.08409926,32.548047779999997
8313043,2017,2017-03-03,3711,2017-02-08,1846,7435,,3,5,7,3711,0,0,0,,0,124,"VIA CAPRI","VIA SIENA",60.00,S,N,E,-,N,,,,,,,,,,N,4,0,1,2,A,-,08,22107,,M,H,G,A,A,H,-,D,D,0,,Y,,,Y,,-,,0,0,1,0,0,0,1,0,0,"- ","- ",,,"SAN DIEGO","SAN DIEGO",-117.25280277,32.844252410000003
8313362,2017,2018-02-12,3711,2017-02-13,1007,7428,"SAN D",1,5,7,3711,0,0,0,,0,126,"GENESEE AV","RT 5",0.00,,Y,A,-,Y,SD,11,5,-,-,29.628,R,4,N,N,3,0,1,1,B,-,22,,,N,H,A,A,A,H,-,A,D,0,,Y,,,Y,,L,04,0,1,0,0,0,0,1,0,0,"- ",SF,,,"SAN DIEGO","SAN DIEGO",-117.22745442999999,32.889001980000003
8313366,2017,2017-03-03,3711,2017-02-12,1050,7159,,7,5,7,3711,0,0,0,,0,122,"CORONA ORIENTE RD","CROWN POINT DR",0.00,,N,A,-,N,,,,,,,,,,N,3,0,1,1,A,-,00,22351,,N,G,A,A,A,G,-,A,D,0,,Y,,,Y,,L,04,0,1,0,0,0,0,1,0,0,"- ","- ",,,"SAN DIEGO","SAN DIEGO",-117.23437009,32.782420070000001
8313370,2017,2017-02-27,3711,2017-02-12,0937,7525,,7,5,7,3711,0,0,0,,0,122,"GARNET AV","JEWELL ST",0.00,,Y,A,-,N,,,,,,,,,,N,4,0,1,2,A,-,12,21453,A,N,D,G,A,A,H,-,A,A,0,,Y,,,Y,,L,04,0,0,1,0,0,0,1,0,0,"- ","- ",32.800260000000002,-117.23904,"SAN DIEGO","SAN DIEGO",-117.2389701,32.800200080000003
8313389,2017,2017-02-27,3711,2017-02-13,1000,6976,"SAN D",1,5,7,3711,0,0,0,,0,611,ROSECRANS,KURTZ,0.00,,Y,A,-,N,,,,,,,,,,N,3,0,1,2,A,-,06,21750,,N,D,G,A,A,H,-,A,A,0,,Y,,,Y,,-,,0,1,0,0,0,0,1,0,0,"- ","- ",,,"SAN DIEGO","SAN DIEGO",-117.20388007,32.752310110000003
8313394,2017,2017-02-27,3711,2017-02-09,0739,5600,,4,5,7,3711,0,0,0,,0,813,"MYRTLE AV","ARNOLD AV",0.00,,Y,A,-,N,,,,,,,,,,N,2,0,1,2,A,-,12,22450,A,N,D,G,A,A,H,-,A,A,0,,Y,,,Y,,L,04,1,0,0,0,0,0,1,0,0,"- ","- ",,,"SAN DIEGO","SAN DIEGO",-117.13680004,32.742110080000003
8313628,2017,2017-03-23,3711,2017-02-15,0729,4759,NORTH,3,5,7,3711,0,0,0,,0,123,"MISSION BAY DR","CLAIREMONT DR",45.00,E,N,E,-,N,,,,,,,,,,N,4,0,1,2,A,-,09,21802,A,N,B,G,A,A,H,-,A,A,0,,Y,,,Y,,-,,0,0,1,0,0,0,1,0,0,"- ","- ",,,"SAN DIEGO","SAN DIEGO",-117.20916717,32.790188239999999
8316111,2017,2017-02-23,3711,2017-02-09,1606,7628,,4,5,7,3711,0,0,0,,0,521,"16TH ST","G ST",0.00,,Y,A,-,N,,,,,,,,,,N,3,0,1,2,A,-,09,21801,A,M,D,G,A,A,H,-,A,A,0,,Y,,,Y,,-,,0,1,0,0,0,0,1,0,0,"- ","- ",,,"SAN DIEGO","SAN DIEGO",-117.14949011,32.71261002
8318992,2017,2017-02-27,3711,2017-02-13,0902,6327,SDPD,1,5,7,3711,0,0,0,,0,935,"SAN DIEGUITO RD","CAMINHO PACIFIC TRL",2112.00,E,N,A,-,N,,,,,,,,,,N,3,0,1,1,A,-,03,22350,,N,E,-,A,A,D,-,A,D,0,,Y,,,Y,,L,04,0,1,0,0,0,0,1,0,0,"- ","- ",,,"SAN DIEGO","SAN DIEGO",,
8319426,2017,2017-11-15,3711,2017-02-18,1755,4386,,6,5,7,3711,0,0,0,,0,611,"ROSECRANS ST","MIDWAY DR",282.00,N,N,C,-,N,,,,,,,,,,N,3,0,1,1,A,-,08,22107,,N,E,I,A,B,H,-,C,A,0,,Y,,,Y,Y,L,04,0,1,0,0,0,0,1,0,0,"- ","- ",,,"SAN DIEGO","SAN DIEGO",-117.20564622000001,32.750333159999997
8321260,2017,2017-03-10,3711,2017-02-25,1221,7448,SD,6,5,7,3711,0,0,0,,0,934,"EL CAMINIO REAL","TORREY RESERVE DRWY",130.00,S,N,A,-,N,,,,,,,,,,N,3,0,1,1,A,-,03,22350,,N,F,A,A,A,H,-,A,D,0,,Y,,,Y,,L,04,0,1,0,0,0,0,1,0,0,"- ","- ",,,"SAN DIEGO","SAN DIEGO",-117.23802726,32.927329370000002
8323489,2017,2017-03-16,3711,2017-02-28,1240,7042,,2,5,7,3711,0,0,0,,0,623,"FRIARS RD","VIA DE LA MODA WY",320.00,E,N,A,-,N,,,,,,,,,,N,3,0,1,1,A,-,03,22350,,N,H,A,A,A,H,-,A,D,0,,Y,,,Y,,L,04,0,1,0,0,0,0,1,0,0,"- ","- ",,,"SAN DIEGO","SAN DIEGO",-117.16865669000001,32.769752590000003
8323524,2017,2017-03-16,3711,2017-02-27,1647,7245,,1,5,7,3711,0,0,0,,0,512,"22ND ST","IMPERIAL AV",0.00,,Y,B,C,N,,,,,,,,,,N,4,0,1,2,A,-,09,21802,A,N,D,G,A,B,H,-,B,A,0,,Y,,,Y,,-,,0,0,1,0,0,0,1,0,0,"- ","- ",,,"SAN DIEGO","SAN DIEGO",-117.14396012,32.706290039999999
8323560,2017,2017-03-16,3711,2017-02-27,1018,7255,SD,1,5,7,3711,0,0,0,,0,627,"7TH ST","UNIVERSITY AV",3.00,W,N,C,-,N,,,,,,,,,,N,4,0,1,2,A,-,09,21801,A,N,H,G,A,B,H,-,A,A,0,,Y,,,Y,,A,01,0,0,1,0,0,0,1,0,0,"- ","- ",,,"SAN DIEGO","SAN DIEGO",-117.15837000000001,32.748379999999997
8326124,2017,2017-05-30,3711,2017-02-17,1147,7381,,5,5,7,3711,0,0,0,,0,524,"WEST ASH ST","STATE ST",40.00,E,N,A,-,N,,,,,,,,,,N,3,0,1,2,A,-,08,22107,,N,B,G,A,A,H,-,A,A,0,,Y,,,Y,,A,01,0,1,0,0,0,0,1,0,0,"- ","- ",,,"SAN DIEGO","SAN DIEGO",-117.16637039,32.719858530000003
8326132,2017,2017-05-24,3711,2017-02-25,0911,5046,,6,5,7,3711,0,0,0,,0,521,BROADWAY,"14TH ST",0.00,,Y,A,-,N,,,,,,,,,,N,3,0,1,2,A,-,08,22107,,N,B,G,A,A,A,-,A,D,0,,Y,,,Y,,L,04,0,1,0,0,0,0,1,0,0,"- ","- ",,,"SAN DIEGO","SAN DIEGO",-117.15194001,32.715760099999997
8326152,2017,2017-03-21,3711,2017-02-25,1314,6837,,6,5,7,3711,0,0,0,,0,517,"26TH ST","B ST",60.00,N,N,A,-,N,,,,,,,,,,N,4,0,1,2,A,-,09,21804,A,N,D,G,A,A,C,-,A,D,0,,Y,,,Y,,A,01,0,0,1,0,0,0,1,0,0,"- ","- ",,,"SAN DIEGO","SAN DIEGO",-117.13822999999999,32.718084359999999
8326695,2017,2017-04-25,3711,2017-03-05,1105,6469,,7,5,7,3711,0,0,0,,0,813,"TEXAS ST","TEXAS ST 4600",39.00,N,N,B,-,N,,,,,,,,,,N,3,0,1,1,D,-,00,,,N,H,-,A,A,H,-,A,-,0,,Y,,,Y,,-,"- ",0,1,0,0,0,0,1,0,0,"- ","- ",,,"SAN DIEGO","SAN DIEGO",,
8326727,2017,2017-04-05,3711,2017-03-06,1915,5531,,1,5,7,3711,0,0,0,,0,121,"EL CARMEL PL","BAYSIDE WALK",0.00,,Y,A,-,N,,,,,,,,,,N,4,0,1,2,A,-,12,22450,A,N,-,G,A,A,H,-,C,A,0,,Y,,,Y,,L,04,0,0,1,0,0,0,1,0,0,"- ","- ",,,"SAN DIEGO","SAN DIEGO",-117.25169006,32.778340120000003
8326798,2017,2017-04-01,3711,2017-03-01,1300,4759,,3,5,7,3711,0,0,0,,0,122,"GARNET AV","FOGG ST",15.00,E,N,A,-,N,,,,,,,,,,N,4,0,1,2,A,-,09,21801,A,N,D,G,A,A,H,-,A,D,0,,Y,,,Y,,-,,0,0,1,0,0,0,1,0,0,"- ","- ",,,"SAN DIEGO","SAN DIEGO",-117.2260641,32.803267740000003
8328196,2017,2017-03-20,3711,2017-03-07,1650,7343,,2,5,7,3711,0,0,0,,0,325,"ELMCREST DR","ELMCREST DR 6400",0.00,,-,A,-,N,,,,,,,,,,N,4,0,1,1,C,-,18,,,N,H,A,A,A,H,-,A,D,0,,Y,,,Y,,-,"- ",0,0,1,0,0,0,1,0,0,"- ","- ",,,"SAN DIEGO","SAN DIEGO",-117.04595983,32.793576739999999
8328940,2017,2017-03-27,3711,2017-03-08,1554,6896,,3,5,7,3711,0,0,0,,0,,"VAN DYKE AV","ORANGE AV",0.00,,Y,A,-,N,,,,,,,,,,N,3,0,1,3,A,-,21,22106,,N,D,B,B,A,H,-,A,D,0,Y,Y,,,Y,,-,,0,1,0,0,1,0,0,0,0,"- ","- ",,,"SAN DIEGO","SAN DIEGO",-117.10318009,32.753180120000003
8329107,2017,2017-03-28,3711,2017-03-06,1520,7541,,1,5,7,3711,0,0,0,,0,934,"BANFIELD LN","HARTFIELD LN",0.00,,Y,A,-,N,,,,,,,,,,N,3,0,1,2,A,-,11,21950,B,N,B,G,A,A,H,-,A,A,0,,Y,,,Y,,L,04,0,1,0,0,0,0,1,0,0,"- ","- ",,,"SAN DIEGO","SAN DIEGO",-117.23129011,32.958630059999997
8330082,2017,2017-03-29,3711,2017-03-17,0855,4491,,5,5,7,3711,0,0,0,,0,432,GROVELAND,"SAN JACINTO",0.00,,Y,A,-,N,,,,,,,,,,Y,3,0,1,2,A,-,12,22450,A,N,D,G,A,A,H,-,A,A,0,,Y,,,Y,,L,04,0,1,0,0,0,0,1,0,0,"- ","- ",,,"SAN DIEGO","SAN DIEGO",-117.08314009,32.707700060000001
8330974,2017,2017-04-04,3711,2017-03-24,1746,6443,,5,5,7,3711,0,0,0,,0,811,"MEADE AV","CHEROKEE AV",0.00,,Y,A,-,N,,,,,,,,,,N,2,0,1,2,A,-,12,22450,A,N,D,G,A,A,H,-,A,A,0,,Y,,,Y,Y,L,04,1,0,0,0,0,0,1,0,0,"- ","- ",,,"SAN DIEGO","SAN DIEGO",-117.1147101,32.757150080000002
8330978,2017,2017-04-04,3711,2017-03-23,1710,7538,,4,5,7,3711,0,0,0,,0,824,"FAIRMOUNT AV","ALDINE DR",4224.00,N,N,A,-,N,,,,,,,,,,N,3,0,1,2,A,-,08,22107,,N,B,G,A,A,H,-,A,D,0,,Y,,,Y,,L,04,0,1,0,0,0,0,1,0,0,"- ","- ",,,"SAN DIEGO","SAN DIEGO",-117.09788743999999,32.774172800000002
8333329,2016,2017-09-05,3711,2016-09-10,1545,,,6,5,7,3711,0,0,0,,0,,"QUALCOMM WY","RT 8",55.00,S,N,A,-,Y,SD,11,8,-,-,3.759,R,4,E,N,2,0,1,2,A,-,07,21658,A,N,B,G,A,A,H,-,A,A,0,,Y,,,Y,,L,04,1,0,0,0,0,0,1,0,0,"- ","- ",,,"SAN DIEGO","SAN DIEGO",-117.14207292,32.769003320000003
8334680,2017,2017-03-30,3711,2017-03-13,1809,4643,,1,5,7,3711,0,0,0,,0,824,"44TH ST","MONROE AV",695.00,N,N,A,-,N,,,,,,,,,,N,2,0,1,2,A,-,17,22517,,N,B,G,A,A,H,-,A,D,0,,Y,,,Y,,A,01,1,0,0,0,0,0,1,0,0,"- ","- ",,,"SAN DIEGO","SAN DIEGO",-117.09852081,32.760564780000003
8334723,2017,2017-03-30,3711,2017-03-20,1615,4849,,1,5,7,3711,0,0,0,,0,521,"IMPERIAL AV","16TH ST",90.00,W,N,A,-,N,,,,,,,,,,N,4,0,1,1,A,-,03,22350,,N,F,A,A,A,H,-,A,A,0,,Y,,,Y,,L,04,0,0,1,0,0,0,1,0,0,"- ","- ",,,"SAN DIEGO","SAN DIEGO",-117.14974158,32.706283239999998
8334906,2017,2017-03-28,3711,2017-03-11,1400,7509,CENTR,6,5,7,3711,0,0,0,,0,521,"16TH ST","J ST",0.00,,Y,A,-,N,,,,,,,,,,N,4,0,1,2,A,-,05,21650,1,N,G,G,A,A,H,-,A,A,0,,Y,,,Y,,L,04,0,0,1,0,0,0,1,0,0,"- ","- ",,,"SAN DIEGO","SAN DIEGO",-117.14944002,32.709410089999999