CASE_ID,ACCIDENT_YEAR,PROC_DATE,JURIS,COLLISION_DATE,COLLISION_TIME,OFFICER_ID,REPORTING_DISTRICT,DAY_OF_WEEK,CHP_SHIFT,POPULATION,CNTY_CITY_LOC,SPECIAL_COND,BEAT_TYPE,CHP_BEAT_TYPE,CITY_DIVISION_LAPD,CHP_BEAT_CLASS,BEAT_NUMBER,PRIMARY_RD,SECONDARY_RD,DISTANCE,DIRECTION,INTERSECTION,WEATHER_1,WEATHER_2,STATE_HWY_IND,CALTRANS_COUNTY,CALTRANS_DISTRICT,STATE_ROUTE,ROUTE_SUFFIX,POSTMILE_PREFIX,POSTMILE,LOCATION_TYPE,RAMP_INTERSECTION,SIDE_OF_HWY,TOW_AWAY,COLLISION_SEVERITY,NUMBER_KILLED,NUMBER_INJURED,PARTY_COUNT,PRIMARY_COLL_FACTOR,PCF_CODE_OF_VIOL,PCF_VIOL_CATEGORY,PCF_VIOLATION,PCF_VIOL_SUBSECTION,HIT_AND_RUN,TYPE_OF_COLLISION,MVIW,PED_ACTION,ROAD_SURFACE,ROAD_COND_1,ROAD_COND_2,LIGHTING,CONTROL_DEVICE,CHP_ROAD_TYPE,PEDESTRIAN_ACCIDENT,BICYCLE_ACCIDENT,MOTORCYCLE_ACCIDENT,TRUCK_ACCIDENT,NOT_PRIVATE_PROPERTY,ALCOHOL_INVOLVED,STWD_VEHTYPE_AT_FAULT,CHP_VEHTYPE_AT_FAULT,COUNT_SEVERE_INJ,COUNT_VISIBLE_INJ,COUNT_COMPLAINT_PAIN,COUNT_PED_KILLED,COUNT_PED_INJURED,COUNT_BICYCLIST_KILLED,COUNT_BICYCLIST_INJURED,COUNT_MC_KILLED,COUNT_MC_INJURED,PRIMARY_RAMP,SECONDARY_RAMP,LATITUDE,LONGITUDE,COUNTY,CITY,POINT_X,POINT_Y
8334927,2017,2017-03-29,3711,2017-03-13,1640,7425,,1,5,7,3711,0,0,0,,0,113,"DAMON AV","SANTA FE ST",250.00,W,N,A,-,N,,,,,,,,,,N,4,0,1,2,A,-,08,22107,,F,A,G,A,A,H,-,A,D,0,,Y,,,Y,Y,L,04,0,0,1,0,0,0,1,0,0,"- ","- ",,,"SAN DIEGO","SAN DIEGO",-117.21757678,32.80972096
8335149,2017,2017-04-05,3711,2017-02-19,0837,6532,,7,5,7,3711,0,0,0,,0,615,"KEATS ST","KEATS ST 3100",0.00,,N,B,-,N,,,,,,,,,,N,3,0,1,2,A,-,03,22350,,M,C,G,A,B,H,-,A,D,0,,Y,,,Y,,-,99,0,1,0,0,0,0,1,0,0,"- ","- ",,,"SAN DIEGO","SAN DIEGO",-117.22737193,32.728618840000003
8335368,2017,2017-04-11,3711,2017-03-18,2047,6372,,6,5,7,3711,0,0,0,,0,622,"MARIAN WY","LINDA VISTA RD",379.00,N,N,B,-,N,,,,,,,,,,N,3,0,1,2,A,-,08,22107,,N,A,G,A,A,H,-,C,D,0,,Y,,,Y,,L,04,0,1,0,0,0,0,1,0,0,"- ","- ",,,"SAN DIEGO","SAN DIEGO",-117.19532234,32.768707339999999
8335461,2017,2017-04-08,3711,2017-03-17,0555,7396,SANDI,5,5,7,3711,0,0,0,,0,521,"J ST","J ST 1700",1.00,N,N,A,-,N,,,,,,,,,,N,3,0,1,2,A,-,12,21453,A,N,D,G,A,A,H,-,B,A,0,,Y,,,Y,,L,04,0,1,0,0,0,0,1,0,0,"- ","- ",,,"SAN DIEGO","SAN DIEGO",-117.14854269999999,32.709388619999999
8336216,2017,2017-04-15,3711,2017-04-05,2220,6960,,3,5,7,3711,0,0,0,,0,122,"INGRAHAM ST","MISSOURI ST",50.00,S,N,A,-,N,,,,,,,,,,N,3,0,1,1,D,-,00,,,N,H,-,A,A,H,-,C,D,0,,Y,,,Y,Y,-,"- ",0,1,0,0,0,0,1,0,0,"- ","- ",,,"SAN DIEGO","SAN DIEGO",-117.24197137,32.80332696
8336227,2017,2017-04-15,3711,2017-03-19,1745,7264,,7,5,7,3711,0,0,0,,0,623,"HOTEL CIRCLE SOUTH","BACHMAN PL",340.00,E,N,A,-,N,,,,,,,,,,N,4,0,1,2,A,-,"- ",,,N,B,G,A,A,H,-,A,D,0,,Y,,,Y,,-,,0,0,1,0,0,0,1,0,0,"- ","- ",,,"SAN DIEGO","SAN DIEGO",-117.16653513999999,32.760693240000002
8336308,2017,2017-04-19,3711,2017-04-05,1543,6328,,3,5,7,3711,0,0,0,,0,627,"UNIVERSITY AV","UNIVERSITY AV 700",3.00,N,N,A,-,N,,,,,,,,,,N,3,0,1,2,A,-,03,22350,,N,D,G,A,A,C,E,A,A,0,,Y,,,Y,Y,L,04,0,1,0,0,0,0,1,0,0,"- ","- ",,,"SAN DIEGO","SAN DIEGO",,
8336553,2017,2017-04-25,3711,2017-03-28,1505,4643,,2,5,7,3711,0,0,0,,0,813,"30TH ST","POLK AV",75.00,S,N,A,-,N,,,,,,,,,,N,4,0,1,2,A,-,17,22517,,N,B,G,A,A,H,-,A,D,0,,Y,,,Y,,J,48,0,0,1,0,0,0,1,0,0,"- ","- ",,,"SAN DIEGO","SAN DIEGO",-117.13019568,32.752024589999998
8337067,2017,2017-06-02,3711,2017-04-27,0922,7198,,4,5,7,3711,0,0,0,,0,541,"PARK BL","IMPERIAL AV",0.00,,Y,A,-,N,,,,,,,,,,N,3,0,1,2,A,-,12,21453,A,N,H,G,A,A,D,-,A,A,0,,Y,,,Y,,L,04,0,1,0,0,0,0,1,0,0,"- ","- ",,,"SAN DIEGO","SAN DIEGO",-117.15596011,32.706530059999999
8337330,2017,2017-04-07,3711,2017-03-22,1115,7154,,3,5,7,3711,0,0,0,,0,627,"WASHINGTON ST","3RD AV",180.00,W,N,B,-,N,,,,,,,,,,N,4,0,1,2,A,-,"- ",,I,N,D,G,A,A,H,-,A,D,0,,Y,,,Y,,L,04,0,0,1,0,0,0,1,0,0,"- ","- ",,,"SAN DIEGO","SAN DIEGO",-117.1633234,32.749970439999998
8338427,2017,2017-04-10,3711,2017-03-25,0145,6146,,6,5,7,3711,0,0,0,,0,122,"EMERALD ST","CASS ST",66.00,E,N,A,-,N,,,,,,,,,,N,3,0,1,1,A,-,03,22350,,N,F,-,A,A,H,-,C,D,0,,Y,,,Y,Y,L,04,0,1,0,0,0,0,1,0,0,"- ","- ",,,"SAN DIEGO","SAN DIEGO",-117.25220453,32.7992408
8338698,2017,2017-04-10,3711,2017-03-28,1815,7006,,2,5,7,3711,0,0,0,,0,826,"TROJAN AV","51ST ST",0.00,,Y,B,-,N,,,,,,,,,,N,4,0,1,2,A,-,09,21801,A,N,B,G,A,A,H,-,B,D,0,,Y,,,Y,,-,,0,0,1,0,0,0,1,0,0,"- ","- ",,,"SAN DIEGO","SAN DIEGO",-117.08468010999999,32.754890009999997
8343731,2017,2017-04-19,3711,2017-03-30,2222,7606,MC,4,5,7,3711,0,0,0,,0,813,"HOWARD AV","IDAHO ST",0.00,,Y,A,-,N,,,,,,,,,,N,4,0,1,1,A,-,08,22107,,N,A,I,A,A,H,-,C,D,0,,Y,,,Y,Y,L,04,0,0,1,0,0,0,1,0,0,"- ","- ",,,"SAN DIEGO","SAN DIEGO",-117.13385008,32.754040009999997
8343743,2017,2017-04-14,3711,2017-03-29,1343,7464,SDPD,3,5,7,3711,0,0,0,,0,839,"UNIVERSITY AV","SWIFT AV",0.00,,Y,A,-,N,,,,,,,,,,N,4,0,1,2,A,-,03,22350,,N,D,G,A,A,H,-,A,A,0,,Y,,,Y,,L,04,0,0,1,0,0,0,1,0,0,"- ","- ",,,"SAN DIEGO","SAN DIEGO",-117.11928004000001,32.749770030000001
8344557,2017,2017-04-14,3711,2017-03-04,0939,5046,,6,5,7,3711,0,0,0,,0,315,"FRIARS RD","FRAZEE RD",663.00,E,N,B,-,N,,,,,,,,,,N,2,0,1,1,C,-,18,,,N,H,I,A,A,G,-,A,D,0,,Y,,,Y,,-,"- ",1,0,0,0,0,0,1,0,0,"- ","- ",,,"SAN DIEGO","SAN DIEGO",-117.15604515,32.774000710000003
8346104,2017,2017-04-18,3711,2017-04-10,0710,7526,,1,5,7,3711,0,0,0,,0,723,"PALM AV","BEYER BL",0.00,,Y,A,-,N,,,,,,,,,,N,4,0,1,2,A,-,12,21453,A,N,B,G,A,A,H,-,A,A,0,,Y,,,Y,,L,04,0,0,1,0,0,0,1,0,0,"- ","- ",32.583750000000002,-117.0711,"SAN DIEGO","SAN DIEGO",-117.07124005,32.583880069999999
8346225,2017,2017-04-19,3711,2017-04-08,1705,5791,,6,5,7,3711,0,0,0,,0,,"EL CAJON BL","56TH ST",0.00,,Y,B,-,N,,,,,,,,,,N,3,0,1,1,A,-,"- ",,,N,B,I,A,A,H,-,A,D,0,,Y,,,Y,,L,04,0,1,0,0,0,0,1,0,0,"- ","- ",,,"SAN DIEGO","SAN DIEGO",-117.07492003,32.758470019999997
8347208,2017,2017-04-17,3711,2017-04-05,1719,6052,,3,5,7,3711,0,0,0,,0,521,"IMPERIAL AV","12TH AV",35.00,W,N,A,-,N,,,,,,,,,,N,4,0,1,2,A,-,05,21202,A,N,H,G,A,A,G,-,A,D,0,,Y,,,Y,,L,04,0,0,1,0,0,0,1,0,0,"- ","- ",,,"SAN DIEGO","SAN DIEGO",-117.15392339,32.706278599999997
8347220,2017,2017-04-17,3711,2017-04-04,1700,7570,,2,5,7,3711,0,0,0,,0,836,"MAPLE ST","FAIRMONT AV",150.00,E,N,A,-,N,,,,,,,,,,N,3,0,1,2,A,-,09,21804,A,N,D,G,A,A,H,-,A,D,0,,Y,,,Y,,L,04,0,1,0,0,0,0,1,0,0,"- ","- ",,,"SAN DIEGO","SAN DIEGO",-117.10057448000001,32.733339489999999
8347224,2017,2017-04-17,3711,2017-04-04,1618,5985,,2,5,7,3711,0,0,0,,0,524,BROADWAY,"8TH AV",0.00,,Y,A,-,N,,,,,,,,,,N,4,0,1,2,A,-,05,21650,,N,H,G,A,A,H,-,A,A,0,,Y,,,Y,,L,04,0,0,1,0,0,0,1,0,0,"- ","- ",,,"SAN DIEGO","SAN DIEGO",-117.15741009,32.715720009999998
8348644,2017,2018-03-20,3711,2017-04-12,1725,4386,,3,5,7,3711,0,0,0,,0,627,"10TH AV","ESSEX ST",0.00,,Y,A,-,N,,,,,,,,,,N,3,0,1,1,A,-,08,22107,,N,H,A,A,A,H,-,A,D,0,,Y,,,Y,,L,04,0,1,0,0,0,0,1,0,0,"- ","- ",,,"SAN DIEGO","SAN DIEGO",-117.15527011,32.747420050000002
8350563,2017,2017-04-25,3711,2017-04-08,1114,6764,,6,5,7,3711,0,0,0,,0,124,"LA JOLLA BL","SOUTH COAST BL",36.00,S,N,B,-,N,,,,,,,,,,N,2,0,1,1,A,-,03,22350,,N,F,A,A,A,H,-,A,D,0,,Y,,,Y,,L,04,1,0,0,0,0,0,1,0,0,"- ","- ",,,"SAN DIEGO","SAN DIEGO",-117.28038997,32.84212814
8351078,2017,2017-04-28,3711,2017-04-12,1623,7516,SANDI,3,5,7,3711,0,0,0,,0,521,"8TH AV",MARKET,96.00,N,N,A,-,N,,,,,,,,,,N,4,0,1,2,A,-,08,22107,,N,B,C,A,A,H,-,A,D,0,,Y,,,Y,,L,04,0,0,1,0,0,0,1,0,0,"- ","- ",,,"SAN DIEGO","SAN DIEGO",-117.15740246,32.711782970000002
8352044,2017,2017-05-03,3711,2017-04-13,1114,5624,,4,5,7,3711,0,0,0,,0,451,"COLLEGE GROVE DR","54TH ST",0.00,,Y,A,-,N,,,,,,,,,,Y,3,0,1,2,A,-,12,21453,A,N,D,G,A,A,H,-,A,A,0,,Y,,,Y,,L,04,0,1,0,0,0,0,1,0,0,"- ","- ",,,"SAN DIEGO","SAN DIEGO",-117.07965009999999,32.73586006
8352447,2017,2017-05-10,3711,2017-04-29,1415,4957,,6,5,7,3711,0,0,0,,0,243,"MIRAMAR RD",CARROLL,528.00,E,N,A,-,N,,,,,,,,,,N,4,0,1,2,A,-,05,21650,1,N,-,G,A,A,H,-,A,D,0,,Y,,,Y,,L,04,0,0,1,0,0,0,1,0,0,"- ","- ",,,"SAN DIEGO","SAN DIEGO",-117.15479139999999,32.882823639999998
8352625,2017,2018-07-20,3711,2017-04-07,1859,7446,,5,5,7,3711,0,0,0,,0,,"SUNSET CROSSING","WESTPORT VIEW",220.00,N,N,A,-,N,,,,,,,,,,N,2,0,1,2,A,-,08,22107,,N,A,E,A,A,H,-,B,D,0,,Y,,,Y,,L,04,1,0,0,0,0,0,1,0,0,"- ","- ",,,"SAN DIEGO","SAN DIEGO",-117.01819648999999,32.57831324
8356082,2017,2017-05-02,3711,2017-04-20,2210,8861,,4,5,7,3711,0,0,0,,0,611,"ROSECRANS ST","LYTTON ST",4.00,S,N,A,-,N,,,,,,,,,,N,3,0,1,2,A,-,05,21650,1,N,B,G,A,A,H,-,C,A,0,,Y,,,Y,,L,04,0,1,0,0,0,0,1,0,0,"- ","- ",,,"SAN DIEGO","SAN DIEGO",-117.21260666000001,32.744310599999999
8358525,2017,2017-05-04,3711,2017-04-05,2043,HB4531,,3,5,7,3711,0,0,0,,0,503,"NORTH HARBOR DR","WINSHIP LN",0.00,,Y,A,-,N,,,,,,,,,,N,4,0,1,2,A,-,08,22107,,N,B,G,A,A,H,-,C,D,0,,Y,,,Y,,A,01,0,0,1,0,0,0,1,0,0,"- ","- ",,,"SAN DIEGO","SAN DIEGO",-117.19106013,32.729740059999997
8359422,2017,2017-05-09,3711,2017-04-26,1830,6795,,3,5,7,3711,0,0,0,,0,839,"CHEROKEE AV",UNIVERSITY,9.00,N,N,A,-,N,,,,,,,,,,N,4,0,1,2,A,-,09,21804,,N,D,G,A,A,H,-,A,D,0,,Y,,,Y,,L,04,0,0,1,0,0,0,1,0,0,"- ","- ",,,"SAN DIEGO","SAN DIEGO",-117.11433986,32.749744649999997
8359434,2017,2017-05-09,3711,2017-04-26,1601,7594,,3,5,7,3711,0,0,0,,0,521,"G ST","11TH AV",29.00,E,N,A,-,N,,,,,,,,,,N,3,0,1,2,A,-,12,21453,A,N,D,G,A,A,H,-,A,A,0,,Y,,,Y,,L,04,0,1,0,0,0,0,1,0,0,"- ","- ",,,"SAN DIEGO","SAN DIEGO",-117.15459604,32.71260101
8359730,2017,2017-05-09,3711,2017-04-27,1615,7314,,4,5,7,3711,0,0,0,,0,126,"NORTH TORREY PINES RD","JOHN J HOPKINS DR",515.00,S,N,A,-,N,,,,,,,,,,N,3,0,1,1,A,-,03,22350,,N,B,G,A,A,G,-,A,D,0,,Y,,,Y,,L,04,0,1,0,0,0,0,1,0,0,"- ","- ",,,"SAN DIEGO","SAN DIEGO",,
8359757,2017,2017-05-16,3711,2017-04-26,1644,7473,,3,5,7,3711,0,0,0,,0,451,"EUCLID AV","FEDERAL BL",12.00,N,N,A,-,N,,,,,,,,,,N,4,0,1,2,A,-,12,21453,A,M,D,G,A,A,H,-,A,A,0,,Y,,,Y,,A,01,0,0,1,0,0,0,1,0,0,"- ","- ",,,"SAN DIEGO","SAN DIEGO",-117.08494888,32.721452859999999
8359758,2017,2017-05-09,3711,2017-04-30,1820,6986,,7,5,7,3711,0,0,0,,0,615,"NORTH HARBOR DR","ROSECRANS ST",0.00,,Y,A,-,N,,,,,,,,,,N,4,0,1,2,A,-,09,21801,A,N,D,G,A,A,H,-,A,A,0,,Y,,,Y,,-,,0,0,1,0,0,0,1,0,0,"- ","- ",,,"SAN DIEGO","SAN DIEGO",-117.22790001,32.72618001
8360560,2017,2017-05-15,3711,2017-05-01,0719,7580,SANDI,1,5,7,3711,0,0,0,,0,524,BROADWAY,"9TH ST",3.00,E,N,A,-,N,,,,,,,,,,N,4,0,1,2,A,-,09,21801,A,N,D,G,A,A,H,-,A,A,0,,Y,,,Y,,-,,0,0,1,0,0,0,1,0,0,"- ","- ",,,"SAN DIEGO","SAN DIEGO",-117.15650028,32.715719999999997
8361372,2017,2017-05-16,3711,2017-05-04,1308,5888,,4,5,7,3711,0,0,0,,0,813,"UNIVERSITY AV",FLORIDA,80.00,E,N,A,-,N,,,,,,,,,,N,3,0,1,1,A,-,16,24002,A,N,H,A,A,A,H,-,A,-,0,,Y,,,Y,Y,L,04,0,1,0,0,0,0,1,0,0,"- ","- ",,,"SAN DIEGO","SAN DIEGO",-117.14346068,32.748440000000002
8361431,2017,2017-05-16,3711,2017-05-04,1821,7298,SANDI,4,5,7,3711,0,0,0,,0,122,"SOLEDAD MOUNTAIN RD","CROWNHILL RD",0.00,,Y,A,-,N,,,,,,,,,,N,3,0,1,2,A,-,09,21801,A,N,D,G,A,A,H,-,B,D,0,,Y,,,Y,,A,01,0,1,0,0,0,0,1,0,0,"- ","- ",,,"SAN DIEGO","SAN DIEGO",-117.23231011999999,32.81208006
8361444,2017,2017-05-16,3711,2017-04-30,1057,7042,,7,5,7,3711,0,0,0,,0,621,"LINDA VISTA RD","GENESEE AV",90.00,S,N,A,-,N,,,,,,,,,,N,3,0,1,2,A,-,00,21453,,N,B,G,A,A,H,-,A,A,0,,Y,,,Y,,L,04,0,1,0,0,0,0,1,0,0,"- ","- ",,,"SAN DIEGO","SAN DIEGO",-117.16616569,32.791369779999997
8361460,2017,2017-05-23,3711,2017-05-06,2111,6403,SANDI,6,5,7,3711,0,0,0,,0,242,"KELOWNA RD",SCHNEPLE,0.00,N,N,A,-,N,,,,,,,,,,N,4,0,1,1,A,-,08,22107,,N,E,-,A,A,H,-,C,D,0,,Y,,,Y,Y,L,04,0,0,1,0,0,0,1,0,0,"- ","- ",,,"SAN DIEGO","SAN DIEGO",-117.14087003,32.927710089999998
8362345,2017,2018-04-19,3711,2017-04-29,0943,5089,,6,5,7,3711,0,0,0,,0,232,"RT 56","TED WILLIAMS PKWY",0.00,,N,A,-,Y,SD,11,56,-,-,9.760,H,-,E,N,3,0,1,1,A,-,17,21208,A,N,H,-,A,A,H,-,A,D,0,,Y,,,Y,,L,04,0,1,0,0,0,0,1,0,0,"- ","- ",,,"SAN DIEGO","SAN DIEGO",-117.09454398,32.964691240000001
8362952,2017,2017-05-12,3711,2017-05-03,0724,4691,,3,5,7,3711,0,0,0,,0,241,"SCRIPPS LAKE DR","TREENA ST",120.00,E,N,A,-,N,,,,,,,,,,N,4,0,1,2,A,-,17,22517,,N,H,G,A,A,H,-,A,D,0,,Y,,,Y,,-,,0,0,1,0,0,0,1,0,0,"- ","- ",,,"SAN DIEGO","SAN DIEGO",-117.11343844,32.910384700000002
8362960,2017,2017-05-12,3711,2017-05-03,1605,5619,SDPD,3,5,7,3711,0,0,0,,0,723,"CORONADO AV","30TH ST",200.00,W,N,A,-,N,,,,,,,,,,N,4,0,1,2,A,-,08,22107,,N,D,G,A,A,H,-,A,D,0,,Y,,,Y,,L,04,0,0,1,0,0,0,1,0,0,"- ","- ",,,"SAN DIEGO","SAN DIEGO",-117.07011666,32.57646029
8370001,2017,2017-05-22,3711,2017-05-05,1700,4246,,5,5,7,3711,0,0,0,,0,114,"CLAIREMONT MESA BL","LIMERICK AV",0.00,,Y,B,-,N,,,,,,,,,,N,4,0,1,2,A,-,08,22107,,M,C,G,A,A,H,-,A,A,0,,Y,,,Y,,-,,0,0,1,0,0,0,1,0,0,"- ","- ",,,"SAN DIEGO","SAN DIEGO",-117.17876009,32.834410050000002
8370009,2017,2017-05-22,3711,2017-05-04,1815,7123,,4,5,7,3711,0,0,0,,0,433,"65TH ST","BROOKLYN AV",0.00,N,Y,A,-,N,,,,,,,,,,N,4,0,1,2,A,-,03,22350,,M,C,G,A,A,H,-,A,D,0,,Y,,,Y,,-,"- ",0,0,1,0,0,0,1,0,0,"- ","- ",,,"SAN DIEGO","SAN DIEGO",-117.05804010999999,32.713130030000002
8370045,2017,2017-05-17,3711,2017-05-05,1430,7453,,5,5,7,3711,0,0,0,,0,831,"ORANGE AV","CENTRAL AV",0.00,,Y,A,-,N,,,,,,,,,,N,3,0,1,2,A,-,08,22107,,N,D,G,A,A,H,-,A,D,0,,Y,,,Y,,A,01,0,1,0,0,0,0,1,0,0,"- ","- ",,,"SAN DIEGO","SAN DIEGO",-117.10824006999999,32.753210029999998
8370502,2017,2017-05-19,3711,2017-05-09,1442,7176,SANDI,2,5,7,3711,0,0,0,,0,517,"28TH ST","TREAT ST",0.00,,Y,B,-,N,,,,,,,,,,N,3,0,1,2,A,-,08,22107,,N,B,G,A,A,H,-,A,D,0,,Y,,,Y,,A,01,0,1,0,0,0,0,1,0,0,"- ","- ",,,"SAN DIEGO","SAN DIEGO",-117.13377001000001,32.714350039999999
8370530,2017,2017-05-19,3711,2017-05-10,1441,6979,3711,3,5,7,3711,0,0,0,,0,114,"CLAIREMONT DR","CLAIREMONT MESA BL",0.00,,Y,B,-,N,,,,,,,,,,N,4,0,1,2,A,-,05,21650,1,N,B,G,A,A,H,-,A,A,0,,Y,,,Y,,L,04,0,0,1,0,0,0,1,0,0,"- ","- ",,,"SAN DIEGO","SAN DIEGO",-117.20615013,32.827710089999997
8371327,2017,2017-06-16,3711,2017-03-16,1800,74653,,4,5,7,3711,0,0,0,,0,838,"LINCOLN AV","33RD ST",0.00,,Y,A,-,N,,,,,,,,,,N,3,0,1,2,A,-,09,21801,A,N,D,G,A,A,H,-,A,D,0,,Y,,,Y,,A,01,0,1,0,0,0,0,1,0,0,"- ","- ",,,"SAN DIEGO","SAN DIEGO",-117.12257004,32.750350089999998
8371890,2017,2017-05-25,3711,2017-05-11,1136,5627,,4,5,7,3711,0,0,0,,0,112,"GENESEE AV","MOUNT ALIFAN DR",4.00,S,N,A,-,N,,,,,,,,,,N,3,0,1,2,A,-,17,21451,A,N,H,G,A,A,H,-,A,A,0,,Y,,,Y,,A,01,0,1,0,0,0,0,1,0,0,"- ","- ",,,"SAN DIEGO","SAN DIEGO",-117.18090511,32.817249850000003
8371910,2017,2017-05-25,3711,2017-05-11,1209,7597,,4,5,7,3711,0,0,0,,0,122,"LORING ST","CASS ST",0.00,,Y,A,-,N,,,,,,,,,,N,4,0,1,2,A,-,09,21802,A,N,D,B,A,A,H,-,A,D,0,,Y,,,Y,,-,,0,0,1,0,0,0,1,0,0,"- ","- ",,,"SAN DIEGO","SAN DIEGO",-117.25440012,32.805800079999997
8372325,2017,2017-05-25,3711,2017-05-10,2040,6781,,3,5,7,3711,0,0,0,,0,,"LEMONA AV","STERLING CT",3.00,S,N,A,-,N,,,,,,,,,,N,3,0,1,2,A,-,09,21801,A,N,A,G,A,A,H,-,C,D,0,,Y,,,Y,,A,01,0,1,0,0,0,0,1,0,0,"- ","- ",,,"SAN DIEGO","SAN DIEGO",-117.08422689,32.745132220000002
8372341,2017,2017-05-25,3711,2017-05-16,1735,5840,,2,5,7,3711,0,0,0,,0,625,"TAYLOR ST","PACIFIC HWY",40.00,E,N,A,-,N,,,,,,,,,,N,3,0,1,2,A,-,12,21453,A,M,-,G,A,A,H,-,A,-,0,,Y,,,Y,,L,04,0,1,0,0,0,0,1,0,0,"- ","- ",,,"SAN DIEGO","SAN DIEGO",-117.20097147,32.755404609999999
8372804,2017,2017-06-06,3711,2017-05-11,0620,6252,,4,5,7,3711,0,0,0,,0,115,"LA JOLLA COLONY DR","PORTE LA PAZ",178.00,N,N,A,-,N,,,,,,,,,,N,2,0,1,2,A,-,08,22107,,F,C,G,A,A,H,-,A,D,0,,Y,,,Y,Y,A,01,1,0,0,0,0,0,1,0,0,"- ","- ",,,"SAN DIEGO","SAN DIEGO",-117.22789099000001,32.85588731
8373241,2017,2017-06-06,3711,2017-05-18,1800,6614,,4,5,7,3711,0,0,0,,0,124,"TORREY PINES RD","ARDATH LN",1140.00,N,N,A,-,N,,,,,,,,,,N,4,0,1,2,A,-,09,21801,,N,D,G,A,A,H,-,A,D,0,,Y,,,Y,,A,01,0,0,1,0,0,0,1,0,0,"- ","- ",,,"SAN DIEGO","SAN DIEGO",-117.24695658,32.851619239999998
8373253,2017,2017-06-19,3711,2017-05-22,1100,7601,"SAN D",1,5,7,3711,0,0,0,,0,813,"UPAS ST",LOUISIANA,3.00,W,N,A,-,N,,,,,,,,,,N,3,0,1,1,C,-,18,,,N,E,-,A,A,H,-,A,D,0,,Y,,,Y,,-,"- ",0,1,0,0,0,0,1,0,0,"- ","- ",,,"SAN DIEGO","SAN DIEGO",-117.14007972,32.741020089999999
8373257,2017,2017-06-06,3711,2017-05-22,1118,7439,,1,5,7,3711,0,0,0,,0,823,"UNIVERSITY AV","UNIVERSITY SQUARE",0.00,,Y,A,-,N,,,,,,,,,,N,3,0,1,2,A,-,12,21453,A,N,D,G,A,A,H,-,A,A,0,,Y,,,Y,,L,04,0,1,0,0,0,0,1,0,0,"- ","- ",,,"SAN DIEGO","SAN DIEGO",-117.16390002999999,32.748270069999997
8373269,2017,2017-06-20,3711,2017-05-21,2244,4759,"SAN D",7,5,7,3711,0,0,0,,0,122,"PACIFIC BEACH DR","BAYARD ST",143.00,W,N,B,-,N,,,,,,,,,,N,3,0,1,2,A,-,"- ",,,M,C,G,A,A,G,-,D,D,0,,Y,,,Y,Y,-,,0,1,0,0,0,0,1,0,0,"- ","- ",,,"SAN DIEGO","SAN DIEGO",-117.25237548,32.791260899999997
8373328,2017,2017-06-06,3711,2017-05-18,2212,7598,,4,5,7,3711,0,0,0,,0,834,"WIGHTMAN ST","VAN DYKE AV",0.00,,Y,A,-,N,,,,,,,,,,N,4,0,1,2,A,-,09,21802,A,F,D,G,A,A,H,-,C,A,0,,Y,,,Y,Y,-,,0,0,1,0,0,0,1,0,0,"- ","- ",,,"SAN DIEGO","SAN DIEGO",-117.10323,32.747760110000002
8375273,2017,2017-06-06,3711,2017-05-23,1632,6443,,2,5,7,3711,0,0,0,,0,813,"KANSAS ST","COLLIER AV",0.00,,Y,A,-,N,,,,,,,,,,N,3,0,1,2,A,-,12,22450,A,N,-,G,A,A,H,-,A,A,0,,Y,,,Y,,L,04,0,1,0,0,0,0,1,0,0,"- ","- ",,,"SAN DIEGO","SAN DIEGO",-117.13144013,32.764730030000003
8376392,2016,2018-02-14,3711,2016-07-23,1709,7288,2,6,5,7,3711,0,0,0,,0,001,"PALM AV","RT 5",15.00,E,-,A,-,Y,SD,11,5,-,-,4.464,R,4,N,N,4,0,1,2,A,-,12,21453,A,N,H,G,A,-,H,-,A,A,0,,Y,,,Y,,A,01,0,0,1,0,0,0,1,0,0,"- ",NF,,,"SAN DIEGO","SAN DIEGO",-117.08652386999999,32.581397989999999
8378606,2017,2017-06-06,3711,2017-05-12,1858,7005,,5,5,7,3711,0,0,0,,0,813,"MEADE AV","HAMILL AV",116.00,E,N,A,-,N,,,,,,,,,,N,3,0,1,2,A,-,08,22107,,N,B,E,A,A,H,-,B,D,0,,Y,,,Y,Y,L,04,0,1,0,0,0,0,1,0,0,"- ","- ",,,"SAN DIEGO","SAN DIEGO",,
8379045,2017,2017-06-12,3711,2017-05-25,1715,4491,,4,5,7,3711,0,0,0,,0,525,"WEST BROADWAY","FRONT ST",100.00,W,N,A,-,N,,,,,,,,,,N,3,0,1,2,A,-,08,22107,,N,B,G,A,A,H,-,A,A,0,,Y,,,Y,,L,04,0,1,0,0,0,0,1,0,0,"- ","- ",,,"SAN DIEGO","SAN DIEGO",-117.16505402,32.715766360000003
8382299,2017,2017-06-13,3711,2017-05-08,1020,4507,SDSU,1,5,7,3711,0,0,0,,0,00C,"AZTEC CIRCLE DR",ASU,0.00,,-,A,-,N,,,,,,,,,,N,4,0,1,2,-,-,"- ",,,N,D,G,A,A,H,-,A,D,0,,Y,,,Y,,-,"- ",0,0,1,0,0,0,1,0,0,"- ","- ",32.773739999999997,-117.06892000000001,"SAN DIEGO","SAN DIEGO",,
8384125,2017,2017-07-24,3711,2017-05-28,1548,6259,,7,5,7,3711,0,0,0,,0,122,"MISSION WEST ALLEY","MISSION WEST ALLEY 4500",0.00,,N,A,-,N,,,,,,,,,,N,4,0,1,2,A,-,17,22517,,N,H,G,A,A,H,-,A,D,0,,Y,,,Y,,A,01,0,0,1,0,0,0,1,0,0,"- ","- ",,,"SAN DIEGO","SAN DIEGO",,