CASE_ID,ACCIDENT_YEAR,PROC_DATE,JURIS,COLLISION_DATE,COLLISION_TIME,OFFICER_ID,REPORTING_DISTRICT,DAY_OF_WEEK,CHP_SHIFT,POPULATION,CNTY_CITY_LOC,SPECIAL_COND,BEAT_TYPE,CHP_BEAT_TYPE,CITY_DIVISION_LAPD,CHP_BEAT_CLASS,BEAT_NUMBER,PRIMARY_RD,SECONDARY_RD,DISTANCE,DIRECTION,INTERSECTION,WEATHER_1,WEATHER_2,STATE_HWY_IND,CALTRANS_COUNTY,CALTRANS_DISTRICT,STATE_ROUTE,ROUTE_SUFFIX,POSTMILE_PREFIX,POSTMILE,LOCATION_TYPE,RAMP_INTERSECTION,SIDE_OF_HWY,TOW_AWAY,COLLISION_SEVERITY,NUMBER_KILLED,NUMBER_INJURED,PARTY_COUNT,PRIMARY_COLL_FACTOR,PCF_CODE_OF_VIOL,PCF_VIOL_CATEGORY,PCF_VIOLATION,PCF_VIOL_SUBSECTION,HIT_AND_RUN,TYPE_OF_COLLISION,MVIW,PED_ACTION,ROAD_SURFACE,ROAD_COND_1,ROAD_COND_2,LIGHTING,CONTROL_DEVICE,CHP_ROAD_TYPE,PEDESTRIAN_ACCIDENT,BICYCLE_ACCIDENT,MOTORCYCLE_ACCIDENT,TRUCK_ACCIDENT,NOT_PRIVATE_PROPERTY,ALCOHOL_INVOLVED,STWD_VEHTYPE_AT_FAULT,CHP_VEHTYPE_AT_FAULT,COUNT_SEVERE_INJ,COUNT_VISIBLE_INJ,COUNT_COMPLAINT_PAIN,COUNT_PED_KILLED,COUNT_PED_INJURED,COUNT_BICYCLIST_KILLED,COUNT_BICYCLIST_INJURED,COUNT_MC_KILLED,COUNT_MC_INJURED,PRIMARY_RAMP,SECONDARY_RAMP,LATITUDE,LONGITUDE,COUNTY,CITY,POINT_X,POINT_Y
8384332,2017,2017-07-05,3711,2017-06-15,1802,7589,,4,5,7,3711,0,0,0,,0,526,"PARK BL","PARK BL 1600",300.00,N,N,A,-,N,,,,,,,,,,N,3,0,1,1,A,-,03,22350,,N,F,A,A,A,A,-,A,D,0,,Y,,,Y,,-,"- ",0,1,0,0,0,0,1,0,0,"- ","- ",,,"SAN DIEGO","SAN DIEGO",,
8384334,2017,2017-07-03,3711,2017-06-13,1826,6785,,2,5,7,3711,0,0,0,,0,242,"CAMINO RUIZ","ZAPATA AV",10.00,S,N,A,-,N,,,,,,,,,,N,3,0,1,2,A,-,09,21801,A,N,D,G,A,A,H,-,A,D,0,,Y,,,Y,,A,01,0,1,0,0,0,0,1,0,0,"- ","- ",,,"SAN DIEGO","SAN DIEGO",-117.14402,32.92726261
8384335,2017,2017-06-27,3711,2017-06-09,0845,6134,SANDI,5,5,7,3711,0,0,0,,0,115,"GOVERNOR DR","MERCER ST",200.00,W,N,A,-,N,,,,,,,,,,N,3,0,1,2,A,-,08,22107,,M,B,G,A,A,H,-,A,A,0,,Y,,,Y,,-,,0,1,0,0,0,0,1,0,0,"- ","- ",,,"SAN DIEGO","SAN DIEGO",-117.21042356,32.851704259999998
8384370,2017,2017-07-03,3711,2017-06-13,1224,6082,,2,5,7,3711,0,0,0,,0,124,"DRAPER AV","WESTBOURNE ST",6.00,S,N,A,-,N,,,,,,,,,,N,3,0,1,2,A,-,05,21202,A,N,D,G,A,A,H,-,A,D,0,,Y,,,Y,,L,04,0,1,0,0,0,0,1,0,0,"- ","- ",,,"SAN DIEGO","SAN DIEGO",-117.27450491,32.833444129999997
8384387,2017,2017-06-27,3711,2017-06-11,1130,7626,,7,5,7,3711,0,0,0,,0,432,"EUCLID AV","SOLOLA  AV",63.00,N,N,A,-,N,,,,,,,,,,N,3,0,1,1,A,-,03,22350,,N,A,J,A,A,C,-,A,A,0,,Y,,,Y,,L,04,0,1,0,0,0,0,1,0,0,"- ","- ",,,"SAN DIEGO","SAN DIEGO",-117.08530816,32.693742559999997
8384394,2017,2017-07-03,3711,2017-06-06,2127,6621,SD,2,5,7,3711,0,0,0,,0,122,"GRAND AV","CASS ST",6.00,E,N,A,-,N,,,,,,,,,,N,4,0,1,3,A,-,09,21801,A,N,G,G,A,A,H,-,C,A,0,,Y,,,Y,Y,A,01,0,0,1,0,0,0,1,0,0,"- ","- ",,,"SAN DIEGO","SAN DIEGO",-117.25124112,32.795533990000003
8384395,2017,2017-06-27,3711,2017-06-16,1620,6981,,5,5,7,3711,0,0,0,,0,495,"LAKIHA PALMER","EUCLID AV",0.00,,Y,A,-,N,,,,,,,,,,N,3,0,1,2,A,-,"- ",,,N,G,G,A,A,H,-,A,D,0,,Y,,,Y,,-,,0,1,0,0,0,0,1,0,0,"- ","- ",,,"SAN DIEGO","SAN DIEGO",-117.08503989,32.713770050000001
8384418,2017,2017-07-17,3711,2017-06-18,0237,7605,,7,5,7,3711,0,0,0,,0,521,"9TH AV","MARKET ST",0.00,,Y,A,-,N,,,,,,,,,,N,3,0,1,2,A,-,12,21453,A,N,D,G,A,A,H,-,C,A,0,,Y,,,Y,,L,04,0,1,0,0,0,0,1,0,0,"- ","- ",,,"SAN DIEGO","SAN DIEGO",-117.15650008999999,32.71152009
8384614,2017,2017-06-29,3711,2017-06-12,1325,7342,,1,5,7,3711,0,0,0,,0,122,"4400 OCEAN BL","OCEAN BL",6.00,W,N,A,-,N,,,,,,,,,,N,3,0,2,2,D,-,00,,,N,B,-,A,A,H,-,A,D,0,,Y,,,Y,,-,"- ",0,2,0,0,0,0,2,0,0,"- ","- ",,,"SAN DIEGO","SAN DIEGO",-117.25594372,32.794346359999999
8384626,2017,2017-06-29,3711,2017-06-19,1321,6854,,1,5,7,3711,0,0,0,,0,813,"30TH ST","NORTH PARK WY",42.00,S,N,A,-,N,,,,,,,,,,N,3,0,1,1,A,-,03,22350,,N,H,A,A,A,H,-,A,A,0,,Y,,,Y,,L,04,0,1,0,0,0,0,1,0,0,"- ","- ",,,"SAN DIEGO","SAN DIEGO",-117.13008000000001,32.747234949999999
8384784,2017,2017-06-30,3711,2017-05-01,1057,6532,,1,5,7,3711,0,0,0,,0,614,"SUNSET CLIFFS BL","NIMITZ BL",0.00,,Y,A,-,N,,,,,,,,,,N,4,0,1,2,A,-,08,22107,,N,C,-,A,A,H,-,A,D,0,,Y,,,Y,,-,"- ",0,0,1,0,0,0,1,0,0,"- ","- ",,,"SAN DIEGO","SAN DIEGO",-117.23730005,32.754120069999999
8386395,2017,2018-03-20,3711,2017-05-31,1753,4386,,3,5,7,3711,0,0,0,,0,623,"HOTEL CIRCLE SOUTH","HOTEL CIRCLE CT",1161.00,W,N,B,-,N,,,,,,,,,,N,4,0,1,2,A,-,12,22450,,M,D,G,A,A,H,-,A,D,0,,Y,,,Y,,-,,0,0,1,0,0,0,1,0,0,"- ","- ",,,"SAN DIEGO","SAN DIEGO",-117.17799878,32.759006380000002
8387210,2017,2018-04-20,3711,2017-06-15,0758,6218,,4,5,7,3711,0,0,0,,0,934,"CARMEL COUNTRY RD","RT 56",0.00,,Y,A,-,Y,SD,11,56,-,-,1.612,R,4,E,N,3,0,1,2,A,-,05,21650,1,N,D,G,A,A,H,-,A,A,0,,Y,,,Y,,L,04,0,1,0,0,0,0,1,0,0,"- ",EF,,,"SAN DIEGO","SAN DIEGO",-117.21678801,32.941902669999997
8387524,2017,2017-06-13,3711,2017-05-24,1357,7265,,3,5,7,3711,0,0,0,,0,621,"FULTON ST","EASTMAN ST",40.00,W,N,A,-,N,,,,,,,,,,N,4,0,1,1,A,-,03,22350,,N,F,A,A,A,H,-,A,-,0,,Y,,,Y,,L,04,0,0,1,0,0,0,1,0,0,"- ","- ",,,"SAN DIEGO","SAN DIEGO",-117.16802053000001,32.790279259999998
8387532,2017,2017-06-14,3711,2017-05-30,1230,5228,,2,5,7,3711,0,0,0,,0,627,"ROBINSON AV","ROBINSON AV 500",0.00,,N,A,-,N,,,,,,,,,,N,3,0,1,2,A,-,08,22107,,N,B,G,A,A,H,-,A,D,0,,Y,,,Y,,A,01,0,1,0,0,0,0,1,0,0,"- ","- ",,,"SAN DIEGO","SAN DIEGO",,
8388170,2017,2017-06-14,3711,2017-06-04,0847,6218,,7,5,7,3711,0,0,0,,0,932,"TORREY PINES RD","CARMEL VALLEY RD",1.00,S,N,E,-,N,,,,,,,,,,N,4,0,1,1,D,-,00,,,N,F,G,A,A,-,-,A,D,0,,Y,,,Y,,-,"- ",0,0,1,0,0,0,1,0,0,"- ","- ",,,"SAN DIEGO","SAN DIEGO",-117.26113014000001,32.940287259999998
8388202,2017,2017-07-12,3711,2017-06-04,1010,7599,,7,5,7,3711,0,0,0,,0,527,BROADWAY,"NORTH HARBOR DR",0.00,,Y,B,-,N,,,,,,,,,,N,4,0,1,2,A,-,08,22107,,M,C,G,A,A,H,-,A,A,0,,Y,,,Y,,-,"- ",0,0,1,0,0,0,1,0,0,"- ","- ",,,"SAN DIEGO","SAN DIEGO",-117.17312003000001,32.71570011
8388206,2017,2017-06-14,3711,2017-06-01,1105,7143,,4,5,7,3711,0,0,0,,0,521,"9TH AV","ISLAND AV",62.00,N,N,B,-,N,,,,,,,,,,N,4,0,1,2,A,-,08,22107,,N,B,G,A,A,H,-,A,D,0,,Y,,,Y,,L,04,0,0,1,0,0,0,1,0,0,"- ","- ",,,"SAN DIEGO","SAN DIEGO",-117.15649000000001,32.71059984
8388214,2017,2017-07-12,3711,2017-06-01,2122,7190,3711,4,5,7,3711,0,0,0,,0,511,"LOGAN AV # 5A","CESAR CHAVEZ PKWY",17.00,W,N,B,-,N,,,,,,,,,,N,3,0,1,3,A,-,00,23103,,N,B,E,A,A,H,-,C,A,0,,Y,,,Y,,L,04,0,1,0,0,0,0,1,0,0,"- ","- ",,,"SAN DIEGO","SAN DIEGO",,
8388230,2017,2017-06-14,3711,2017-06-02,1324,7538,,5,5,7,3711,0,0,0,,0,822,"EL CAJON BL","54TH ST",0.00,,Y,A,-,N,,,,,,,,,,N,3,0,1,2,A,-,08,22107,,N,B,G,A,A,B,-,A,A,0,,Y,,,Y,,L,04,0,1,0,0,0,0,1,0,0,"- ","- ",,,"SAN DIEGO","SAN DIEGO",-117.07935006,32.757840080000001
8388404,2017,2017-06-15,3711,2017-06-02,1826,7322,,5,5,7,3711,0,0,0,,0,432,"IMPERIAL AV","SAN JACINTO",3.00,S,N,A,-,N,,,,,,,,,,N,3,0,1,2,A,-,09,21801,A,N,D,G,A,A,H,-,-,D,0,,Y,,,Y,,-,,0,1,0,0,0,0,1,0,0,"- ","- ",,,"SAN DIEGO","SAN DIEGO",-117.08265784,32.705635149999999
8388840,2017,2017-06-13,3711,2017-05-31,1850,005450,,3,5,7,3711,0,0,0,,0,123,"FIESTA ISLAND RD","FIESTA ISLAND RD 1000",0.00,,Y,B,-,N,,,,,,,,,,N,3,0,1,1,A,-,03,22350,,N,E,I,A,A,H,-,A,D,0,,Y,,,Y,,L,04,0,1,0,0,0,0,1,0,0,"- ","- ",,,"SAN DIEGO","SAN DIEGO",-117.22203612,32.780076600000001
8388929,2017,2017-06-15,3711,2017-06-01,2054,005450,,4,5,7,3711,0,0,0,,0,524,"10TH AV",BROADWAY,0.00,,Y,A,-,N,,,,,,,,,,N,3,0,1,2,A,-,05,21650,1,N,D,G,A,A,H,-,C,A,0,,Y,,,Y,,L,04,0,1,0,0,0,0,1,0,0,"- ","- ",,,"SAN DIEGO","SAN DIEGO",-117.15561008,32.715720079999997
8388937,2017,2017-06-15,3711,2017-06-01,1846,6800,,4,5,7,3711,0,0,0,,0,611,"MIDWAY DR","ENTERPRISE ST",0.00,,Y,B,-,N,,,,,,,,,,N,3,0,1,1,A,-,03,22350,,N,H,A,A,A,H,-,A,A,0,,Y,,,Y,,L,04,0,1,0,0,0,0,1,0,0,"- ","- ",,,"SAN DIEGO","SAN DIEGO",-117.1991301,32.745380089999998
8390281,2017,2017-06-20,3711,2017-06-07,2228,6200,,3,5,7,3711,0,0,0,,0,327,"MONTEZUMA RD","RESERVOIR DR",0.00,,Y,B,-,N,,,,,,,,,,N,3,0,1,2,A,-,11,21456,B,N,H,G,A,B,H,-,C,A,0,,Y,,,Y,,L,04,0,1,0,0,0,0,1,0,0,"- ","- ",,,"SAN DIEGO","SAN DIEGO",-117.05652009000001,32.769010059999999
8390285,2017,2017-06-20,3711,2017-06-06,2000,386,,2,5,7,3711,0,0,0,,0,625,"TAYLOR ST","CONGRESS ST",0.00,,Y,A,-,N,,,,,,,,,,N,4,0,1,2,A,-,01,23152,A,M,D,G,A,A,H,-,C,A,0,,Y,,,Y,,-,,0,0,1,0,0,0,1,0,0,"- ","- ",,,"SAN DIEGO","SAN DIEGO",-117.19958004999999,32.755630109999998
8390297,2017,2017-06-20,3711,2017-06-07,0627,7612,SD,3,5,7,3711,0,0,0,,0,835,"COLUMBINE ST","OLIVE ST",0.00,,Y,B,-,N,,,,,,,,,,N,3,0,1,1,A,-,03,22350,,N,H,A,A,A,H,-,A,A,0,,Y,,,Y,,L,04,0,1,0,0,0,0,1,0,0,"- ","- ",,,"SAN DIEGO","SAN DIEGO",-117.10184003000001,32.735170050000001
8390465,2017,2018-07-20,3711,2017-06-08,1543,7376,,4,5,7,3711,0,0,0,,0,113,"BALBOA AV","MORAGA AV",0.00,,Y,A,-,N,,,,,,,,,,N,3,0,1,2,A,-,03,22350,,N,D,G,A,A,H,-,A,A,0,,Y,,,Y,Y,L,04,0,1,0,0,0,0,1,0,0,"- ","- ",,,"SAN DIEGO","SAN DIEGO",-117.21061003,32.808000110000002
8390640,2017,2017-06-20,3711,2017-06-09,1540,7550,"SAN D",5,5,7,3711,0,0,0,,0,314,"CARDINAL RD","MOCKING BIRD DR",0.00,,Y,A,-,N,,,,,,,,,,N,3,0,1,2,A,-,04,21703,,M,C,G,A,A,H,-,A,D,0,,Y,,,Y,,L,04,0,1,0,0,0,0,1,0,0,"- ","- ",,,"SAN DIEGO","SAN DIEGO",-117.15751003,32.790550060000001
8393302,2017,2017-06-30,3711,2017-06-03,1514,6034,,6,5,7,3711,0,0,0,,0,624,"PARK BL","MONROE AV",58.00,S,N,A,-,N,,,,,,,,,,N,3,0,1,2,A,-,03,22350,,N,-,E,A,A,H,-,A,D,0,,Y,,,Y,,L,04,0,1,0,0,0,0,1,0,0,"- ","- ",,,"SAN DIEGO","SAN DIEGO",-117.14626,32.758921119999997
8398166,2017,2017-07-21,3711,2017-06-20,1625,7536,,2,5,7,3711,0,0,0,,0,521,"15TH ST","MARKET ST",24.00,S,N,A,-,N,,,,,,,,,,N,4,0,1,2,A,-,05,21650,1,N,A,G,A,A,H,-,A,D,0,,Y,,,Y,,L,04,0,0,1,0,0,0,1,0,0,"- ","- ",,,"SAN DIEGO","SAN DIEGO",-117.15037816,32.71146427
8398190,2017,2017-07-11,3711,2017-06-18,1645,6627,,7,5,7,3711,0,0,0,,0,,"PACIFIC HWY","PACIFIC HWY 4700",0.00,,N,A,-,N,,,,,,,,,,N,4,0,1,1,A,-,08,22107,,N,H,A,A,A,H,-,A,D,0,,Y,,,Y,Y,L,04,0,0,1,0,0,0,1,0,0,"- ","- ",,,"SAN DIEGO","SAN DIEGO",,
8399220,2017,2017-07-03,3711,2017-06-09,0708,7180,,5,5,7,3711,0,0,0,,0,622,"BUENOS AV","MORENA BL",5.00,W,N,A,-,N,,,,,,,,,,N,4,0,1,2,A,-,05,21650,1,N,H,G,A,A,H,-,A,A,0,,Y,Y,,Y,,L,04,0,0,1,0,0,0,1,0,0,"- ","- ",,,"SAN DIEGO","SAN DIEGO",-117.20040946,32.76902887
8399710,2017,2017-08-15,3711,2017-06-22,1111,7214,,4,5,7,3711,0,0,0,,0,511,"LOGAN AV","17TH ST",15.00,W,N,A,-,N,,,,,,,,,,N,3,0,1,2,A,-,09,21804,A,N,D,G,A,A,H,-,A,D,0,,Y,,,Y,,L,04,0,1,0,0,0,0,1,0,0,"- ","- ",,,"SAN DIEGO","SAN DIEGO",-117.14858731,32.704466330000002
8399718,2017,2018-04-20,3711,2017-06-19,1054,7574,"SAN D",1,5,7,3711,0,0,0,,0,321,"FAIRMOUNT AV","RT 8",30.00,N,N,A,-,Y,SD,11,8,-,-,6.141,R,4,E,N,3,0,1,1,A,-,03,22350,,N,H,A,A,A,B,D,A,D,0,,Y,,,Y,,L,04,0,1,0,0,0,0,1,0,0,"- ",EF,,,"SAN DIEGO","SAN DIEGO",-117.10365276,32.778761070000002
8399726,2017,2018-03-20,3711,2017-06-21,1845,7293,,3,5,7,3711,0,0,0,,0,115,"JUDICIAL DR","LA JOLLA VILLAGE DR",200.00,S,N,A,-,N,,,,,,,,,,N,4,0,1,2,A,-,09,21804,A,N,B,G,A,A,H,-,A,D,0,,Y,,,Y,,-,,0,0,1,0,0,0,1,0,0,"- ","- ",,,"SAN DIEGO","SAN DIEGO",-117.20535615,32.873818679999999
8399734,2017,2018-03-20,3711,2017-06-22,0743,6854,,4,5,7,3711,0,0,0,,0,811,"BANCROFT ST","MEADE AV",21.00,N,N,A,-,N,,,,,,,,,,N,3,0,1,2,A,-,08,22107,,N,C,E,A,A,H,-,A,D,0,,Y,,,Y,Y,L,04,0,1,0,0,0,0,1,0,0,"- ","- ",,,"SAN DIEGO","SAN DIEGO",-117.12405,32.757210000000001
8400968,2017,2017-07-31,3711,2017-06-22,0911,8192,,4,5,7,3711,0,0,0,,0,813,"GRIM AV","MYRTLE AV",0.00,,Y,B,-,N,,,,,,,,,,N,3,0,1,2,A,-,12,22450,A,N,D,G,A,A,H,-,A,A,0,,Y,,,Y,,L,04,0,1,0,0,0,0,1,0,0,"- ","- ",,,"SAN DIEGO","SAN DIEGO",-117.12821013,32.741970049999999
8400976,2017,2017-07-31,3711,2017-06-25,1738,7086,,7,5,7,3711,0,0,0,,0,841,"COLLEGE AV","VIEW PL",364.00,S,N,A,-,N,,,,,,,,,,N,3,0,1,1,A,-,03,22350,,N,H,-,A,A,G,-,A,D,0,,Y,,,Y,,L,04,0,1,0,0,0,0,1,0,0,"- ","- ",,,"SAN DIEGO","SAN DIEGO",-117.06546933,32.754832290000003
8401023,2017,2017-08-04,3711,2017-06-23,1625,7128,SDPD,5,5,7,3711,0,0,0,,0,511,"HARBOR DR","SCHLEY ST",100.00,E,N,A,-,N,,,,,,,,,,N,4,0,1,1,A,-,03,22350,,N,H,A,A,A,A,-,A,D,0,,Y,,,Y,,L,04,0,0,1,0,0,0,1,0,0,"- ","- ",,,"SAN DIEGO","SAN DIEGO",-117.13933252,32.692635459999998
8401111,2017,2017-08-02,3711,2017-06-25,1638,6404,,7,5,7,3711,0,0,0,,0,122,"SOLEDAD MOUNTAIN RD","BERYL ST",0.00,,Y,A,-,N,,,,,,,,,,,3,0,1,3,A,-,03,22350,,N,B,C,A,A,H,-,A,A,0,,Y,,,Y,,L,04,0,1,0,0,0,0,1,0,0,"- ","- ",,,"SAN DIEGO","SAN DIEGO",-117.23019005,32.809120100000001
8401459,2017,2017-07-21,3711,2017-06-26,0625,7390,,1,5,7,3711,0,0,0,,0,122,"GRAND AV","MISSION BAY DR",0.00,,Y,A,-,N,,,,,,,,,,Y,3,0,2,2,A,-,09,21800,,N,D,G,A,A,H,-,A,D,0,,Y,,,Y,,L,04,0,2,0,0,0,0,1,0,0,"- ","- ",,,"SAN DIEGO","SAN DIEGO",-117.21520009,32.801850100000003
8401479,2017,2017-07-21,3711,2017-06-24,1040,7582,,6,5,7,3711,0,0,0,,0,325,"KIOWA DR","KIOWA DR 5440",0.00,,N,A,-,N,,,,,,,,,,N,3,0,1,1,A,-,03,22350,,N,H,H,A,A,H,-,A,D,0,,Y,,,Y,,L,04,0,1,0,0,0,0,1,0,0,"- ","- ",32.790610000000001,-117.04159,"SAN DIEGO","SAN DIEGO",-117.04054533999999,32.777343399999999
8401869,2017,2017-08-09,3711,2017-06-23,1030,6686,,5,5,7,3711,0,0,0,,0,813,"UPAS ST","33RD ST",8.00,E,N,A,-,N,,,,,,,,,,N,3,0,1,2,A,-,12,22450,A,N,D,G,A,A,H,-,A,A,0,,Y,,,Y,,L,04,0,1,0,0,0,0,1,0,0,"- ","- ",,,"SAN DIEGO","SAN DIEGO",-117.12286407000001,32.74101975
8403563,2017,2017-07-11,3711,2017-06-25,1220,6394,,7,5,7,3711,0,0,0,,0,315,"TEXAS ST","CAMINO DEL RIO SOUTH",39.00,N,N,A,-,N,,,,,,,,,,N,3,0,1,1,A,-,03,22350,,N,H,-,A,A,H,-,A,A,0,,Y,,,Y,,L,04,0,1,0,0,0,0,1,0,0,"- ","- ",,,"SAN DIEGO","SAN DIEGO",-117.13929241,32.767405140000001
8405385,2017,2017-08-14,3711,2017-07-27,1830,7083,,4,5,7,3711,0,0,0,,0,311,"MURPHY CANYON RD","STONECREST BL",462.00,N,N,A,-,N,,,,,,,,,,N,3,0,1,2,A,-,08,22107,,N,B,G,A,A,H,-,A,A,0,,Y,,,Y,,A,01,0,1,0,0,0,0,1,0,0,"- ","- ",,,"SAN DIEGO","SAN DIEGO",-117.11414523000001,32.805601099999997
8405935,2017,2017-07-20,3711,2017-07-04,1330,4965,"SAN D",2,5,7,3711,0,0,0,,0,614,"NEWPORT AV",ABBOTT,256.00,N,N,A,-,N,,,,,,,,,,N,4,0,1,2,A,-,08,22107,,N,D,C,A,A,H,-,A,D,0,,Y,,,Y,Y,L,04,0,0,1,0,0,0,1,0,0,"- ","- ",,,"SAN DIEGO","SAN DIEGO",-117.25268,32.74785
8405945,2017,2017-08-10,3711,2017-07-04,0916,7528,,2,5,7,3711,0,0,0,,0,813,"30TH ST","GUNN ST",6.00,S,N,A,-,N,,,,,,,,,,N,3,0,1,2,A,-,08,22107,,N,B,G,A,A,H,-,A,A,0,,Y,,,Y,,-,"- ",0,1,0,0,0,0,1,0,0,"- ","- ",,,"SAN DIEGO","SAN DIEGO",-117.13008000000001,32.746303560000001
8405949,2017,2017-07-19,3711,2017-07-03,1420,7641,,1,5,7,3711,0,0,0,,0,627,"BROOKES AV","PARK BL",3.00,W,N,A,-,N,,,,,,,,,,N,3,0,1,2,A,-,12,22450,A,N,D,G,A,A,H,-,A,D,0,,Y,,,Y,,A,01,0,1,0,0,0,0,1,0,0,"- ","- ",,,"SAN DIEGO","SAN DIEGO",-117.14755972,32.743279940000001
8405962,2017,2017-08-23,3711,2017-07-01,1239,6082,,6,5,7,3711,0,0,0,,0,124,"SILVERADO ST","EXCHANGE PL",26.00,W,N,B,-,N,,,,,,,,,,N,4,0,1,1,A,-,03,22350,,N,F,I,A,A,H,-,A,D,0,,Y,,,Y,,L,04,0,0,1,0,0,0,1,0,0,"- ","- ",,,"SAN DIEGO","SAN DIEGO",-117.27006514,32.847779809999999
8406050,2017,2017-07-20,3711,2017-06-12,1927,6553,,1,5,7,3711,0,0,0,,0,611,"KEMPER ST","MIDWAY DR",0.00,,Y,A,-,N,,,,,,,,,,N,2,0,1,2,A,-,12,21453,A,N,D,G,A,A,H,-,B,A,0,,Y,,,Y,,L,04,1,0,0,0,0,0,1,0,0,"- ","- ",,,"SAN DIEGO","SAN DIEGO",-117.21516004999999,32.752130100000002
8406058,2017,2017-07-20,3711,2017-06-27,0752,5939,,2,5,7,3711,0,0,0,,0,233,"RANCHO PENASQUITOS BL","RANCHO PENASQUITOS BL 13350",16.00,W,N,A,-,N,,,,,,,,,,N,4,0,1,2,A,-,17,21200,A,N,D,G,A,A,H,-,A,A,0,,Y,,,Y,,L,04,0,0,1,0,0,0,1,0,0,"- ","- ",,,"SAN DIEGO","SAN DIEGO",,
8406097,2017,2017-07-20,3711,2017-06-28,0857,6394,,3,5,7,3711,0,0,0,,0,326,"55TH ST","AZTEC WALK",31.00,S,N,A,-,N,,,,,,,,,,N,3,0,1,2,A,-,08,22107,,N,G,G,A,A,H,-,A,A,0,,Y,,,Y,,L,04,0,1,0,0,0,0,1,0,0,"- ","- ",,,"SAN DIEGO","SAN DIEGO",-117.07614339,32.773085139999999
8408569,2017,2017-08-17,3711,2017-07-16,1019,7390,,7,5,7,3711,0,0,0,,0,122,"CASS ST","WILBUR AV",40.00,S,N,A,-,N,,,,,,,,,,N,4,0,1,2,A,-,17,22517,,N,D,G,A,A,H,-,A,D,0,,Y,,,Y,,-,,0,0,1,0,0,0,1,0,0,"- ","- ",,,"SAN DIEGO","SAN DIEGO",-117.25405988,32.804723410000001
8409373,2017,2017-10-13,3711,2017-07-12,2040,6726,,3,5,7,3711,0,0,0,,0,826,"53RD ST","TROJAN AV",21.00,S,N,A,-,N,,,,,,,,,,N,4,0,1,2,A,-,12,22450,A,N,B,G,A,A,H,-,D,A,0,,Y,,,Y,,L,04,0,0,1,0,0,0,1,0,0,"- ","- ",,,"SAN DIEGO","SAN DIEGO",-117.08141999999999,32.754869999999997
8409628,2017,2017-08-04,3711,2017-07-09,2307,6876,,7,5,7,3711,0,0,0,,0,834,"UNIVERSITY AV","41ST ST",178.00,W,N,A,-,N,,,,,,,,,,,3,0,1,2,A,-,00,21760,C,M,B,G,A,A,H,-,C,D,0,,Y,,,Y,Y,-,"- ",0,1,0,0,0,0,1,0,0,"- ","- ",,,"SAN DIEGO","SAN DIEGO",-117.10751698,32.749690000000001
8409632,2017,2017-08-03,3711,2017-07-04,2030,7129,,2,5,7,3711,0,0,0,,0,432,"IMPERIAL AV","SAN JACINTO",3.00,E,N,A,-,N,,,,,,,,,,N,3,0,2,2,A,-,06,21750,,M,D,G,A,A,H,-,C,A,0,,Y,,,Y,,A,07,0,2,0,0,0,0,2,0,0,"- ","- ",,,"SAN DIEGO","SAN DIEGO",-117.08264257,32.7056453
8409648,2017,2017-08-03,3711,2017-07-08,1826,6415,,6,5,7,3711,0,0,0,,0,311,"MURPHY CANYON RD","MURPHY CANYON RD 3400",0.00,,Y,A,-,N,,,,,,,,,,N,3,0,1,2,A,-,"- ",,,N,-,G,A,A,H,-,A,A,0,,Y,,,Y,,L,04,0,1,0,0,0,0,1,0,0,"- ","- ",,,"SAN DIEGO","SAN DIEGO",,
8409675,2017,2017-08-02,3711,2017-07-06,1450,6614,,4,5,7,3711,0,0,0,,0,124,"HERSCHEL AV","PROSPECT ST",8.00,E,N,A,-,N,,,,,,,,,,N,4,0,1,1,A,-,08,22107,,N,B,G,A,A,H,-,A,A,0,,Y,,,Y,,L,04,0,0,1,0,0,0,1,0,0,"- ","- ",,,"SAN DIEGO","SAN DIEGO",-117.27368205000001,32.848199129999998
8410598,2017,2017-07-27,3711,2017-07-11,1235,8192,,2,5,7,3711,0,0,0,,0,826,"ORANGE AV","EUCLID AV",0.00,,Y,A,-,N,,,,,,,,,,Y,3,0,1,2,A,-,08,22107,,N,D,G,A,A,H,-,A,D,0,,Y,,,Y,,A,01,0,1,0,0,0,0,1,0,0,"- ","- ",,,"SAN DIEGO","SAN DIEGO",-117.09225003,32.753100029999999
8410614,2017,2017-07-27,3711,2017-07-13,1632,6104,,4,5,7,3711,0,0,0,,0,612,"CHATSWORTH BL","ELLIOTT ST",0.00,,Y,A,-,N,,,,,,,,,,N,4,0,1,2,A,-,05,21650,,N,D,G,A,A,H,-,A,D,0,,Y,,,Y,,L,04,0,0,1,0,0,0,1,0,0,"- ","- ",,,"SAN DIEGO","SAN DIEGO",-117.22194999,32.74359011
8411047,2017,2017-07-25,3711,2017-07-09,1540,7345,,7,5,7,3711,0,0,0,,0,111,"GENESEE AV","BALBOA AV",5.00,S,N,A,-,N,,,,,,,,,,N,4,0,1,2,A,-,00,29150,B,N,D,G,A,A,H,-,A,A,0,,Y,,,Y,,L,04,0,0,1,0,0,0,1,0,0,"- ","- ",,,"SAN DIEGO","SAN DIEGO",-117.18201232,32.819357940000003