CASE_ID,ACCIDENT_YEAR,PROC_DATE,JURIS,COLLISION_DATE,COLLISION_TIME,OFFICER_ID,REPORTING_DISTRICT,DAY_OF_WEEK,CHP_SHIFT,POPULATION,CNTY_CITY_LOC,SPECIAL_COND,BEAT_TYPE,CHP_BEAT_TYPE,CITY_DIVISION_LAPD,CHP_BEAT_CLASS,BEAT_NUMBER,PRIMARY_RD,SECONDARY_RD,DISTANCE,DIRECTION,INTERSECTION,WEATHER_1,WEATHER_2,STATE_HWY_IND,CALTRANS_COUNTY,CALTRANS_DISTRICT,STATE_ROUTE,ROUTE_SUFFIX,POSTMILE_PREFIX,POSTMILE,LOCATION_TYPE,RAMP_INTERSECTION,SIDE_OF_HWY,TOW_AWAY,COLLISION_SEVERITY,NUMBER_KILLED,NUMBER_INJURED,PARTY_COUNT,PRIMARY_COLL_FACTOR,PCF_CODE_OF_VIOL,PCF_VIOL_CATEGORY,PCF_VIOLATION,PCF_VIOL_SUBSECTION,HIT_AND_RUN,TYPE_OF_COLLISION,MVIW,PED_ACTION,ROAD_SURFACE,ROAD_COND_1,ROAD_COND_2,LIGHTING,CONTROL_DEVICE,CHP_ROAD_TYPE,PEDESTRIAN_ACCIDENT,BICYCLE_ACCIDENT,MOTORCYCLE_ACCIDENT,TRUCK_ACCIDENT,NOT_PRIVATE_PROPERTY,ALCOHOL_INVOLVED,STWD_VEHTYPE_AT_FAULT,CHP_VEHTYPE_AT_FAULT,COUNT_SEVERE_INJ,COUNT_VISIBLE_INJ,COUNT_COMPLAINT_PAIN,COUNT_PED_KILLED,COUNT_PED_INJURED,COUNT_BICYCLIST_KILLED,COUNT_BICYCLIST_INJURED,COUNT_MC_KILLED,COUNT_MC_INJURED,PRIMARY_RAMP,SECONDARY_RAMP,LATITUDE,LONGITUDE,COUNTY,CITY,POINT_X,POINT_Y
8411381,2017,2017-07-28,3711,2017-07-06,1635,7536,,4,5,7,3711,0,0,0,,0,526,"BEECH ST","4TH AV",0.00,,Y,A,-,N,,,,,,,,,,N,4,0,1,2,A,-,05,21650,1,N,D,G,A,A,H,-,A,A,0,,Y,,,Y,Y,L,04,0,0,1,0,0,0,1,0,0,"- ","- ",,,"SAN DIEGO","SAN DIEGO",-117.16116004,32.720910080000003
8411650,2017,2017-08-25,3711,2017-05-14,0241,7420,"SAN D",7,5,7,3711,0,0,0,,0,S21,"MARKET ST",11TH,7.00,W,N,A,-,N,,,,,,,,,,N,3,0,1,2,A,-,09,21453,C,N,D,G,A,A,H,-,C,A,0,,Y,,,Y,,-,,0,1,0,0,0,0,1,0,0,"- ","- ",,,"SAN DIEGO","SAN DIEGO",-117.15468267999999,32.71152
8412604,2017,2017-09-06,3711,2017-08-18,1226,6856,,5,5,7,3711,0,0,0,,0,614,"NARRAGANSETT AV","CABLE ST",195.00,E,N,A,-,N,,,,,,,,,,N,3,0,1,2,A,-,09,21804,A,N,D,G,A,A,H,-,A,D,0,,Y,,,Y,,L,04,0,1,0,0,0,0,1,0,0,"- ","- ",,,"SAN DIEGO","SAN DIEGO",-117.25023344,32.743800389999997
8412615,2017,2017-08-31,3711,2017-08-17,1804,7574,SANDI,4,5,7,3711,0,0,0,,0,614,"WEST POINT LOMA BL","SUNSET CLIFFS BL",150.00,W,N,A,-,N,,,,,,,,,,N,3,0,1,2,A,-,03,22350,,N,B,E,A,A,H,-,A,D,0,,Y,,,Y,,L,04,0,1,0,0,0,0,1,0,0,"- ","- ",,,"SAN DIEGO","SAN DIEGO",-117.24270326,32.751120149999998
8412649,2017,2017-09-29,3711,2017-08-19,1411,7589,,6,5,7,3711,0,0,0,,0,521,"16TH ST",BROADWAY,1500.00,,N,A,-,N,,,,,,,,,,N,3,0,1,1,A,-,03,22350,,N,F,A,A,A,H,-,A,A,0,,Y,,,Y,,-,"- ",0,1,0,0,0,0,1,0,0,"- ","- ",,,"SAN DIEGO","SAN DIEGO",-117.14947003,32.715750110000002
8412653,2017,2017-08-31,3711,2017-08-21,0744,7298,"SAN D",1,5,7,3711,0,0,0,,0,115,"REGENTS RD","REGENTS PARK ROW",44.00,S,N,B,-,N,,,,,,,,,,N,3,0,1,1,C,-,18,,,N,H,A,A,A,-,-,A,D,0,,Y,,,Y,,-,"- ",0,1,0,0,0,0,1,0,0,"- ","- ",,,"SAN DIEGO","SAN DIEGO",-117.21831668,32.872549489999997
8412665,2017,2017-08-31,3711,2017-08-12,0956,7516,"SAN D",6,5,7,3711,0,0,0,,0,524,"4TH AV","B ST",15.00,E,N,A,-,N,,,,,,,,,,N,3,0,1,2,A,-,00,21953,A,N,D,G,A,A,H,-,A,A,0,,Y,,,Y,,A,01,0,1,0,0,0,0,1,0,0,"- ","- ",,,"SAN DIEGO","SAN DIEGO",-117.16108,32.717790000000001
8412778,2017,2017-09-01,3711,2017-08-18,0913,6774,,5,5,7,3711,0,0,0,,0,115,"UNIVERSITY CENTER LN","CAMINITO PLAZA CENTRO",138.00,W,N,A,-,N,,,,,,,,,,Y,2,0,1,2,A,-,09,21801,A,N,D,G,A,A,H,-,A,D,0,,Y,,,Y,,L,04,1,0,0,0,0,0,1,0,0,"- ","- ",,,"SAN DIEGO","SAN DIEGO",-117.22626993999999,32.870360349999999
8413108,2017,2017-08-09,3711,2017-07-05,0746,7474,N1,3,5,7,3711,0,0,0,,0,116,"BALBOA AV","MORAGA AV",0.00,,Y,A,-,N,,,,,,,,,,N,4,0,1,2,A,-,17,21462,,N,D,G,A,A,H,-,A,B,0,,Y,,,Y,,L,04,0,0,1,0,0,0,1,0,0,"- ","- ",,,"SAN DIEGO","SAN DIEGO",-117.21061003,32.808000110000002
8414001,2017,2017-08-11,3711,2017-07-24,0620,5699,,1,5,7,3711,0,0,0,,0,242,"WESTVIEW PKWY","HILLERY DR",0.00,,Y,B,-,N,,,,,,,,,,N,3,0,1,2,A,-,08,22107,,N,A,G,A,A,H,-,A,A,0,,Y,,,Y,,-,,0,1,0,0,0,0,1,0,0,"- ","- ",,,"SAN DIEGO","SAN DIEGO",-117.12027002000001,32.912900049999998
8414003,2017,2017-09-28,3711,2017-07-29,2329,8861,,6,5,7,3711,0,0,0,,0,621,"LINDA VISTA RD","TAIT ST",1.00,N,N,A,-,N,,,,,,,,,,N,3,0,1,2,A,-,21,22106,,M,B,G,A,A,H,-,C,A,0,,Y,,,Y,,-,,0,1,0,0,0,0,1,0,0,"- ","- ",,,"SAN DIEGO","SAN DIEGO",-117.17277952000001,32.780752710000002
8414054,2017,2017-08-11,3711,2017-07-28,2157,6469,,5,5,7,3711,0,0,0,,0,813,"31ST ST","THORN ST",9.00,N,N,A,-,N,,,,,,,,,,N,3,0,1,2,A,-,09,21801,A,N,D,G,A,A,H,-,C,A,0,,Y,,,Y,,A,01,0,1,0,0,0,0,1,0,0,"- ","- ",,,"SAN DIEGO","SAN DIEGO",-117.12715986000001,32.739264650000003
8414058,2017,2017-08-11,3711,2017-07-28,2218,7410,,5,5,7,3711,0,0,0,,0,832,"EL CAJON BL","RT 15",0.00,,Y,A,-,N,,,,,,,,,,N,4,0,1,2,-,-,"- ",,,N,G,G,A,A,H,-,C,A,0,,Y,,,Y,,-,"- ",0,0,1,0,0,0,1,0,0,"- ","- ",,,"SAN DIEGO","SAN DIEGO",-117.10899012,32.755260120000003
8414457,2017,2017-09-20,3711,2017-09-08,1938,7533,"SAN D",5,5,7,3711,0,0,0,,0,613,"WEST POINT LOMA BL","ADRIAN ST",300.00,E,N,A,-,N,,,,,,,,,,N,3,0,1,2,A,-,08,22107,,M,B,G,A,A,G,-,C,D,0,,Y,,,Y,,-,,0,1,0,0,0,0,1,0,0,"- ","- ",,,"SAN DIEGO","SAN DIEGO",-117.22554482,32.753033729999999
8415692,2017,2018-05-08,3711,2017-07-02,1844,4656,SANDI,7,5,7,3711,0,0,0,,0,625,"TAYLOR ST","MORENA BL",0.00,,Y,A,-,N,,,,,,,,,,N,2,0,1,2,A,-,12,21453,A,N,D,G,A,A,H,-,A,A,0,,Y,,,Y,,L,04,1,0,0,0,0,0,1,0,0,"- ","- ",,,"SAN DIEGO","SAN DIEGO",-117.19725004999999,32.758370069999998
8415693,2017,2017-09-07,3711,2017-07-12,1705,7604,SANDI,3,5,7,3711,0,0,0,,0,813,"IDAHO ST","IDAHO ST 4044",129.00,W,N,A,-,N,,,,,,,,,,N,3,0,1,1,C,-,18,,,N,E,-,A,A,H,-,A,D,0,,Y,,,Y,,-,"- ",0,1,0,0,0,0,1,0,0,"- ","- ",,,"SAN DIEGO","SAN DIEGO",,
8416403,2017,2017-08-03,3711,2017-07-16,1046,7017,SD,7,5,7,3711,0,0,0,,0,611,"SPORTS ARENA","SPORTS ARENA 3146",0.00,,N,A,-,N,,,,,,,,,,N,4,0,1,2,A,-,05,21650,,N,B,G,A,A,H,-,A,D,0,,Y,,,Y,,L,04,0,0,1,0,0,0,1,0,0,"- ","- ",,,"SAN DIEGO","SAN DIEGO",,
8417901,2017,2017-08-01,3711,2017-07-18,0930,6753,SANDI,2,5,7,3711,0,0,0,,0,315,"TEXAS ST","CAMINO DEL RIO S",36.00,S,N,A,-,N,,,,,,,,,,,3,0,1,1,A,-,03,22350,,N,-,G,A,A,-,-,A,A,0,,Y,,,Y,,L,04,0,1,0,0,0,0,1,0,0,"- ","- ",,,"SAN DIEGO","SAN DIEGO",-117.13923529,32.767205879999999
8418018,2017,2017-08-03,3711,2017-07-21,0230,7280,,5,5,7,3711,0,0,0,,0,734,"3700 42ND ST","42ND ST",0.00,,Y,A,-,N,,,,,,,,,,N,3,0,1,2,A,-,00,20002,,M,B,G,A,A,H,-,C,D,0,,Y,,,Y,Y,-,,0,1,0,0,0,0,1,0,0,"- ","- ",,,"SAN DIEGO","SAN DIEGO",-117.10449278,32.745891290000003
8418062,2017,2018-05-08,3711,2017-07-15,1554,7171,,6,5,7,3711,0,0,0,,0,625,"PACIFIC HWY","TAYLOR ST",500.00,N,N,A,-,N,,,,,,,,,,Y,2,0,2,2,A,-,08,22107,,N,D,G,A,A,H,-,A,D,0,,Y,,,Y,,L,04,1,1,0,0,0,0,1,0,0,"- ","- ",,,"SAN DIEGO","SAN DIEGO",-117.20140256000001,32.756733160000003
8418066,2017,2017-08-04,3711,2017-07-19,1530,7289,,3,5,7,3711,0,0,0,,0,611,"ROSECRANS ST","KURTZ ST",0.00,,Y,A,-,N,,,,,,,,,,N,3,0,1,2,A,-,05,21650,1,N,E,G,A,A,H,-,A,A,0,,Y,,,Y,,L,04,0,1,0,0,0,0,1,0,0,"- ","- ",,,"SAN DIEGO","SAN DIEGO",-117.20388007,32.752310110000003
8418079,2017,2017-08-02,3711,2017-07-23,1945,6009,EASTE,7,5,7,3711,0,0,0,,0,322,"SALLISAW CT","MARGERUM AV",528.00,W,N,A,-,N,,,,,,,,,,N,3,0,1,1,B,-,22,,,N,H,A,A,A,H,-,B,D,0,,Y,,,Y,,L,04,0,1,0,0,0,0,1,0,0,"- ","- ",,,"SAN DIEGO","SAN DIEGO",-117.06352,32.801439999999999
8420734,2017,2018-05-08,3711,2017-07-24,0845,7510,,1,5,7,3711,0,0,0,,0,931,"MIRAMAR RD","MIRACREST PL",250.00,W,N,C,-,N,,,,,,,,,,N,3,0,1,2,A,-,08,22107,,N,D,G,A,B,H,-,A,D,0,,Y,,,Y,,-,,0,1,0,0,0,0,1,0,0,"- ","- ",,,"SAN DIEGO","SAN DIEGO",-117.17017540000001,32.877913849999999
8421166,2017,2017-08-03,3711,2017-07-20,1859,6712,,4,5,7,3711,0,0,0,,0,124,"TORREY PINES RD","TORREY PINES RD 4100",111.00,W,N,A,-,N,,,,,,,,,,N,2,0,1,2,A,-,03,22350,,N,C,G,A,A,H,-,B,D,0,,Y,,,Y,,-,,1,0,0,0,0,0,1,0,0,"- ","- ",,,"SAN DIEGO","SAN DIEGO",,
8421231,2017,2017-08-03,3711,2017-07-19,1657,5450,,3,5,7,3711,0,0,0,,0,521,"ISLAND AV","10TH AV",0.00,,Y,A,-,N,,,,,,,,,,N,3,0,1,2,A,-,09,21802,A,N,H,G,A,A,H,-,A,D,0,,Y,,,Y,,L,04,0,1,0,0,0,0,1,0,0,"- ","- ",,,"SAN DIEGO","SAN DIEGO",-117.15557011,32.710440060000003
8424926,2017,2017-08-16,3711,2017-08-02,1739,8192,,3,5,7,3711,0,0,0,,0,822,"56TH ST","56TH ST 4300",0.00,,-,A,-,N,,,,,,,,,,N,3,0,1,1,C,-,18,,,N,H,I,A,A,B,-,A,D,0,,Y,,,Y,,-,"- ",0,1,0,0,0,0,1,0,0,"- ","- ",,,"SAN DIEGO","SAN DIEGO",-117.07497506999999,32.754895070000003
8424933,2017,2017-08-16,3711,2017-08-02,1100,7555,,3,5,7,3711,0,0,0,,0,627,"UNIVERSITY AV","6TH AV",17.00,E,N,A,-,N,,,,,,,,,,N,3,0,1,3,A,-,04,21703,,N,A,C,A,A,H,-,A,A,0,,Y,,,Y,,A,01,0,1,0,0,0,0,1,0,0,"- ","- ",,,"SAN DIEGO","SAN DIEGO",-117.15947494,32.748331999999998
8427916,2017,2017-08-16,3711,2017-07-27,2012,7594,,4,5,7,3711,0,0,0,,0,813,"30TH ST","LINCOLN AV",269.00,S,N,A,-,N,,,,,,,,,,N,3,0,1,2,A,-,08,22102,,N,D,G,A,A,H,-,C,D,0,,Y,,,Y,,A,01,0,1,0,0,0,0,1,0,0,"- ","- ",,,"SAN DIEGO","SAN DIEGO",-117.13015572,32.749593140000002
8429417,2017,2017-08-18,3711,2017-08-04,0826,6391,,5,5,7,3711,0,0,0,,0,242,"MERCY RD","ALEMANIA RD",150.00,W,N,B,-,N,,,,,,,,,,N,3,0,1,1,A,-,03,22350,,N,H,-,A,A,H,-,A,D,0,,Y,,,Y,,L,04,0,1,0,0,0,0,1,0,0,"- ","- ",,,"SAN DIEGO","SAN DIEGO",-117.11341435,32.937197810000001
8430196,2017,2017-08-21,3711,2017-08-03,2114,6133,,4,5,7,3711,0,0,0,,0,611,"SPORTS ARENA BL","SPORTS ARENA BL 3455",4.00,E,N,A,-,N,,,,,,,,,,N,3,0,1,2,A,-,08,22107,,N,C,G,A,A,H,-,C,D,0,,Y,,,Y,,-,,0,1,0,0,0,0,1,0,0,"- ","- ",,,"SAN DIEGO","SAN DIEGO",,
8430220,2017,2017-08-24,3711,2017-08-02,2045,7406,3711,3,5,7,3711,0,0,0,,0,122,"OCEAN BL","FELSPAR ST",0.00,,Y,A,-,N,,,,,,,,,,,3,0,1,1,A,-,08,22107,,N,H,A,A,A,A,-,C,D,0,,Y,,,Y,,L,04,0,1,0,0,0,0,1,0,0,"- ","- ",,,"SAN DIEGO","SAN DIEGO",-117.25703007,32.797200060000002
8432701,2017,2017-08-23,3711,2017-08-11,1731,8192,,5,5,7,3711,0,0,0,,0,831,"30TH ST","EL CAJON BL",300.00,N,N,A,-,N,,,,,,,,,,N,3,0,1,2,A,-,08,22107,,N,B,G,A,A,H,-,B,D,0,,Y,,,Y,,A,01,0,1,0,0,0,0,1,0,0,"- ","- ",,,"SAN DIEGO","SAN DIEGO",-117.13017000000001,32.756221779999997
8433983,2017,2017-09-06,3711,2017-07-26,0058,7264,,3,5,7,3711,0,0,0,,0,628,"HANCOCK CIR","WEST WASHINGTON ST",0.00,,Y,A,-,N,,,,,,,,,,N,3,0,1,2,A,-,12,21453,A,N,G,G,A,A,H,-,C,A,0,,Y,,,Y,,L,04,0,1,0,0,0,0,1,0,0,"- ","- ",,,"SAN DIEGO","SAN DIEGO",-117.18321009,32.741990090000002
8434440,2017,2018-01-05,3711,2017-07-13,1231,7305,,4,5,7,3711,0,0,0,,0,522,"WEST BROADWAY","COLUMBIA ST",0.00,,Y,A,-,N,,,,,,,,,,N,3,0,1,1,C,-,18,,,N,H,A,A,A,H,-,A,A,0,,Y,,,Y,,-,"- ",0,1,0,0,0,0,1,0,0,"- ","- ",,,"SAN DIEGO","SAN DIEGO",-117.16742012,32.715760080000003
8434512,2017,2017-08-23,3711,2017-08-10,0815,7547,,4,5,7,3711,0,0,0,,0,936,"CAMINO DEL SUR","RT 56",0.00,,Y,A,-,N,,,,,,,,,,N,3,0,1,2,A,-,11,21456,B,N,D,G,A,A,H,-,A,A,0,,Y,,,Y,,L,04,0,1,0,0,0,0,1,0,0,"- ",EO,,,"SAN DIEGO","SAN DIEGO",-117.15292633,32.958841630000002
8434678,2017,2017-08-24,3711,2017-08-13,0327,8816,,7,5,7,3711,0,0,0,,0,122,"GARNET AV","FANUEL ST",40.00,E,N,A,-,N,,,,,,,,,,N,4,0,1,2,A,-,08,22107,,M,D,G,A,A,H,-,C,A,0,,Y,,,Y,,-,,0,0,1,0,0,0,1,0,0,"- ","- ",,,"SAN DIEGO","SAN DIEGO",-117.24622459,32.798558100000001
8434694,2017,2017-08-24,3711,2017-08-12,1048,6082,,6,5,7,3711,0,0,0,,0,124,"LA JOLLA SHORES DR","LA JOLLA SHORES LN",40.00,E,N,A,-,N,,,,,,,,,,N,3,0,1,1,A,-,03,22350,,N,E,I,A,A,H,-,A,D,0,,Y,,,Y,,L,04,0,1,0,0,0,0,1,0,0,"- ","- ",,,"SAN DIEGO","SAN DIEGO",-117.25108763999999,32.871036709999998
8434710,2017,2017-08-24,3711,2017-08-10,1830,6798,,4,5,7,3711,0,0,0,,0,451,"COLLEGE GROVE DR","COLLEGE AV",4.00,S,N,A,-,N,,,,,,,,,,N,3,0,1,2,A,-,05,21651,B,N,D,G,A,A,H,-,A,A,0,,Y,,,Y,,-,,0,1,0,0,0,0,1,0,0,"- ","- ",,,"SAN DIEGO","SAN DIEGO",-117.05365116,32.744354420000001
8434718,2017,2017-08-24,3711,2017-08-09,1432,8192,,3,5,7,3711,0,0,0,,0,825,"ADAMS AV","TERRACE DR",0.00,,Y,A,-,N,,,,,,,,,,N,4,0,1,2,A,-,08,22107,,N,C,G,A,A,H,-,A,D,0,,Y,,,Y,,L,04,0,0,1,0,0,0,1,0,0,"- ","- ",,,"SAN DIEGO","SAN DIEGO",-117.10835003,32.76327002
8437781,2017,2017-08-24,3711,2017-08-07,1736,6625,3711,1,5,7,3711,0,0,0,,0,524,"C ST","7TH AV",15.00,W,N,A,-,N,,,,,,,,,,N,3,0,1,2,A,-,12,21453,A,N,-,F,A,A,H,-,A,A,0,,Y,,,Y,,L,04,0,1,0,0,0,0,1,0,0,"- ","- ",,,"SAN DIEGO","SAN DIEGO",-117.15837861,32.716760000000001
8437785,2017,2017-08-24,3711,2017-08-14,1022,6788,,1,5,7,3711,0,0,0,,0,315,"MISSION CENTER RD","MISSION CENTER CT",0.00,,Y,A,-,N,,,,,,,,,,N,3,0,1,2,A,-,05,21651,B,N,H,G,A,A,H,-,A,A,0,,Y,,,Y,Y,L,04,0,1,0,0,0,0,1,0,0,"- ","- ",,,"SAN DIEGO","SAN DIEGO",-117.15417001,32.77358006
8438147,2017,2017-10-03,3711,2017-07-20,1257,6978,"SAN D",4,5,7,3711,0,0,0,,0,121,"VENTURA PL","MISSION BL",447.00,W,N,A,-,N,,,,,,,,,,N,4,0,1,2,A,-,10,21952,,M,A,G,A,A,-,-,A,D,0,,Y,,,Y,,-,,0,0,1,0,0,0,1,0,0,"- ","- ",,,"SAN DIEGO","SAN DIEGO",-117.25266877999999,32.772018559999999
8438331,2017,2017-09-09,3711,2017-07-02,1840,7344,,7,5,7,3711,0,0,0,,0,124,"TORREY PINES RD","ROSELAND DR",0.00,,Y,A,-,N,,,,,,,,,,N,4,0,1,2,A,-,08,22107,,N,B,G,A,A,H,-,A,D,0,,Y,,,Y,,-,,0,0,1,0,0,0,1,0,0,"- ","- ",,,"SAN DIEGO","SAN DIEGO",-117.25695,32.849870109999998
8438493,2017,2017-08-29,3711,2017-08-17,1700,7227,,4,5,7,3711,0,0,0,,0,841,"ARAGON DR","UNIVERSITY AV",10.00,N,N,A,-,N,,,,,,,,,,N,3,0,1,2,A,-,12,21453,A,N,D,G,A,A,H,-,A,A,0,,Y,,,Y,,L,04,0,1,0,0,0,0,1,0,0,"- ","- ",,,"SAN DIEGO","SAN DIEGO",-117.05474,32.755407390000002
8438505,2017,2017-09-09,3711,2017-08-10,1445,6167,SD,4,5,7,3711,0,0,0,,0,122,"MISSION BL","HORNBLEND ST",0.00,,Y,A,-,N,,,,,,,,,,N,3,0,1,2,A,-,00,23123,5,N,D,-,A,A,H,-,A,B,0,,Y,,,Y,,A,01,0,1,0,0,0,0,1,0,0,"- ","- ",,,"SAN DIEGO","SAN DIEGO",-117.25522013,32.795660060000003
8438557,2017,2017-08-29,3711,2017-08-09,2107,7178,CEN,3,5,7,3711,0,0,0,,0,531,"PERSHING DR","FLORIDA ST",0.00,,Y,A,-,N,,,,,,,,,,N,4,0,1,1,A,-,05,21650,1,N,G,G,A,A,H,-,C,A,0,,Y,,,Y,,L,04,0,0,1,0,0,0,1,0,0,"- ","- ",,,"SAN DIEGO","SAN DIEGO",-117.14262005,32.722720080000002
8443525,2017,2017-09-08,3711,2017-08-26,1105,5365,,6,5,7,3711,0,0,0,,0,126,"N TORREY RD","TORREY PINES SCIENCE PARK",1320.00,S,N,B,-,N,,,,,,,,,,N,4,0,1,2,A,-,03,22350,,N,C,-,A,A,H,-,A,D,0,,Y,,,Y,,L,04,0,0,1,0,0,0,1,0,0,"- ","- ",,,"SAN DIEGO","SAN DIEGO",,
8443827,2017,2017-09-12,3711,2017-08-28,1949,7238,,1,5,7,3711,0,0,0,,0,833,"UNIVERSITY AV","HIGHLAND AV",350.00,W,N,A,-,N,,,,,,,,,,N,3,0,1,2,A,-,05,21650,1,N,D,G,A,A,H,-,C,D,0,,Y,,,Y,,L,04,0,1,0,0,0,0,1,0,0,"- ","- ",,,"SAN DIEGO","SAN DIEGO",-117.0998645,32.749609999999997
8443835,2017,2017-09-12,3711,2017-08-16,1821,7496,,3,5,7,3711,0,0,0,,0,524,BROADWAY,"5TH AV",0.00,,Y,A,-,N,,,,,,,,,,N,4,0,1,1,D,-,00,,,N,H,A,A,A,H,-,A,D,0,,Y,,,Y,,-,"- ",0,0,1,0,0,0,1,0,0,"- ","- ",,,"SAN DIEGO","SAN DIEGO",-117.16015007,32.715710090000002
8444990,2017,2017-09-12,3711,2017-08-01,2151,6372,,2,5,7,3711,0,0,0,,0,451,"CHOLLAS RD","COLLURA ST",0.00,,Y,A,-,N,,,,,,,,,,N,2,0,1,1,A,-,03,22350,,N,F,A,A,A,H,-,C,D,0,,Y,,,Y,,L,04,1,0,0,0,0,0,1,0,0,"- ","- ",,,"SAN DIEGO","SAN DIEGO",-117.08416001000001,32.738140039999998
8445835,2017,2018-05-08,3711,2017-08-24,1730,7532,,4,5,7,3711,0,0,0,,0,122,"GARNET AV","EVERTS ST",0.00,,Y,B,-,N,,,,,,,,,,N,4,0,1,2,A,-,08,22107,,N,D,G,A,A,H,-,A,A,0,,Y,,,Y,,-,,0,0,1,0,0,0,1,0,0,"- ","- ",,,"SAN DIEGO","SAN DIEGO",-117.24817011,32.798140099999998
8447569,2017,2017-10-02,3711,2017-08-22,1512,6180,,2,5,7,3711,0,0,0,,0,834,"UNIVERSITY AV","MARLBOROUGH AV",0.00,,Y,A,-,N,,,,,,,,,,N,4,0,1,2,A,-,09,21801,A,N,-,G,A,A,G,-,A,A,0,,Y,,,Y,,A,01,0,0,1,0,0,0,1,0,0,"- ","- ",,,"SAN DIEGO","SAN DIEGO",-117.10569,32.74968003
8447573,2017,2017-12-06,3711,2017-08-22,1828,6769,"SAN D",2,5,7,3711,0,0,0,,0,813,"2711 28TH ST","28TH ST",6.00,E,N,A,-,N,,,,,,,,,,N,4,0,1,2,A,-,08,22107,,N,C,E,A,A,H,-,A,D,0,,Y,,,Y,,L,04,0,0,1,0,0,0,1,0,0,"- ","- ",,,"SAN DIEGO","SAN DIEGO",-117.13362247000001,32.734087389999999
8447585,2017,2017-10-02,3711,2017-08-22,1325,5572,,2,5,7,3711,0,0,0,,0,326,"MONTEZUMA RD","55TH ST",200.00,E,N,A,-,N,,,,,,,,,,N,4,0,1,2,A,-,04,21703,,N,C,G,A,A,H,-,A,D,0,,Y,,,Y,,L,04,0,0,1,0,0,0,1,0,0,"- ","- ",,,"SAN DIEGO","SAN DIEGO",-117.07561158,32.770710000000001
8447586,2017,2017-09-29,3711,2017-08-21,1706,6839,,1,5,7,3711,0,0,0,,0,934,"HIGH BLUFF DR","DEL MAR HEIGHTS RD",80.00,N,N,A,-,N,,,,,,,,,,N,3,0,1,1,C,-,18,,,N,E,I,A,A,G,-,A,D,0,,Y,,,Y,,-,"- ",0,1,0,0,0,0,1,0,0,"- ","- ",,,"SAN DIEGO","SAN DIEGO",-117.23953283,32.951947449999999
8449391,2017,2017-09-26,3711,2017-08-25,1545,5348,SANDI,5,5,7,3711,0,0,0,,0,531,"PARK BL","ZOO DR",300.00,N,N,A,-,N,,,,,,,,,,N,3,0,1,2,A,-,17,22517,,N,H,G,A,A,H,-,A,-,0,,Y,,,Y,,-,"- ",0,1,0,0,0,0,1,0,0,"- ","- ",,,"SAN DIEGO","SAN DIEGO",-117.1475155,32.74103436
8450152,2017,2017-09-21,3711,2017-09-10,1045,7626,,7,5,7,3711,0,0,0,,0,512,"31ST ST","MARTIN AV",18.00,N,N,A,-,N,,,,,,,,,,N,3,0,1,2,A,-,12,22450,,N,D,G,A,A,H,-,A,D,0,,Y,,,Y,,L,04,0,1,0,0,0,0,1,0,0,"- ","- ",,,"SAN DIEGO","SAN DIEGO",-117.12733095,32.699139299999999
8450477,2017,2017-09-30,3711,2017-09-12,1440,5335,,2,5,7,3711,0,0,0,,0,233,"PASEO MONTALBAN","PASEO MONTALBAN 9800",0.00,,N,A,-,N,,,,,,,,,,N,3,0,1,2,A,-,12,21453,A,N,D,G,A,A,H,-,A,A,0,,Y,,,Y,,L,04,0,1,0,0,0,0,1,0,0,"- ","- ",32.574399999999997,-117.73999999999999,"SAN DIEGO","SAN DIEGO",,
8450721,2017,2018-05-08,3711,2017-09-15,2140,7649,,5,5,7,3711,0,0,0,,0,243,"KEARNY VILLA RD","KEARNY VILLA RD 6700",0.00,,N,A,-,N,,,,,,,,,,Y,3,0,1,2,A,-,08,22107,,N,H,G,A,A,H,-,C,D,0,,Y,,,Y,Y,-,,0,1,0,0,0,0,1,0,0,"- ","- ",32.852409999999999,-117.1199,"SAN DIEGO","SAN DIEGO",-117.11990833,32.852408189999998
8450729,2017,2017-10-06,3711,2017-09-19,1523,7390,,2,5,7,3711,0,0,0,,0,123,"INGRAHAM ST","DANA LANDING RD",300.00,N,N,A,-,N,,,,,,,,,,N,3,0,1,1,A,-,08,22107,,N,B,I,A,A,H,-,A,D,0,,Y,,,Y,,L,04,0,1,0,0,0,0,1,0,0,"- ","- ",,,"SAN DIEGO","SAN DIEGO",-117.23390757999999,32.768618549999999
8451800,2017,2017-10-02,3711,2017-08-30,1158,5600,,3,5,7,3711,0,0,0,,0,234,"CAM ABROJO","CAM ARMILLA",0.00,,Y,A,-,N,,,,,,,,,,N,3,0,1,1,-,-,"- ",,,N,F,A,A,A,H,-,A,D,0,,Y,,,Y,,-,"- ",0,1,0,0,0,0,1,0,0,"- ","- ",,,"SAN DIEGO","SAN DIEGO",-117.09390988,33.003400050000003
8452005,2017,2017-09-18,3711,2017-09-07,1835,7236,,4,5,7,3711,0,0,0,,0,311,"MURPHY CANYON RD","STONECREST BL",730.00,N,N,A,-,N,,,,,,,,,,N,3,0,1,2,A,-,00,21760,C,N,B,G,A,A,H,-,A,D,0,,Y,,,Y,,A,07,0,1,0,0,0,0,1,0,0,"- ","- ",,,"SAN DIEGO","SAN DIEGO",-117.11425939,32.80632859