CASE_ID,ACCIDENT_YEAR,PROC_DATE,JURIS,COLLISION_DATE,COLLISION_TIME,OFFICER_ID,REPORTING_DISTRICT,DAY_OF_WEEK,CHP_SHIFT,POPULATION,CNTY_CITY_LOC,SPECIAL_COND,BEAT_TYPE,CHP_BEAT_TYPE,CITY_DIVISION_LAPD,CHP_BEAT_CLASS,BEAT_NUMBER,PRIMARY_RD,SECONDARY_RD,DISTANCE,DIRECTION,INTERSECTION,WEATHER_1,WEATHER_2,STATE_HWY_IND,CALTRANS_COUNTY,CALTRANS_DISTRICT,STATE_ROUTE,ROUTE_SUFFIX,POSTMILE_PREFIX,POSTMILE,LOCATION_TYPE,RAMP_INTERSECTION,SIDE_OF_HWY,TOW_AWAY,COLLISION_SEVERITY,NUMBER_KILLED,NUMBER_INJURED,PARTY_COUNT,PRIMARY_COLL_FACTOR,PCF_CODE_OF_VIOL,PCF_VIOL_CATEGORY,PCF_VIOLATION,PCF_VIOL_SUBSECTION,HIT_AND_RUN,TYPE_OF_COLLISION,MVIW,PED_ACTION,ROAD_SURFACE,ROAD_COND_1,ROAD_COND_2,LIGHTING,CONTROL_DEVICE,CHP_ROAD_TYPE,PEDESTRIAN_ACCIDENT,BICYCLE_ACCIDENT,MOTORCYCLE_ACCIDENT,TRUCK_ACCIDENT,NOT_PRIVATE_PROPERTY,ALCOHOL_INVOLVED,STWD_VEHTYPE_AT_FAULT,CHP_VEHTYPE_AT_FAULT,COUNT_SEVERE_INJ,COUNT_VISIBLE_INJ,COUNT_COMPLAINT_PAIN,COUNT_PED_KILLED,COUNT_PED_INJURED,COUNT_BICYCLIST_KILLED,COUNT_BICYCLIST_INJURED,COUNT_MC_KILLED,COUNT_MC_INJURED,PRIMARY_RAMP,SECONDARY_RAMP,LATITUDE,LONGITUDE,COUNTY,CITY,POINT_X,POINT_Y
8452013,2017,2017-09-23,3711,2017-09-05,1850,7640,,2,5,7,3711,0,0,0,,0,621,"MESA COLLEGE DR",ARMSTRONG,198.00,E,N,A,-,N,,,,,,,,,,N,3,0,1,2,A,-,08,22107,,N,-,G,A,A,H,-,A,D,0,,Y,,,Y,,L,04,0,1,0,0,0,0,1,0,0,"- ","- ",,,"SAN DIEGO","SAN DIEGO",-117.16392999999999,32.804259999999999
8452065,2017,2017-09-18,3711,2017-09-04,1600,4892,,1,5,7,3711,0,0,0,,0,611,"SPORTS ARENA BL","EAST DR",150.00,W,N,A,-,N,,,,,,,,,,N,4,0,1,2,A,-,09,21802,A,N,D,G,A,A,H,-,A,D,0,,Y,,,Y,Y,-,,0,0,1,0,0,0,1,0,0,"- ","- ",,,"SAN DIEGO","SAN DIEGO",-117.20881503,32.753067970000004
8452470,2017,2017-09-25,3711,2017-09-03,1015,6082,,7,5,7,3711,0,0,0,,0,126,"TORREY PINES RD","EXPEDITION WY",0.00,,Y,B,-,N,,,,,,,,,,N,4,0,1,2,A,-,17,21451,A,N,B,G,A,A,H,-,A,A,0,,Y,,,Y,,-,,0,0,1,0,0,0,1,0,0,"- ","- ",,,"SAN DIEGO","SAN DIEGO",-117.24342006000001,32.871130110000003
8452478,2017,2017-09-25,3711,2017-09-04,1220,7341,,1,5,7,3711,0,0,0,,0,122,"CORONA ORIENTE RD","CROWN POINT DR",350.00,S,N,B,-,N,,,,,,,,,,N,3,0,1,2,A,-,00,21760,A,N,B,G,A,A,H,-,A,D,0,,Y,,,Y,,-,,0,1,0,0,0,0,1,0,0,"- ","- ",,,"SAN DIEGO","SAN DIEGO",-117.23437,32.782420000000002
8452712,2017,2017-09-19,3711,2017-08-29,0458,5985,,2,5,7,3711,0,0,0,,0,517,BROADWAY,"19TH ST",0.00,,Y,B,-,N,,,,,,,,,,N,3,0,1,2,A,-,09,21801,A,N,D,G,A,A,H,-,C,A,0,,Y,,,Y,,A,01,0,1,0,0,0,0,1,0,0,"- ","- ",,,"SAN DIEGO","SAN DIEGO",-117.14678007000001,32.715790060000003
8453081,2017,2017-09-25,3711,2017-09-08,1236,7547,,5,5,7,3711,0,0,0,,0,935,"CARMEL VALLEY RD","PACIFIC HIGHLAND RANCH PKWY",58.00,S,N,A,-,N,,,,,,,,,,N,3,0,1,1,A,-,08,22107,,N,E,A,A,A,H,-,A,A,0,,Y,,,Y,,L,04,0,1,0,0,0,0,1,0,0,"- ","- ",,,"SAN DIEGO","SAN DIEGO",-117.19080618,32.962874890000002
8455120,2017,2017-09-25,3711,2017-09-03,1216,7180,,7,5,7,3711,0,0,0,,0,627,"UNIVERSITY AV","RICHMOND ST",30.00,E,N,A,-,N,,,,,,,,,,N,4,0,1,2,A,-,09,21804,A,N,D,G,A,A,H,-,A,A,0,,Y,Y,,Y,,C,06,0,0,1,0,0,0,1,0,0,"- ","- ",,,"SAN DIEGO","SAN DIEGO",-117.15114275000001,32.748559999999998
8455153,2017,2017-09-25,3711,2017-07-21,0640,HB5908,,5,5,7,3711,0,0,0,,0,504,"W HARBOR DR","5TH AV",0.00,,Y,A,-,N,,,,,,,,,,N,4,0,1,2,A,-,17,22517,,N,H,G,A,A,-,-,A,A,0,,Y,,,Y,,-,,0,0,1,0,0,0,1,0,0,"- ","- ",,,"SAN DIEGO","SAN DIEGO",-117.16058004999999,32.706850119999999
8455767,2017,2017-09-20,3711,2017-08-24,0537,6774,,4,5,7,3711,0,0,0,,0,242,"MIRA MESA BL","PARKDALE AV",9.00,W,N,B,-,N,,,,,,,,,,Y,2,0,2,2,A,-,12,21453,A,N,D,G,A,A,H,-,C,A,0,,Y,Y,,Y,,L,04,2,0,0,0,0,0,1,0,1,"- ","- ",,,"SAN DIEGO","SAN DIEGO",-117.15562562,32.91062814
8455929,2017,2017-09-27,3711,2017-09-17,2500,7199,,7,5,7,3711,0,0,0,,0,511,"E HARBOR DR","32ND ST",0.00,,Y,A,-,N,,,,,,,,,,N,3,0,1,2,C,-,18,,,N,D,G,A,A,E,-,A,B,0,,Y,,,Y,,-,"- ",0,1,0,0,0,0,1,0,0,"- ","- ",,,"SAN DIEGO","SAN DIEGO",-117.12543008,32.685840089999999
8456210,2017,2017-09-22,3711,2017-09-10,1200,6614,,7,5,7,3711,0,0,0,,0,124,"CAMINO DE LA COSTA","CAMINO DE LA COSTA 5900",50.00,N,N,A,-,N,,,,,,,,,,N,4,0,1,1,A,-,03,22350,,N,H,A,A,B,G,-,A,D,0,,Y,,,Y,,L,04,0,0,1,0,0,0,1,0,0,"- ","- ",,,"SAN DIEGO","SAN DIEGO",,
8456284,2017,2017-09-27,3711,2017-09-12,0856,7644,,2,5,7,3711,0,0,0,,0,931,"MIRA MESA BL","SEQUENCE DR",500.00,W,N,A,-,N,,,,,,,,,,N,3,0,1,1,A,-,03,22350,,N,E,J,A,A,H,-,A,D,0,,Y,,,Y,,L,04,0,1,0,0,0,0,1,0,0,"- ","- ",,,"SAN DIEGO","SAN DIEGO",-117.18566283,32.902662540000001
8458805,2017,2017-10-06,3711,2017-09-17,1115,6824,,7,5,7,3711,0,0,0,,0,511,"HARBOR DR","SCHLEY ST",560.00,S,N,A,-,N,,,,,,,,,,N,3,0,1,1,D,-,00,,,N,H,A,A,A,H,-,A,D,0,,Y,,,Y,,-,"- ",0,1,0,0,0,0,1,0,0,"- ","- ",,,"SAN DIEGO","SAN DIEGO",-117.13798776,32.692100029999999
8458813,2017,2018-06-14,3711,2017-09-18,0840,6344,,1,5,7,3711,0,0,0,,0,313,"CLAIREMONT MESA BL","RT 163",0.00,,Y,B,-,Y,SD,11,163,-,-,8.950,R,4,S,N,3,0,1,2,A,-,09,21453,B,M,C,G,A,A,H,-,A,A,0,,Y,,,Y,,-,99,0,1,0,0,0,0,1,0,0,"- ",SF,,,"SAN DIEGO","SAN DIEGO",-117.13978632,32.834232620000002
8458959,2017,2017-10-04,3711,2017-09-20,0001,7230,,3,5,7,3711,0,0,0,,0,521,BROADWAY,"16TH ST",0.00,,Y,A,-,N,,,,,,,,,,N,4,0,1,2,A,-,12,21453,A,M,D,G,A,A,H,-,C,A,0,,Y,,,Y,,-,,0,0,1,0,0,0,1,0,0,"- ","- ",,,"SAN DIEGO","SAN DIEGO",-117.14947003,32.715750110000002
8461264,2017,2018-06-15,3711,2017-09-24,1210,6941,,7,5,7,3711,0,0,0,,0,722,"CORONADO AV","HOLLISTER ST",36.00,E,N,A,-,Y,SD,11,5,-,-,4.268,R,4,S,N,3,0,1,2,A,-,12,21453,A,N,D,G,A,A,H,-,A,A,0,,Y,,,Y,,L,04,0,1,0,0,0,0,1,0,0,"- ","- ",,,"SAN DIEGO","SAN DIEGO",-117.08507763999999,32.578940609999997
8462666,2017,2017-11-27,3711,2017-09-27,2129,7589,,3,5,7,3711,0,0,0,,0,521,"5TH AV","L ST",0.00,,Y,A,-,N,,,,,,,,,,N,3,0,4,2,A,-,03,22350,,N,B,G,A,A,H,-,C,A,0,,Y,,,Y,,L,04,0,4,0,0,0,0,4,0,0,"- ","- ",,,"SAN DIEGO","SAN DIEGO",-117.16021013,32.70727007
8462751,2017,2018-06-05,3711,2017-10-03,1609,6764,3711,2,5,7,3711,0,0,0,,0,113,"REGENTS RD","RT 52",1025.00,S,N,A,-,N,,,,,,,,,,N,4,0,1,1,A,-,03,22350,,N,E,I,A,A,H,-,A,D,0,,Y,,,Y,,L,04,0,0,1,0,0,0,1,0,0,"- ","- ",,,"SAN DIEGO","SAN DIEGO",-117.21578212999999,32.839826279999997
8462759,2017,2017-11-08,3711,2017-10-03,1457,6469,,2,5,7,3711,0,0,0,,0,811,"BANCROFT ST","BANCROFT ST 4600",0.00,,Y,A,-,N,,,,,,,,,,N,3,0,1,2,A,-,04,21703,,M,C,G,A,A,H,-,A,D,0,,Y,,,Y,,L,04,0,1,0,0,0,0,1,0,0,"- ","- ",,,"SAN DIEGO","SAN DIEGO",-117.12394774000001,32.76098004
8464684,2017,2017-10-26,3711,2017-09-27,1615,7572,,3,5,7,3711,0,0,0,,0,326,"COLLEGE AV","UNDO PASEO",330.00,N,N,A,-,N,,,,,,,,,,N,3,0,1,2,A,-,17,22517,,N,E,G,A,A,H,-,A,D,0,,Y,,,Y,,-,,0,1,0,0,0,0,1,0,0,"- ","- ",,,"SAN DIEGO","SAN DIEGO",,
8464754,2017,2017-11-01,3711,2017-10-01,2327,7574,"SAN D",7,5,7,3711,0,0,0,,0,624,"UNIVERSITY AV","CENTRE LN",40.00,W,N,A,-,N,,,,,,,,,,N,4,0,1,1,-,-,"- ",,,N,H,A,A,A,H,-,C,D,0,,Y,,,Y,Y,-,"- ",0,0,1,0,0,0,1,0,0,"- ","- ",,,"SAN DIEGO","SAN DIEGO",-117.14850966,32.74841
8464782,2017,2017-10-13,3711,2017-10-01,1645,5423,,7,5,7,3711,0,0,0,,0,617,"CATALINA BL",ROSECROFT,95.00,S,N,A,-,N,,,,,,,,,,N,4,0,1,1,A,-,17,21367,C,N,H,A,A,A,C,D,A,D,0,,Y,,,Y,,L,04,0,0,1,0,0,0,1,0,0,"- ","- ",,,"SAN DIEGO","SAN DIEGO",-117.24815771,32.712656099999997
8464786,2017,2017-10-13,3711,2017-10-02,1455,6986,,1,5,7,3711,0,0,0,,0,827,"UNIVERSITY AV","SHILOH RD",0.00,,Y,A,-,N,,,,,,,,,,N,3,0,1,2,A,-,12,22450,A,N,D,G,A,A,H,-,A,D,0,,Y,,,Y,,L,04,0,1,0,0,0,0,1,0,0,"- ","- ",,,"SAN DIEGO","SAN DIEGO",-117.08153000999999,32.749079999999999
8464811,2017,2017-10-13,3711,2017-09-20,0830,7451,,3,5,7,3711,0,0,0,,0,627,"WEST WASHINGTON ST","DOVE ST",0.00,,Y,B,-,N,,,,,,,,,,N,3,0,1,2,A,-,08,22107,,N,B,G,A,A,H,-,A,A,0,,Y,,,Y,,-,"- ",0,1,0,0,0,0,1,0,0,"- ","- ",,,"SAN DIEGO","SAN DIEGO",-117.16865011,32.749920039999999
8465263,2017,2017-12-04,3711,2017-10-04,1428,7412,"SAN D",3,5,7,3711,0,0,0,,0,232,"EASTBOURNE RD","WAVERLY DOWNS WY",0.00,,-,A,-,N,,,,,,,,,,N,3,0,1,2,A,-,11,21950,B,N,D,G,A,A,H,-,A,D,0,,Y,,,Y,,L,04,0,1,0,0,0,0,1,0,0,"- ","- ",32.983040000000003,-117.07059,"SAN DIEGO","SAN DIEGO",-117.07046008,32.983000050000001
8465267,2017,2017-12-04,3711,2017-10-03,0800,7639,"SAN D",2,5,7,3711,0,0,0,,0,813,"UPAS ST","UTAH ST",0.00,,Y,A,-,N,,,,,,,,,,N,3,0,1,2,A,-,09,21801,A,N,D,G,A,A,H,-,A,D,0,,Y,,,Y,,A,01,0,1,0,0,0,0,1,0,0,"- ","- ",,,"SAN DIEGO","SAN DIEGO",-117.13280003,32.74109009
8466171,2017,2017-10-05,3711,2017-09-25,2000,4899,"SAN D",1,5,7,3711,0,0,0,,0,524,"WEST ASH ST","NORTH HARBOR DR",0.00,,Y,B,-,N,,,,,,,,,,N,3,0,1,1,A,-,03,22350,,N,E,J,A,A,H,-,C,A,0,,Y,,,Y,Y,L,04,0,1,0,0,0,0,1,0,0,"- ","- ",,,"SAN DIEGO","SAN DIEGO",-117.17312011,32.719840120000001
8468566,2017,2017-11-08,3711,2017-10-02,1555,6616,"SAN D",1,5,7,3711,0,0,0,,0,934,"CARMEL CREEK RD","VALLEY CENTER",51.00,N,N,A,-,N,,,,,,,,,,N,3,0,1,1,A,-,03,22350,,N,F,A,A,A,H,-,A,A,0,,Y,,,Y,,L,04,0,1,0,0,0,0,1,0,0,"- ","- ",,,"SAN DIEGO","SAN DIEGO",-117.22984566,32.9383543
8468582,2017,2017-11-13,3711,2017-10-08,1045,4957,SANDI,7,5,7,3711,0,0,0,,0,242,"MIRA MESA BL",MARBURY,528.00,W,N,A,-,N,,,,,,,,,,N,4,0,1,2,A,-,09,21801,A,N,-,G,A,A,H,-,A,D,0,,Y,,,Y,,-,"- ",0,0,1,0,0,0,1,0,0,"- ","- ",,,"SAN DIEGO","SAN DIEGO",-117.13111781000001,32.915127040000002
8468595,2017,2017-11-08,3711,2017-10-07,1759,6842,,6,5,7,3711,0,0,0,,0,122,"MISSION BAY DR","GARNET AV",0.00,,Y,A,-,N,,,,,,,,,,Y,3,0,1,2,A,-,12,21453,A,N,D,G,A,A,H,-,A,A,0,,Y,,,Y,,L,04,0,1,0,0,0,0,1,0,0,"- ","- ",,,"SAN DIEGO","SAN DIEGO",-117.21897002,32.806150099999996
8468598,2017,2017-11-13,3711,2017-10-08,0736,7650,,7,5,7,3711,0,0,0,,0,813,"30TH ST","MADISON AV",210.00,N,N,A,-,N,,,,,,,,,,N,3,0,1,1,A,-,03,22350,,N,H,A,A,A,H,-,A,D,0,,Y,,,Y,,L,04,0,1,0,0,0,0,1,0,0,"- ","- ",,,"SAN DIEGO","SAN DIEGO",-117.13020691,32.761595239999998
8468599,2017,2017-11-08,3711,2017-10-07,1550,7428,"SAN D",6,5,7,3711,0,0,0,,0,122,"CROWN POINT DR","FORTUNA AV",0.00,,Y,A,-,N,,,,,,,,,,N,3,0,1,2,A,-,08,22107,,N,-,E,A,A,H,-,A,D,0,,Y,,,Y,Y,L,04,0,1,0,0,0,0,1,0,0,"- ","- ",,,"SAN DIEGO","SAN DIEGO",-117.2306401,32.794090009999998
8468603,2017,2017-11-13,3711,2017-10-05,1911,7236,,4,5,7,3711,0,0,0,,0,315,"MISSION CENTER RD","CAMINO DE LA REINA",380.00,N,N,A,-,N,,,,,,,,,,N,4,0,1,2,D,-,00,,,N,E,G,A,A,H,-,C,D,0,,Y,,,Y,,-,"- ",0,0,1,0,0,0,1,0,0,"- ","- ",,,"SAN DIEGO","SAN DIEGO",-117.15422196999999,32.769142340000002
8468615,2017,2017-11-08,3711,2017-10-07,1518,7297,,6,5,7,3711,0,0,0,,0,313,"CLAIREMONT MESA BL","9330 CLAIREMONT MESA BL",20.00,S,N,A,-,N,,,,,,,,,,N,3,0,1,1,D,-,00,,,N,H,-,A,A,H,-,A,D,0,,Y,,,Y,,-,"- ",0,1,0,0,0,0,1,0,0,"- ","- ",,,"SAN DIEGO","SAN DIEGO",,
8471015,2017,2017-10-27,3711,2017-10-09,1514,7274,,1,5,7,3711,0,0,0,,0,621,"FULTON ST","LEVANT ST",0.00,,Y,A,-,N,,,,,,,,,,N,4,0,1,4,A,-,05,21650,1,N,D,E,A,A,H,-,A,D,0,,Y,,,Y,,L,04,0,0,1,0,0,0,1,0,0,"- ","- ",,,"SAN DIEGO","SAN DIEGO",-117.16927006,32.790810090000001
8471039,2017,2017-10-27,3711,2017-10-11,0821,6156,SD,3,5,7,3711,0,0,0,,0,124,"CAMINO DE LA COSTA","LA JOLLA BL",0.00,,Y,A,-,N,,,,,,,,,,N,4,0,1,2,A,-,09,21801,A,N,D,G,A,A,H,-,A,D,0,,Y,,,Y,,L,04,0,0,1,0,0,0,1,0,0,"- ","- ",,,"SAN DIEGO","SAN DIEGO",-117.27175990000001,32.81755004
8471877,2017,2017-10-23,3711,2017-10-06,2000,7284,,5,5,7,3711,0,0,0,,0,311,"MISSION CENTER RD","MURRAY RIDGE RD",2112.00,S,N,A,-,N,,,,,,,,,,N,4,0,1,1,A,-,03,22350,,N,E,I,A,A,H,-,D,D,0,,Y,,,Y,,L,04,0,0,1,0,0,0,1,0,0,"- ","- ",,,"SAN DIEGO","SAN DIEGO",-117.14485000000001,32.789760000000001
8474149,2017,2017-10-21,3711,2017-10-08,1540,6915,,7,5,7,3711,0,0,0,,0,531,"200 DR","PARK BL",6.00,N,N,A,-,N,,,,,,,,,,N,4,0,1,2,A,-,09,21801,A,N,D,G,A,A,H,-,A,A,0,,Y,,,Y,,A,01,0,0,1,0,0,0,1,0,0,"- ","- ",,,"SAN DIEGO","SAN DIEGO",,
8474536,2017,2017-11-07,3711,2017-10-04,1323,7990,,3,5,7,3711,0,0,0,,0,111,"MOUNT EVEREST BL","MT EVEREST BL 3500",0.00,,N,A,-,N,,,,,,,,,,N,3,0,1,1,A,-,08,22107,,N,E,A,A,A,H,-,A,D,0,,Y,,,Y,,L,04,0,1,0,0,0,0,1,0,0,"- ","- ",,,"SAN DIEGO","SAN DIEGO",,
8475652,2017,2017-12-02,3711,2017-10-24,1456,6070,,2,5,7,3711,0,0,0,,0,124,"FAY AV","FAY AV 7700",0.00,,N,A,-,N,,,,,,,,,,N,4,0,1,2,A,-,09,21802,B,N,-,G,A,A,H,-,A,D,0,,Y,,,Y,,L,04,0,0,1,0,0,0,1,0,0,"- ","- ",,,"SAN DIEGO","SAN DIEGO",-117.27476835,32.843351179999999
8475692,2017,2017-12-05,3711,2017-11-01,1100,7456,,3,5,7,3711,0,0,0,,0,122,"FELSPAR ST","FELSPAR ST 700",10.00,S,N,B,-,N,,,,,,,,,,N,3,0,1,1,A,-,16,24002,A,N,H,-,A,A,H,-,A,D,0,,Y,,,Y,,L,04,0,1,0,0,0,0,1,0,0,"- ","- ",32.797199999999997,-117.25700000000001,"SAN DIEGO","SAN DIEGO",,
8475846,2017,2017-11-30,3711,2017-10-30,0955,5495,,1,5,7,3711,0,0,0,,0,725,"DENNERY RD","DENNERY RD 640",0.00,,-,B,-,N,,,,,,,,,,N,3,0,1,2,A,-,05,21650,1,N,D,G,A,A,H,-,A,A,0,,Y,,,Y,,L,04,0,1,0,0,0,0,1,0,0,"- ","- ",,,"SAN DIEGO","SAN DIEGO",-117.03260422,32.58181527
8475955,2017,2017-10-26,3711,2017-10-11,0915,7490,,3,5,7,3711,0,0,0,,0,005,"TOWNE CENTRE DR","LA JOLLA VILLAGE DR",0.00,,-,A,-,N,,,,,,,,,,N,3,0,1,2,A,-,11,21954,A,N,D,G,A,A,H,-,A,D,0,,Y,,,Y,,L,04,0,1,0,0,0,0,1,0,0,"- ","- ",,,"SAN DIEGO","SAN DIEGO",-117.20742011,32.874100040000002
8475959,2017,2017-10-26,3711,2017-10-12,1648,6035,,4,5,7,3711,0,0,0,,0,834,"MYRTLE AV","39TH ST",21.00,E,N,A,-,N,,,,,,,,,,N,4,0,2,3,A,-,05,21650,1,N,D,G,A,A,-,-,A,D,0,,Y,,,Y,,L,04,0,0,2,0,0,0,2,0,0,"- ","- ",,,"SAN DIEGO","SAN DIEGO",-117.11060195,32.74221876
8475971,2017,2017-11-08,3711,2017-10-10,1150,5494,,2,5,7,3711,0,0,0,,0,932,"TORRERY PINES RD","CARMEL VALLEY RD",0.00,,-,A,-,N,,,,,,,,,,N,4,0,1,2,A,-,09,21804,A,N,D,-,A,-,H,-,A,D,0,,Y,,,Y,,L,04,0,0,1,0,0,0,1,0,0,"- ","- ",,,"SAN DIEGO","SAN DIEGO",-117.26113013,32.94029003
8476421,2017,2018-06-26,3711,2017-10-14,1705,7428,"SAN D",6,5,7,3711,0,0,0,,0,,"SEA WORLD DR","RT 5",0.00,,Y,A,-,Y,SD,11,5,-,R,20.965,R,4,S,N,3,0,1,2,A,-,08,22107,,N,D,G,A,A,H,-,A,A,0,,Y,,,Y,,-,,0,1,0,0,0,0,1,0,0,"- ",SF,,,"SAN DIEGO","SAN DIEGO",-117.20729350000001,32.772008679999999
8478163,2017,2017-11-29,3711,2017-10-18,1740,5421,,3,5,7,3711,0,0,0,,0,933,"CARMEL VALLEY RD","VIA GRIMALDI",150.00,E,N,A,-,N,,,,,,,,,,N,3,0,1,2,A,-,09,21801,A,N,H,G,A,A,H,-,A,D,0,,Y,,,Y,,A,07,0,1,0,0,0,0,0,0,0,"- ","- ",,,"SAN DIEGO","SAN DIEGO",-117.24956644,32.93158974
8478220,2017,2017-12-06,3711,2017-10-20,1452,7099,,5,5,7,3711,0,0,0,,0,722,"GREENBAY ST","HEMLOCK AV",0.00,,Y,A,-,N,,,,,,,,,,Y,3,0,1,2,B,-,22,,,M,D,G,A,A,H,-,A,A,0,,Y,,,Y,,-,"- ",0,1,0,0,0,0,1,0,0,"- ","- ",,,"SAN DIEGO","SAN DIEGO",-117.08838007999999,32.570590039999999
8478476,2017,2017-11-16,3711,2017-10-16,0721,7365,,1,5,7,3711,0,0,0,,0,321,"MISSION GORGE RD","MISSION GORGE RD 7500",0.00,,-,A,-,N,,,,,,,,,,N,3,0,1,1,D,-,00,,,N,E,A,A,A,H,-,A,D,0,,Y,,,Y,,-,"- ",0,1,0,0,0,0,1,0,0,"- ","- ",,,"SAN DIEGO","SAN DIEGO",-117.0776546,32.807220620000002
8478480,2017,2017-11-16,3711,2017-10-16,1833,4849,,1,5,7,3711,0,0,0,,0,529,"2ND AV","GRAPE ST",0.00,,Y,A,-,N,,,,,,,,,,N,3,0,1,2,A,-,12,22450,A,N,A,G,A,A,H,-,C,A,0,,Y,,,Y,,L,04,0,1,0,0,0,0,1,0,0,"- ","- ",,,"SAN DIEGO","SAN DIEGO",-117.16300012000001,32.726130040000001
8479349,2017,2017-10-30,3711,2017-10-17,2100,7072,,2,5,7,3711,0,0,0,,0,122,"MISSION BL","MISSION BL 5000",9.00,E,N,A,-,N,,,,,,,,,,N,4,0,1,1,C,-,18,,,N,E,-,A,A,A,-,C,D,0,,Y,,,Y,,-,"- ",0,0,1,0,0,0,1,0,0,"- ","- ",,,"SAN DIEGO","SAN DIEGO",,
8480203,2017,2017-11-03,3711,2017-10-22,1131,7452,,7,5,7,3711,0,0,0,,0,839,"WIGHTMAN ST","40TH ST",5.00,W,N,A,-,N,,,,,,,,,,N,4,0,1,2,A,-,12,21453,A,N,D,G,A,A,H,-,A,A,0,,Y,,,Y,,L,04,0,0,1,0,0,0,1,0,0,"- ","- ",,,"SAN DIEGO","SAN DIEGO",-117.10949619,32.74776069
8481297,2017,2017-12-01,3711,2017-10-26,1658,4243,3711,4,5,7,3711,0,0,0,,0,437,"BRIARWOOD RD","ALTA VIEW DR",4.00,S,N,A,-,N,,,,,,,,,,N,2,0,1,2,A,-,09,21453,C,N,D,G,A,A,H,-,A,A,0,,Y,,,Y,,L,04,1,0,0,0,0,0,1,0,0,"- ","- ",,,"SAN DIEGO","SAN DIEGO",-117.03181993,32.682823110000001
8481301,2017,2017-12-01,3711,2017-10-18,0746,5600,,3,5,7,3711,0,0,0,,0,122,"ARCHER ST","EVERTS ST",0.00,,Y,A,-,N,,,,,,,,,,N,2,0,1,2,A,-,09,21802,A,N,D,G,A,A,H,-,A,A,0,,Y,,,Y,,A,07,1,0,0,0,0,0,1,0,0,"- ","- ",,,"SAN DIEGO","SAN DIEGO",-117.25268011999999,32.812090009999999
8484951,2017,2017-12-07,3711,2017-11-03,1541,4759,,5,5,7,3711,0,0,0,,0,122,"PACIFIC BEACH DR","FANUEL ST",6.00,E,N,B,-,N,,,,,,,,,,N,4,0,1,2,A,-,10,21950,C,N,D,G,A,A,H,-,A,D,0,,Y,,,Y,,-,,0,0,1,0,0,0,1,0,0,"- ","- ",,,"SAN DIEGO","SAN DIEGO",-117.24461118000001,32.792944169999998
8484955,2017,2017-12-07,3711,2017-11-06,1728,4849,,1,5,7,3711,0,0,0,,0,521,BROADWAY,"15TH ST",0.00,,Y,B,-,N,,,,,,,,,,N,4,0,1,2,A,-,08,22107,,N,B,G,A,A,H,-,C,A,0,,Y,,,Y,,-,,0,0,1,0,0,0,1,0,0,"- ","- ",,,"SAN DIEGO","SAN DIEGO",-117.15039011,32.715740019999998
8487059,2017,2017-11-30,3711,2017-10-26,1702,7442,,4,5,7,3711,0,0,0,,0,800,"UNIVERSITY AV","69TH ST",16.00,E,N,A,-,N,,,,,,,,,,,4,0,1,2,A,-,09,21804,A,N,D,G,A,A,H,-,A,-,0,,Y,,,Y,,L,04,0,0,1,0,0,0,1,0,0,"- ","- ",,,"SAN DIEGO","SAN DIEGO",-117.04908829999999,32.755143490000002
8487062,2017,2017-11-28,3711,2017-10-24,2008,6176,,2,5,7,3711,0,0,0,,0,437,"S MEADOWBROOK DR","SHADYGLADE LN",0.00,,Y,A,-,N,,,,,,,,,,N,3,0,1,2,A,-,"- ",,,N,A,G,A,A,H,-,C,D,0,,Y,,,Y,,L,04,0,1,0,0,0,0,1,0,0,"- ","- ",,,"SAN DIEGO","SAN DIEGO",-117.03050001,32.701120080000003
8487105,2017,2017-11-17,3711,2017-10-28,1126,7233,,6,5,7,3711,0,0,0,,0,321,"FRIARS RD","RIVERDALE ST",0.00,,Y,A,-,N,,,,,,,,,,N,3,0,1,2,A,-,09,21801,A,N,D,G,A,A,H,-,A,A,0,,Y,,,Y,,A,01,0,1,0,0,0,0,1,0,0,"- ","- ",,,"SAN DIEGO","SAN DIEGO",-117.09961011,32.79059007
8487107,2017,2017-12-01,3711,2017-10-23,2245,7657,,1,5,7,3711,0,0,0,,0,512,"NATIONAL AV","SOUTH 33RD ST",36.00,W,N,A,-,N,,,,,,,,,,Y,4,0,1,2,A,-,03,22350,,N,C,G,A,A,H,-,C,D,0,,Y,,,Y,,-,,0,0,1,0,0,0,0,0,0,"- ","- ",,,"SAN DIEGO","SAN DIEGO",-117.12331662,32.695989449999999
8488510,2017,2017-12-05,3711,2017-10-29,1931,7462,,7,5,7,3711,0,0,0,,0,526,"CEDAR ST","2ND AV",0.00,,Y,A,-,N,,,,,,,,,,N,4,0,1,2,A,-,09,21802,A,N,D,G,A,A,H,-,C,D,0,,Y,,,Y,Y,L,04,0,0,1,0,0,0,1,0,0,"- ","- ",,,"SAN DIEGO","SAN DIEGO",-117.16293002,32.721980010000003
8488592,2017,2018-03-09,3711,2017-11-05,2100,7607,,7,5,7,3711,0,0,0,,0,083,"FAIRMONT AV","REDWOOD ST",12.00,N,N,A,-,N,,,,,,,,,,N,3,0,1,2,A,-,10,21950,A,N,D,G,A,A,H,-,C,A,0,,Y,,,Y,,A,08,0,1,0,0,0,0,1,0,0,"- ","- ",,,"SAN DIEGO","SAN DIEGO",-117.10099,32.738452870000003