CASE_ID,ACCIDENT_YEAR,PROC_DATE,JURIS,COLLISION_DATE,COLLISION_TIME,OFFICER_ID,REPORTING_DISTRICT,DAY_OF_WEEK,CHP_SHIFT,POPULATION,CNTY_CITY_LOC,SPECIAL_COND,BEAT_TYPE,CHP_BEAT_TYPE,CITY_DIVISION_LAPD,CHP_BEAT_CLASS,BEAT_NUMBER,PRIMARY_RD,SECONDARY_RD,DISTANCE,DIRECTION,INTERSECTION,WEATHER_1,WEATHER_2,STATE_HWY_IND,CALTRANS_COUNTY,CALTRANS_DISTRICT,STATE_ROUTE,ROUTE_SUFFIX,POSTMILE_PREFIX,POSTMILE,LOCATION_TYPE,RAMP_INTERSECTION,SIDE_OF_HWY,TOW_AWAY,COLLISION_SEVERITY,NUMBER_KILLED,NUMBER_INJURED,PARTY_COUNT,PRIMARY_COLL_FACTOR,PCF_CODE_OF_VIOL,PCF_VIOL_CATEGORY,PCF_VIOLATION,PCF_VIOL_SUBSECTION,HIT_AND_RUN,TYPE_OF_COLLISION,MVIW,PED_ACTION,ROAD_SURFACE,ROAD_COND_1,ROAD_COND_2,LIGHTING,CONTROL_DEVICE,CHP_ROAD_TYPE,PEDESTRIAN_ACCIDENT,BICYCLE_ACCIDENT,MOTORCYCLE_ACCIDENT,TRUCK_ACCIDENT,NOT_PRIVATE_PROPERTY,ALCOHOL_INVOLVED,STWD_VEHTYPE_AT_FAULT,CHP_VEHTYPE_AT_FAULT,COUNT_SEVERE_INJ,COUNT_VISIBLE_INJ,COUNT_COMPLAINT_PAIN,COUNT_PED_KILLED,COUNT_PED_INJURED,COUNT_BICYCLIST_KILLED,COUNT_BICYCLIST_INJURED,COUNT_MC_KILLED,COUNT_MC_INJURED,PRIMARY_RAMP,SECONDARY_RAMP,LATITUDE,LONGITUDE,COUNTY,CITY,POINT_X,POINT_Y
8488616,2017,2017-12-13,3711,2017-11-05,1111,6629,SD,7,5,7,3711,0,0,0,,0,442,"ALPHA ST","ALPHA ST  4000",15.00,S,N,A,-,N,,,,,,,,,,N,4,0,1,2,A,-,05,21651,,N,D,G,A,A,H,-,A,A,0,,Y,,,Y,,L,04,0,0,1,0,0,0,1,0,0,"- ","- ",,,"SAN DIEGO","SAN DIEGO",,
8488640,2017,2017-12-14,3711,2017-11-06,0637,5899,,1,5,7,3711,0,0,0,,0,813,"OHIO ST","HOWARD AV",4.00,S,N,A,-,N,,,,,,,,,,N,3,0,1,2,A,-,09,21802,A,N,D,G,A,A,-,-,A,A,0,,Y,,,Y,,-,,0,1,0,0,0,0,1,0,0,"- ","- ",,,"SAN DIEGO","SAN DIEGO",-117.12897949000001,32.754059050000002
8490228,2017,2017-12-11,3711,2017-11-01,0635,4274,,3,5,7,3711,0,0,0,,0,315,"CAMINO DEL RIO N","MISSION CENTER PKWY",3.00,W,N,A,-,N,,,,,,,,,,N,3,0,1,2,A,-,09,21804,A,N,D,G,A,A,H,-,D,D,0,,Y,,,Y,,-,,0,1,0,0,0,0,1,0,0,"- ","- ",,,"SAN DIEGO","SAN DIEGO",-117.15334933,32.76685767
8490236,2017,2017-12-11,3711,2017-11-01,1631,7658,,3,5,7,3711,0,0,0,,0,324,"NAVAJO RD","LAKE MURRAY BL",300.00,W,N,A,-,N,,,,,,,,,,N,3,0,1,2,A,-,05,21650,,N,H,G,A,A,H,-,A,D,0,,Y,,,Y,,L,04,0,1,0,0,0,0,1,0,0,"- ","- ",,,"SAN DIEGO","SAN DIEGO",-117.01142867999999,32.803006170000003
8491042,2017,2017-11-29,3711,2017-10-28,0819,6774,,6,5,7,3711,0,0,0,,0,935,"EL CAMINIO REAL","SAN DIEGUITO RD",32.00,S,N,A,-,N,,,,,,,,,,N,2,0,1,1,C,-,18,,,N,F,A,A,A,H,-,A,A,0,,Y,,,Y,,-,"- ",1,0,0,0,0,0,1,0,0,"- ","- ",,,"SAN DIEGO","SAN DIEGO",-117.23120167,32.97570151
8491052,2017,2017-12-12,3711,2017-11-06,1909,7525,,1,5,7,3711,0,0,0,,0,126,"VILLA LA JOLLA DR","VISTA NORTE",150.00,N,N,A,-,N,,,,,,,,,,,3,0,1,2,B,-,22,,,N,D,G,A,A,H,-,C,A,0,,Y,,,Y,,A,01,0,1,0,0,0,0,1,0,0,"- ","- ",,,"SAN DIEGO","SAN DIEGO",,
8491060,2017,2017-12-12,3711,2017-11-07,1520,7672,,2,5,7,3711,0,0,0,,0,,"UNIVERSITY AV","58TH ST",246.00,W,N,A,-,N,,,,,,,,,,N,3,0,1,2,A,-,08,22107,,N,D,G,A,A,H,-,A,A,0,,Y,,,Y,Y,A,01,0,1,0,0,0,0,1,0,0,"- ","- ",,,"SAN DIEGO","SAN DIEGO",-117.07286999999999,32.749139999999997
8494097,2017,2017-12-19,3711,2017-06-22,2356,7175,,4,5,7,3711,0,0,0,,0,524,"5TH AV",BROADWAY,0.00,,Y,A,-,N,,,,,,,,,,Y,2,0,2,3,A,-,12,21453,A,M,B,C,A,A,H,-,C,A,0,,Y,,,Y,,-,,1,0,1,0,0,0,1,0,0,"- ","- ",,,"SAN DIEGO","SAN DIEGO",-117.16015007,32.715710090000002
8494299,2017,2018-03-03,3711,2017-11-02,0614,5747,,4,5,7,3711,0,0,0,,0,614,"SUNSET CLIFFS BL","NIAGARA AV",104.00,S,N,A,-,N,,,,,,,,,,N,4,0,1,2,A,-,17,22517,,N,B,G,A,A,H,-,C,D,0,,Y,,,Y,,-,,0,0,1,0,0,0,1,0,0,"- ","- ",,,"SAN DIEGO","SAN DIEGO",-117.24853625,32.743678320000001
8494315,2017,2017-12-14,3711,2017-11-02,0633,7619,,4,5,7,3711,0,0,0,,0,521,"BROADWAY AV","15TH ST",0.00,,Y,A,-,N,,,,,,,,,,N,4,0,1,2,A,-,08,22107,,N,C,G,A,A,H,-,B,A,0,,Y,,,Y,,A,01,0,0,1,0,0,0,1,0,0,"- ","- ",,,"SAN DIEGO","SAN DIEGO",-117.15039011,32.715740019999998
8494859,2017,2017-12-06,3711,2017-11-10,0111,MIRANDA,,5,5,7,3711,0,0,0,,0,822,"EL CAJON BL","EL CAJON  4300",50.00,E,N,A,-,N,,,,,,,,,,N,4,0,1,2,A,-,08,22107,,M,C,G,A,A,H,-,C,D,0,,Y,,,Y,,-,,0,0,1,0,0,0,1,0,0,"- ","- ",,,"SAN DIEGO","SAN DIEGO",,
8496745,2017,2018-06-26,3711,2017-10-21,1742,7575,,6,5,7,3711,0,0,0,,0,233,"RANCHO PENASQUITOS BL","AZUAGA ST",21.00,S,N,A,-,Y,SD,11,56,-,-,8.333,R,4,E,N,2,0,1,2,A,-,09,21804,A,N,B,G,A,A,H,-,A,A,0,,Y,,,Y,,L,04,1,0,0,0,0,0,1,0,0,"- ","- ",,,"SAN DIEGO","SAN DIEGO",-117.11727901,32.957117519999997
8496749,2017,2018-02-16,3711,2017-10-21,0924,7652,,6,5,7,3711,0,0,0,,0,313,KIRKCALDY,"KIRKCALDY 4100",0.00,,-,A,-,N,,,,,,,,,,N,3,0,1,2,A,-,17,22517,,N,H,G,A,A,H,-,A,D,0,,Y,,,Y,,A,01,0,1,0,0,0,0,1,0,0,"- ","- ",,,"SAN DIEGO","SAN DIEGO",-117.15854824,32.81709506
8496949,2017,2018-02-17,3711,2017-11-18,1646,5923,SANDI,6,5,7,3711,0,0,0,,0,611,"MIDWAY DR","MIDWAY DR 2800",8.00,E,N,A,-,N,,,,,,,,,,N,4,0,1,2,A,I,"- ",,,N,D,G,A,A,H,-,B,D,0,,Y,,,Y,,L,04,0,0,1,0,0,0,1,0,0,"- ","- ",,,"SAN DIEGO","SAN DIEGO",,
8498534,2017,2017-12-11,3711,2017-11-06,0941,HB5627,,1,5,7,3711,0,0,0,,0,503,"NORTH HARBOR DR","LIGHT POLE LO23",249.00,E,N,B,-,N,,,,,,,,,,N,3,0,1,2,A,-,03,22350,,N,C,G,A,A,H,-,A,D,0,,Y,,,Y,,A,01,0,1,0,0,0,0,1,0,0,"- ","- ",,,"SAN DIEGO","SAN DIEGO",,
8498783,2017,2018-01-10,3711,2017-11-24,0912,7309,,5,5,7,3711,0,0,0,,0,124,"LA JOLLA SHORES DR","LA JOLLA SHORES DR 9100",0.00,,-,A,-,N,,,,,,,,,,N,2,0,2,2,A,-,03,22350,,N,B,G,A,A,H,-,A,D,0,,Y,,,Y,,L,04,1,1,0,0,0,0,2,0,0,"- ","- ",32.8703,-117.25,"SAN DIEGO","SAN DIEGO",-117.25,32.8703
8499532,2017,2018-01-03,3711,2017-11-08,1528,7434,,3,5,7,3711,0,0,0,,0,,"20TH ST","C ST",0.00,,Y,A,-,N,,,,,,,,,,N,3,0,1,2,A,-,09,21802,A,N,D,G,A,A,H,-,A,A,0,,Y,,,Y,,D,22,0,1,0,0,0,0,1,0,0,"- ","- ",,,"SAN DIEGO","SAN DIEGO",-117.14586006,32.716830109999997
8499683,2017,2017-12-06,3711,2017-11-14,1301,6499,,2,5,7,3711,0,0,0,,0,433,"AKINS AV","68TH ST",11.00,W,N,A,-,N,,,,,,,,,,N,3,0,1,2,A,-,05,21650,1,N,D,G,A,-,H,-,A,D,0,,Y,,,Y,,L,04,0,1,0,0,0,0,1,0,0,"- ","- ",,,"SAN DIEGO","SAN DIEGO",-117.05151524,32.711695499999998
8499702,2017,2017-12-06,3711,2017-11-15,1015,6342,,3,5,7,3711,0,0,0,,0,813,"PARK BL",ROBINSON,243.00,N,N,A,-,N,,,,,,,,,,N,3,0,1,1,D,-,00,,,N,H,-,A,A,A,-,A,D,0,,Y,,,Y,,-,"- ",0,1,0,0,0,0,1,0,0,"- ","- ",,,"SAN DIEGO","SAN DIEGO",-117.14628021,32.747105609999998
8499716,2017,2017-12-07,3711,2017-11-19,0855,7132,242,7,5,7,3711,0,0,0,,0,,"CAMINO RUIZ","ZAPATA AV",0.00,N,N,A,-,N,,,,,,,,,,N,2,0,1,2,A,-,09,21802,A,N,D,G,A,A,H,-,A,A,0,,Y,,,Y,,-,,1,0,0,0,0,0,1,0,0,"- ","- ",,,"SAN DIEGO","SAN DIEGO",-117.14402002,32.927290030000002
8499748,2017,2017-12-07,3711,2017-11-18,1424,7618,,6,5,7,3711,0,0,0,,0,523,"MARKET ST","9TH AV",0.00,,Y,-,-,N,,,,,,,,,,N,3,0,1,2,A,-,08,22107,,N,B,G,A,A,H,-,A,D,0,,Y,,,Y,,-,,0,1,0,0,0,0,1,0,0,"- ","- ",,,"SAN DIEGO","SAN DIEGO",-117.15650008999999,32.71152009
8501847,2017,2017-12-15,3711,2017-11-24,1847,7163,SDPD,5,5,7,3711,0,0,0,,0,813,"EL CAJON BL","30TH ST",50.00,E,N,A,-,N,,,,,,,,,,N,4,0,1,1,B,-,22,,,N,H,I,A,A,H,-,C,D,0,,Y,,,Y,Y,-,"- ",0,0,1,0,0,0,1,0,0,"- ","- ",,,"SAN DIEGO","SAN DIEGO",-117.13000791,32.755400000000002
8502907,2017,2017-12-19,3711,2017-11-12,0740,7547,,7,5,7,3711,0,0,0,,0,521,"16TH AV","K ST",0.00,,Y,A,-,N,,,,,,,,,,N,4,0,1,2,A,-,12,22450,A,N,D,G,A,A,H,-,A,A,0,,Y,,,Y,,A,01,0,0,1,0,0,0,1,0,0,"- ","- ",,,"SAN DIEGO","SAN DIEGO",-117.14946001,32.70836001
8502910,2017,2017-12-19,3711,2017-11-06,1240,7176,,1,5,7,3711,0,0,0,,0,511,"HARBOR DR","32ND ST",40.00,S,N,A,-,N,,,,,,,,,,N,4,0,1,1,D,-,00,,,N,H,A,A,A,H,-,A,A,0,,Y,,,Y,,-,"- ",0,0,1,0,0,0,1,0,0,"- ","- ",,,"SAN DIEGO","SAN DIEGO",-117.12532825,32.685772159999999
8503556,2017,2017-12-08,3711,2017-11-14,1526,7464,SDPD,2,5,7,3711,0,0,0,,0,838,"35TH ST","EL CAJON BL",110.00,S,N,A,-,N,,,,,,,,,,N,4,0,1,2,A,-,08,22107,,N,B,G,A,A,H,-,A,D,0,,Y,,,Y,,L,04,0,0,1,0,0,0,1,0,0,"- ","- ",,,"SAN DIEGO","SAN DIEGO",-117.11792384,32.754998710000002
8504241,2017,2018-07-05,3711,2017-12-07,0616,8447,,4,5,7,3711,0,0,0,,0,722,"PALM AV","RT 5",0.00,,N,A,-,Y,SD,11,75,-,-,9.088,I,5,N,N,4,0,1,2,A,-,09,21453,B,N,G,-,A,A,H,-,A,A,0,,Y,,,Y,,-,,0,0,1,0,0,0,1,0,0,"- ","- ",32.584000000000003,-117.0891,"SAN DIEGO","SAN DIEGO",-117.08882203,32.583898589999997
8504366,2017,2018-07-05,3711,2017-12-31,0931,7233,,7,5,7,3711,0,0,0,,0,311,"KEARNY VILLA RD","RT 805",0.00,,Y,B,-,Y,SD,11,805,-,-,19.984,R,4,N,N,3,0,1,2,A,-,09,21800,A,N,B,-,A,A,H,-,A,A,0,,Y,,,Y,,A,08,0,1,0,0,0,0,1,0,0,"- ",NF,,,"SAN DIEGO","SAN DIEGO",-117.14974663,32.800367479999998
8504557,2017,2018-06-08,3711,2017-12-28,1404,6957,,4,5,7,3711,0,0,0,,0,113,"SANTA FE  AV","GARNET AV",180.00,N,N,A,-,N,,,,,,,,,,N,4,0,1,2,A,-,"- ",,,N,D,-,A,A,H,-,A,D,0,,Y,,,Y,,-,"- ",0,0,1,0,0,0,1,0,0,"- ","- ",,,"SAN DIEGO","SAN DIEGO",-117.21543,32.807417239999999
8506185,2017,2017-12-18,3711,2017-11-19,1344,7082,,7,5,7,3711,0,0,0,,0,833,"UNIVERSITY AV","HIGHLAND AV",100.00,E,N,A,-,N,,,,,,,,,,N,3,0,1,2,A,-,08,22107,,N,B,G,A,A,H,-,A,D,0,,Y,,,Y,,A,01,0,1,0,0,0,0,1,0,0,"- ","- ",,,"SAN DIEGO","SAN DIEGO",-117.09840586,32.749609999999997
8506193,2017,2017-12-18,3711,2017-11-21,0500,6969,,2,5,7,3711,0,0,0,,0,241,"KEARNY VILLA RD","HARRIS PLANT RD",1584.00,N,N,A,-,N,,,,,,,,,,N,3,0,1,2,A,-,03,22350,,N,C,G,A,A,H,-,D,D,0,,Y,,,Y,,L,04,0,1,0,0,0,0,1,0,0,"- ","- ",,,"SAN DIEGO","SAN DIEGO",-117.11662,32.864770149999998
8506197,2017,2017-12-18,3711,2017-11-15,1705,7561,"SAN D",3,5,7,3711,0,0,0,,0,721,"PALM AV","16TH ST",800.00,E,N,A,-,N,,,,,,,,,,N,4,0,1,2,A,-,05,21651,B,N,D,G,A,A,H,-,C,D,0,,Y,,,Y,,L,04,0,0,1,0,0,0,1,0,0,"- ","- ",,,"SAN DIEGO","SAN DIEGO",-117.09691171,32.583930000000002
8506213,2017,2017-12-18,3711,2017-11-16,0850,7129,,4,5,7,3711,0,0,0,,0,436,"68TH ST","IMPERIAL AV",15.00,S,N,A,-,N,,,,,,,,,,N,4,0,1,2,A,-,00,21453,,M,D,G,A,A,H,-,A,A,0,,Y,,,Y,,-,,0,0,1,0,0,0,1,0,0,"- ","- ",,,"SAN DIEGO","SAN DIEGO",-117.05094545,32.711399100000001
8506509,2017,2018-06-29,3711,2017-11-20,1148,7503,,1,5,7,3711,0,0,0,,0,722,"SATURN BL","PALM AV",0.00,,Y,A,-,Y,SD,11,75,-,-,9.310,I,6,S,,4,0,1,2,A,-,05,21651,B,N,H,G,A,A,H,-,A,A,0,,Y,,,Y,,-,"- ",0,0,1,0,0,0,1,0,0,"- ","- ",32.583970000000001,-117.09273,"SAN DIEGO","SAN DIEGO",-117.09267041,32.583757939999998
8508999,2017,2017-12-19,3711,2017-11-03,1241,6774,,5,5,7,3711,0,0,0,,0,242,"WESTVIEW PKWY","MIRA MESA BL",50.00,N,N,B,-,N,,,,,,,,,,N,2,0,1,2,A,-,09,21804,A,N,D,G,A,A,H,-,A,A,0,,Y,,Y,Y,,F,56,1,0,0,0,0,0,1,0,0,"- ","- ",,,"SAN DIEGO","SAN DIEGO",-117.12052537,32.917456889999997
8509132,2017,2018-01-17,3711,2017-11-22,1604,5046,,3,5,7,3711,0,0,0,,0,814,"35TH ST","COLLIER AV",219.00,S,N,A,-,N,,,,,,,,,,N,2,0,1,1,A,-,03,22350,,N,F,-,A,A,H,-,A,D,0,,Y,,,Y,,L,04,1,0,0,0,0,0,1,0,0,"- ","- ",,,"SAN DIEGO","SAN DIEGO",-117.11728499,32.76480024
8509134,2017,2017-12-15,3711,2017-11-29,1346,,,3,5,7,3711,0,0,0,,0,813,"32RD ST","UNIVERSITY AV",0.00,,Y,A,-,N,,,,,,,,,,,4,0,1,2,A,-,09,21453,B,N,D,G,A,A,H,-,A,A,0,,Y,,,Y,,A,07,0,0,1,0,0,0,1,0,0,"- ","- ",,,"SAN DIEGO","SAN DIEGO",-117.12520991,32.748500049999997
8509136,2017,2017-12-18,3711,2017-11-11,2040,5734,SANDI,6,5,7,3711,0,0,0,,0,245,"SCRIPPS HIGHLAND","SCRIPPS POWAY PKWY",0.00,,Y,A,-,N,,,,,,,,,,N,3,0,1,1,A,-,03,22350,,N,F,A,A,A,H,-,C,A,0,,Y,,,Y,,L,04,0,1,0,0,0,0,1,0,0,"- ","- ",,,"SAN DIEGO","SAN DIEGO",-117.10765012,32.936530050000002
8510823,2017,2017-12-20,3711,2017-11-10,2038,6372,,5,5,7,3711,0,0,0,,0,622,"LINDA VISTA RD","JOSEPHINE ST",173.00,S,N,A,-,N,,,,,,,,,,N,2,0,1,1,C,-,18,,,N,F,G,A,A,C,-,C,D,0,,Y,,,Y,,-,"- ",1,0,0,0,0,0,1,0,0,"- ","- ",,,"SAN DIEGO","SAN DIEGO",-117.19222440999999,32.768686649999999
8512133,2017,2017-12-27,3711,2017-11-25,1358,7374,,6,5,7,3711,0,0,0,,0,121,"WEST MISSION BAY DR","W MISSION BAY DR 800",0.00,,N,A,-,N,,,,,,,,,,N,4,0,1,2,D,-,00,,,M,B,G,A,A,H,-,A,A,0,,Y,,,Y,,-,"- ",0,0,1,0,0,0,1,0,0,"- ","- ",,,"SAN DIEGO","SAN DIEGO",,
8512139,2017,2017-12-27,3711,2017-12-02,1425,7595,,6,5,7,3711,0,0,0,,0,813,"HOWARD ST","HOWARD ST 3050",0.00,,N,A,-,N,,,,,,,,,,N,3,0,1,2,A,-,12,22450,A,N,D,-,A,A,B,-,A,D,0,,Y,,,Y,,I,09,0,1,0,0,0,0,1,0,0,"- ","- ",,,"SAN DIEGO","SAN DIEGO",-117.12891430000001,32.754067970000001
8513370,2018,2018-02-20,3711,2018-01-16,1635,7145,,2,5,7,3711,0,0,0,,0,524,"9TH AV","9TH AV 1200",8.00,E,N,A,-,N,,,,,,,,,,N,4,0,1,2,A,-,05,21650,1,N,D,G,A,A,H,-,B,D,0,,Y,,,Y,Y,L,04,0,0,1,0,0,0,1,0,0,"- ","- ",,,"SAN DIEGO","SAN DIEGO",-117.15655517578125,32.717807769775391
8514247,2017,2018-01-02,3711,2017-12-01,1714,7236,,5,5,7,3711,0,0,0,,0,315,"CAMINO DE LA REINA","CAMINO DEL ESTE",0.00,,Y,A,-,N,,,,,,,,,,N,3,0,1,2,A,-,12,21453,A,N,D,G,A,A,H,-,A,A,0,,Y,,,Y,,L,04,0,1,0,0,0,0,1,0,0,"- ","- ",37.771000000000001,-117.14409999999999,"SAN DIEGO","SAN DIEGO",-117.14419004,32.770890090000002
8514280,2017,2017-12-19,3711,2017-12-01,2002,7021,,5,5,7,3711,0,0,0,,0,814,"CHEROKEE AV","ADAMS AV",10.00,N,N,A,-,N,,,,,,,,,,N,4,0,1,2,A,-,04,21703,,M,C,G,A,A,H,-,C,A,0,,Y,,,Y,,-,,0,0,1,0,0,0,1,0,0,"- ","- ",,,"SAN DIEGO","SAN DIEGO",-117.11412,32.76334739
8514308,2017,2017-12-19,3711,2017-12-03,0824,6774,,7,5,7,3711,0,0,0,,0,311,"PHYLLIS PL","PHYLLIS PL 8404",0.00,,Y,A,-,N,,,,,,,,,,N,3,0,1,2,A,-,08,22107,,N,D,G,A,A,H,-,A,-,0,,Y,,,Y,,A,01,0,1,0,0,0,0,1,0,0,"- ","- ",,,"SAN DIEGO","SAN DIEGO",,
8514375,2017,2017-12-19,3711,2017-11-19,1046,7171,,7,5,7,3711,0,0,0,,0,615,"ROSECRANS ST","POE ST",0.00,,Y,A,-,N,,,,,,,,,,N,3,0,1,2,A,-,08,22107,,N,D,G,A,A,H,-,A,D,0,,Y,,,Y,,A,07,0,1,0,0,0,0,1,0,0,"- ","- ",,,"SAN DIEGO","SAN DIEGO",-117.22377005,32.731030019999999
8517743,2017,2018-01-10,3711,2017-11-24,0725,HB4132,,5,5,7,3711,0,0,0,,0,503,"NORTH HARBOR DR","LIBERATOR WY",0.00,,Y,A,-,N,,,,,,,,,,N,3,0,1,2,D,-,00,,,N,D,G,A,A,H,-,A,A,0,,Y,,,Y,,-,"- ",0,1,0,0,0,0,1,0,0,"- ","- ",,,"SAN DIEGO","SAN DIEGO",-117.18793002,32.728940020000003
8519483,2017,2018-01-04,3711,2017-12-12,0757,5522,,2,5,7,3711,0,0,0,,0,327,"ALVARADO CT","ALVARADO RD",0.00,,N,A,-,N,,,,,,,,,,N,4,0,1,2,A,-,09,21804,A,N,D,G,A,A,H,-,A,D,0,,Y,,,Y,,L,04,0,0,1,0,0,0,1,0,0,"- ","- ",,,"SAN DIEGO","SAN DIEGO",-117.06213006999999,32.77854001
8521470,2017,2018-01-19,3711,2017-12-11,1130,6789,,1,5,7,3711,0,0,0,,0,622,"TECOLOTE RD","MORENA BL",15.00,W,N,A,-,N,,,,,,,,,,N,4,0,1,2,A,-,09,21804,A,N,B,G,A,A,H,-,A,A,0,,Y,,,Y,,A,01,0,0,1,0,0,0,1,0,0,"- ","- ",,,"SAN DIEGO","SAN DIEGO",-117.20292841,32.772686649999997
8521478,2017,2018-01-08,3711,2017-12-11,1850,6962,,1,5,7,3711,0,0,0,,0,722,"SATURN BL","AVENIDA DEL MEXICO",5.00,N,N,A,-,N,,,,,,,,,,N,3,0,1,2,A,-,09,21802,A,N,G,G,A,A,H,-,C,D,0,,Y,,,Y,Y,L,04,0,1,0,0,0,0,1,0,0,"- ","- ",,,"SAN DIEGO","SAN DIEGO",-117.09265980000001,32.582903700000003
8521490,2017,2018-01-08,3711,2017-12-12,1909,7553,,2,5,7,3711,0,0,0,,0,813,"ARIZONA ST","EL CAJON BL",2.00,N,N,A,-,N,,,,,,,,,,N,3,0,1,2,A,-,14,21201,D,N,D,G,A,A,H,-,C,D,0,,Y,,,Y,,L,04,0,1,0,0,0,0,1,0,0,"- ","- ",,,"SAN DIEGO","SAN DIEGO",-117.13760000000001,32.755385480000001
8522246,2017,2018-01-08,3711,2017-12-15,1402,6812,,5,5,7,3711,0,0,0,,0,123,"EAST MISSION BAY DR","1100 E MISSION BAY DR",293.00,W,N,A,-,N,,,,,,,,,,N,3,0,1,1,A,-,03,22350,,N,H,A,A,A,H,-,A,D,0,,Y,,,Y,,L,04,0,1,0,0,0,0,1,0,0,"- ","- ",,,"SAN DIEGO","SAN DIEGO",,
8522250,2017,2018-01-08,3711,2017-12-14,1110,6776,"SAN D",4,5,7,3711,0,0,0,,0,111,"MESA COLLEGE DR","ASHFORD ST",30.00,E,N,A,-,N,,,,,,,,,,N,4,0,1,2,A,-,21,22106,,N,D,G,A,A,H,-,A,D,0,,Y,,,Y,,-,,0,0,1,0,0,0,1,0,0,"- ","- ",,,"SAN DIEGO","SAN DIEGO",-117.15953218999999,32.801374590000002
8522281,2017,2018-01-03,3711,2017-12-16,0913,7438,SANDI,6,5,7,3711,0,0,0,,0,524,"4TH AV","B ST",0.00,,Y,B,-,N,,,,,,,,,,N,3,0,1,2,A,-,12,21453,A,N,D,G,A,A,H,-,A,A,0,,Y,,,Y,,A,01,0,1,0,0,0,0,1,0,0,"- ","- ",,,"SAN DIEGO","SAN DIEGO",-117.16108001000001,32.717790059999999
8522289,2017,2018-01-03,3711,2017-12-08,0844,5051,,5,5,7,3711,0,0,0,,0,932,"SORRENTO VALLEY RD","SORRENTO VALLEY RD 11400",0.00,,Y,A,-,N,,,,,,,,,,N,3,0,1,1,A,-,00,21367,,N,E,-,A,A,A,D,A,D,0,,Y,,,Y,,L,04,0,1,0,0,0,0,1,0,0,"- ","- ",,,"SAN DIEGO","SAN DIEGO",,
8522319,2017,2018-01-04,3711,2017-12-12,0800,6785,,2,5,7,3711,0,0,0,,0,242,"MARAUDER WY","MIRA MESA BL",423.00,S,N,A,-,N,,,,,,,,,,N,4,0,1,2,A,-,08,22107,,N,D,G,A,A,H,-,A,D,0,,Y,,,Y,,-,,0,0,1,0,0,0,1,0,0,"- ","- ",,,"SAN DIEGO","SAN DIEGO",-117.13858365999999,32.911611960000002
8522428,2017,2018-01-08,3711,2017-12-17,1715,6345,SD,7,5,7,3711,0,0,0,,0,242,"CAMINO RUIZ","CAMINO RUIZ  10700",0.00,,N,A,-,N,,,,,,,,,,N,3,0,1,2,A,-,05,21651,B,N,D,G,A,A,H,-,C,D,0,,Y,,,Y,,L,04,0,1,0,0,0,0,1,0,0,"- ","- ",,,"SAN DIEGO","SAN DIEGO",-117.14379609,32.912839150000003
8522432,2017,2018-01-08,3711,2017-12-13,1518,7640,,3,5,7,3711,0,0,0,,0,627,"RICHMOND ST","ROBINSON AV",15.00,S,N,A,-,N,,,,,,,,,,N,3,0,1,2,A,-,10,21950,A,N,-,G,A,A,H,-,A,A,0,,Y,,,Y,,A,01,0,1,0,0,0,0,1,0,0,"- ","- ",,,"SAN DIEGO","SAN DIEGO",-117.15122,32.746378909999997
8522436,2017,2018-01-08,3711,2017-12-13,1812,7640,,3,5,7,3711,0,0,0,,0,627,"6TH AV","UPAS ST",186.00,N,N,A,-,N,,,,,,,,,,,2,0,1,2,A,-,09,21801,A,N,-,G,A,A,H,-,C,-,0,,Y,,,Y,,-,,1,0,0,0,0,0,1,0,0,"- ","- ",,,"SAN DIEGO","SAN DIEGO",-117.15952,32.74151853
8523138,2017,2018-01-11,3711,2017-12-19,2000,7666,,2,5,7,3711,0,0,0,,0,825,"KENSINGTON DR","PARK PL",30.00,N,N,A,-,N,,,,,,,,,,N,3,0,1,1,A,-,"- ",,,N,-,A,A,A,H,-,C,D,0,,Y,,,Y,Y,L,04,0,1,0,0,0,0,1,0,0,"- ","- ",,,"SAN DIEGO","SAN DIEGO",-117.10736,32.762882179999998
8523142,2017,2018-01-11,3711,2017-12-10,1947,7226,,7,5,7,3711,0,0,0,,0,613,"VOLTAIRE ST","VENICE ST",0.00,,-,A,-,N,,,,,,,,,,Y,4,0,1,2,A,-,01,23152,A,N,B,G,A,A,H,-,C,D,0,,Y,,,Y,Y,A,07,0,0,1,0,0,0,1,0,0,"- ","- ",,,"SAN DIEGO","SAN DIEGO",-117.23595012,32.745340110000001
8523154,2017,2018-01-11,3711,2017-12-19,0927,5654,,2,5,7,3711,0,0,0,,0,724,"PALM AV","HOLLISTER ST",80.00,W,N,A,-,N,,,,,,,,,,N,3,0,1,2,A,-,05,21202,A,N,B,C,A,A,H,-,A,D,0,,Y,,,Y,,L,04,0,1,0,0,0,0,0,0,0,"- ","- ",,,"SAN DIEGO","SAN DIEGO",-117.08432843999999,32.583770000000001
8523161,2017,2018-01-12,3711,2017-12-15,1558,5823,,5,5,7,3711,0,0,0,,0,725,"DENNERY RD","RED FIN LN",0.00,,Y,A,-,N,,,,,,,,,,Y,3,0,1,2,A,-,09,21801,A,N,D,G,A,A,H,-,A,A,0,,Y,,,Y,,L,04,0,1,0,0,0,0,1,0,0,"- ","- ",,,"SAN DIEGO","SAN DIEGO",-117.02892002,32.588500089999997