CASE_ID,ACCIDENT_YEAR,PROC_DATE,JURIS,COLLISION_DATE,COLLISION_TIME,OFFICER_ID,REPORTING_DISTRICT,DAY_OF_WEEK,CHP_SHIFT,POPULATION,CNTY_CITY_LOC,SPECIAL_COND,BEAT_TYPE,CHP_BEAT_TYPE,CITY_DIVISION_LAPD,CHP_BEAT_CLASS,BEAT_NUMBER,PRIMARY_RD,SECONDARY_RD,DISTANCE,DIRECTION,INTERSECTION,WEATHER_1,WEATHER_2,STATE_HWY_IND,CALTRANS_COUNTY,CALTRANS_DISTRICT,STATE_ROUTE,ROUTE_SUFFIX,POSTMILE_PREFIX,POSTMILE,LOCATION_TYPE,RAMP_INTERSECTION,SIDE_OF_HWY,TOW_AWAY,COLLISION_SEVERITY,NUMBER_KILLED,NUMBER_INJURED,PARTY_COUNT,PRIMARY_COLL_FACTOR,PCF_CODE_OF_VIOL,PCF_VIOL_CATEGORY,PCF_VIOLATION,PCF_VIOL_SUBSECTION,HIT_AND_RUN,TYPE_OF_COLLISION,MVIW,PED_ACTION,ROAD_SURFACE,ROAD_COND_1,ROAD_COND_2,LIGHTING,CONTROL_DEVICE,CHP_ROAD_TYPE,PEDESTRIAN_ACCIDENT,BICYCLE_ACCIDENT,MOTORCYCLE_ACCIDENT,TRUCK_ACCIDENT,NOT_PRIVATE_PROPERTY,ALCOHOL_INVOLVED,STWD_VEHTYPE_AT_FAULT,CHP_VEHTYPE_AT_FAULT,COUNT_SEVERE_INJ,COUNT_VISIBLE_INJ,COUNT_COMPLAINT_PAIN,COUNT_PED_KILLED,COUNT_PED_INJURED,COUNT_BICYCLIST_KILLED,COUNT_BICYCLIST_INJURED,COUNT_MC_KILLED,COUNT_MC_INJURED,PRIMARY_RAMP,SECONDARY_RAMP,LATITUDE,LONGITUDE,COUNTY,CITY,POINT_X,POINT_Y
8523182,2017,2018-01-11,3711,2017-12-21,0702,8568,,4,5,7,3711,0,0,0,,0,835,"REDWOOD ST","FAIRMOUNT AV",17.00,E,N,A,-,N,,,,,,,,,,N,4,0,1,3,A,-,03,22350,,N,-,G,A,A,H,-,A,A,0,,Y,,,Y,,L,04,0,0,1,0,0,0,1,0,0,"- ","- ",,,"SAN DIEGO","SAN DIEGO",-117.1009349,32.738419999999998
8523190,2017,2018-01-11,3711,2017-12-21,1820,5515,,4,5,7,3711,0,0,0,,0,624,"CLEVELAND AV","CLEVELAND AV 4500",0.00,,-,A,-,N,,,,,,,,,,N,3,0,1,1,A,-,03,22350,,N,A,I,A,A,-,-,-,D,0,,Y,,,Y,,L,04,0,1,0,0,0,0,1,0,0,"- ","- ",,,"SAN DIEGO","SAN DIEGO",-117.1500206,32.75905376
8524493,2017,2018-01-03,3711,2017-12-12,1340,7556,,2,5,7,3711,0,0,0,,0,512,"OCEAN VIEW BL","S 33RD ST",150.00,W,N,A,-,N,,,,,,,,,,N,4,0,1,2,A,-,08,22107,,N,B,G,A,A,H,-,A,A,0,,Y,,,Y,,A,01,0,0,1,0,0,0,1,0,0,"- ","- ",,,"SAN DIEGO","SAN DIEGO",-117.12306562000001,32.701204580000002
8526982,2017,2018-01-17,3711,2017-12-14,1935,6434,SD,4,5,7,3711,0,0,0,,0,611,"CUSHING RD","FARRAGUT RD",80.00,S,N,A,-,N,,,,,,,,,,N,3,0,1,2,A,-,14,21201,D,N,D,G,A,A,H,-,C,D,0,,Y,,,Y,,L,04,0,1,0,0,0,0,1,0,0,"- ","- ",,,"SAN DIEGO","SAN DIEGO",-117.2170199,32.732091169999997
8527685,2017,2018-01-31,3711,2017-12-29,1313,6812,,5,5,7,3711,0,0,0,,0,124,"LA JOLLA BL","CHELSEA PL",15.00,N,N,A,-,N,,,,,,,,,,N,3,0,1,2,A,-,08,22107,,N,D,G,A,A,H,-,A,D,0,,Y,,,Y,,A,01,0,1,0,0,0,0,1,0,0,"- ","- ",,,"SAN DIEGO","SAN DIEGO",-117.26976285000001,32.814186290000002
8527753,2017,2018-01-11,3711,2017-12-27,2347,7435,,3,5,7,3711,0,0,0,,0,123,"WEST MISSION BAY DR","QUIVIRA ACCESS",3400.00,E,N,A,-,N,,,,,,,,,,N,3,0,1,2,A,-,08,22107,,M,C,G,A,A,H,-,C,A,0,,Y,,,Y,,-,,0,1,0,0,0,0,1,0,0,"- ","- ",,,"SAN DIEGO","SAN DIEGO",-117.23316,32.763820000000003
8527841,2017,2018-01-12,3711,2017-12-29,0930,7685,SANDI,5,5,7,3711,0,0,0,,0,241,"MIRA MESA BL","HIBERT ST",0.00,,Y,A,-,N,,,,,,,,,,N,4,0,1,2,A,-,10,21950,A,N,H,G,A,A,H,-,A,A,0,,Y,,,Y,,A,01,0,0,1,0,0,0,1,0,0,"- ","- ",,,"SAN DIEGO","SAN DIEGO",-117.11313008,32.916850009999997
8534861,2017,2018-01-29,3711,2017-12-18,2000,8495,,1,5,7,3711,0,0,0,,0,613,"ETIWANDA ST","VOLTAIRE ST",9.00,N,N,A,-,N,,,,,,,,,,N,4,0,1,1,D,-,00,,,N,H,A,A,A,H,-,C,D,0,,Y,,,Y,,-,"- ",0,0,1,0,0,0,1,0,0,"- ","- ",,,"SAN DIEGO","SAN DIEGO",-117.23836305,32.746850070000001
8535240,2018,2018-01-23,3711,2018-01-08,1643,6891,,1,5,7,3711,0,0,0,,0,122,"MISSION BL","DIAMOND ST",0.00,,-,C,-,N,,,,,,,,,,N,4,0,1,2,A,-,03,22350,,N,D,G,A,-,H,-,E,B,0,,Y,,,Y,,-,,0,0,1,0,0,0,1,0,0,"- ","- ",32.799308776855469,-117.25626373291016,"SAN DIEGO","SAN DIEGO",-117.25633239746094,32.799331665039062
8536491,2018,2018-01-23,3711,2018-01-02,0759,7578,,2,5,7,3711,0,0,0,,0,611,"CUSHING RD","ROOSEVELT ST",10.00,S,N,A,-,N,,,,,,,,,,N,4,0,1,2,-,-,"- ",,,N,B,B,E,A,G,-,A,D,0,Y,Y,,,Y,,-,"- ",0,0,1,0,1,0,0,0,0,"- ","- ",,,"SAN DIEGO","SAN DIEGO",-117.21288299560547,32.736240386962891
8536507,2018,2018-02-13,3711,2018-01-04,0654,7181,SD,4,5,7,3711,0,0,0,,0,111,"BALBOA AV","MOUNT ABERNATHY",0.00,,Y,A,-,N,,,,,,,,,,N,3,0,1,2,A,-,12,21453,A,N,D,G,A,A,H,-,A,A,0,,Y,,,Y,,-,"- ",0,1,0,0,0,0,1,0,0,"- ","- ",,,"SAN DIEGO","SAN DIEGO",-117.17613983154297,32.820388793945312
8536511,2018,2018-01-23,3711,2018-01-03,1237,7169,,3,5,7,3711,0,0,0,,0,821,"EL CAJON BL","68TH ST",3.00,N,N,A,-,N,,,,,,,,,,N,4,0,1,2,A,-,05,21650,,N,A,G,A,A,H,-,A,D,0,,Y,,,Y,,L,04,0,0,1,0,0,0,1,0,0,"- ","- ",,,"SAN DIEGO","SAN DIEGO",-117.05148315429688,32.768638610839844
8536515,2018,2018-01-23,3711,2018-01-02,1545,7163,SPDP,2,5,7,3711,0,0,0,,0,813,"30TH ST","LINCOLN AV",3.00,S,N,A,-,N,,,,,,,,,,N,3,0,1,2,A,-,10,21950,A,N,H,G,A,A,H,-,A,A,0,,Y,,,Y,,-,,0,1,0,0,0,0,1,0,0,"- ","- ",,,"SAN DIEGO","SAN DIEGO",-117.13015747070312,32.750320434570312
8536543,2018,2018-01-23,3711,2018-01-05,1600,5812,"SAN D",5,5,7,3711,0,0,0,,0,124,"FAY AV","FAY AV 7600",250.00,,N,-,-,N,,,,,,,,,,N,3,0,1,2,A,-,09,21804,A,M,B,G,A,A,H,-,A,D,0,,Y,,,Y,,A,01,0,1,0,0,0,0,1,0,0,"- ","- ",,,"SAN DIEGO","SAN DIEGO",,
8537199,2018,2018-01-30,3711,2018-01-15,1157,7157,,1,5,7,3711,0,0,0,,0,441,"45TH ST","LOGAN AV",1.00,N,N,A,-,N,,,,,,,,,,N,3,0,1,2,A,-,08,22100,,N,G,G,A,A,H,-,A,A,0,,Y,,,Y,,A,01,0,1,0,0,0,0,1,0,0,"- ","- ",,,"SAN DIEGO","SAN DIEGO",-117.09803771972656,32.696823120117188
8538777,2018,2018-01-31,3711,2018-01-14,1722,6156,SD,7,5,7,3711,0,0,0,,0,124,"LA JOLLA SHORES DR","SHORE DR",6.00,E,N,A,-,N,,,,,,,,,,N,3,0,1,1,A,-,03,22350,,N,E,-,A,A,G,-,C,D,0,,Y,,,Y,,L,04,0,1,0,0,0,0,1,0,0,"- ","- ",,,"SAN DIEGO","SAN DIEGO",,
8539574,2018,2018-02-01,3711,2018-01-20,0949,6218,,6,5,7,3711,0,0,0,,0,932,"CARMEL MOUNTAIN RD","SORRENTO VALLEY RD",0.00,,Y,A,-,N,,,,,,,,,,N,3,0,1,1,A,-,03,22350,,N,F,J,A,A,B,-,A,A,0,,Y,,,Y,,L,04,0,1,0,0,0,0,1,0,0,"- ","- ",,,"SAN DIEGO","SAN DIEGO",-117.23725128173828,32.916408538818359
8539598,2018,2018-02-01,3711,2018-01-12,1225,7233,,5,5,7,3711,0,0,0,,0,312,"SANTO RD","AERO DR",499.00,N,N,A,-,N,,,,,,,,,,N,3,0,1,2,A,-,03,22350,,N,C,E,A,A,H,-,A,D,0,,Y,,,Y,,L,04,0,1,0,0,0,0,1,0,0,"- ","- ",,,"SAN DIEGO","SAN DIEGO",-117.10570526123047,32.811069488525391
8539708,2018,2018-02-02,3711,2018-01-19,1206,6976,SANDI,5,5,7,3711,0,0,0,,0,615,"ROSECRANS ST","GARRISON ST",0.00,,Y,B,-,N,,,,,,,,,,N,3,0,1,1,A,-,03,22350,,N,F,A,A,A,A,-,A,D,0,,Y,,,Y,,L,04,0,1,0,0,0,0,1,0,0,"- ","- ",,,"SAN DIEGO","SAN DIEGO",-117.22840118408203,32.725589752197266
8539712,2018,2018-02-02,3711,2018-01-18,1808,5672,,4,5,7,3711,0,0,0,,0,313,"RONSON RD","MERCURY ST",0.00,,Y,B,-,N,,,,,,,,,,N,3,0,1,2,A,-,09,21801,A,N,D,G,A,A,H,-,C,A,0,,Y,,,Y,,L,04,0,1,0,0,0,0,1,0,0,"- ","- ",,,"SAN DIEGO","SAN DIEGO",-117.14882659912109,32.829078674316406
8539740,2018,2018-02-02,3711,2018-01-17,1602,7319,MIDCI,3,5,7,3711,0,0,0,,0,827,"54TH ST","LEA ST",0.00,,Y,A,-,N,,,,,,,,,,N,3,0,1,1,A,-,05,21650,1,N,E,-,A,A,H,-,A,D,0,,Y,,,Y,,L,04,0,1,0,0,0,0,1,0,0,"- ","- ",,,"SAN DIEGO","SAN DIEGO",-117.07952880859375,32.745838165283203
8543444,2017,2018-02-09,3711,2017-10-10,0720,7067,,2,5,7,3711,0,0,0,,0,613,"CHATSWORTH BL","TENNYSON ST",0.00,,-,B,-,N,,,,,,,,,,N,4,0,1,2,A,-,17,21208,A,N,D,G,A,A,H,-,A,D,0,,Y,,,Y,,L,04,0,0,1,0,0,0,1,0,0,"- ","- ",,,"SAN DIEGO","SAN DIEGO",-117.22973002000001,32.738250049999998
8544216,2018,2018-01-31,3711,2018-01-22,1609,6794,SD,1,5,7,3711,0,0,0,,0,242,"HILLERY DR","BLACK MOUNTAIN",50.00,E,N,A,-,N,,,,,,,,,,N,3,0,1,1,A,-,08,22107,,N,-,A,A,A,H,-,A,A,0,,Y,,,Y,,L,04,0,1,0,0,0,0,1,0,0,"- ","- ",,,"SAN DIEGO","SAN DIEGO",-117.12424468994141,32.912860870361328
8544401,2018,2018-02-02,3711,2018-01-11,0916,4626,,4,5,7,3711,0,0,0,,0,315,"TEXAS ST","CAMINO DEL RIO S",846.00,S,N,A,-,N,,,,,,,,,,N,2,0,1,1,A,-,03,22350,,N,F,I,A,A,H,-,A,D,0,,Y,,,Y,,L,04,1,0,0,0,0,0,1,0,0,"- ","- ",,,"SAN DIEGO","SAN DIEGO",-117.13909912109375,32.765029907226562
8544445,2018,2018-02-02,3711,2018-01-19,0655,4957,,5,5,7,3711,0,0,0,,0,233,"PARK RUN RD","BRICKELLIA ST",9.00,E,N,B,-,N,,,,,,,,,,N,3,0,1,2,A,-,09,21801,A,N,H,G,A,A,H,-,A,D,0,,Y,,,Y,,-,,0,1,0,0,0,0,1,0,0,"- ","- ",,,"SAN DIEGO","SAN DIEGO",-117.13954162597656,32.952552795410156
8545810,2018,2018-02-09,3711,2018-01-17,0923,7173,SDPD,3,5,7,3711,0,0,0,,0,531,"PARK BL","INSIRATION POINT RD",272.00,N,N,A,-,N,,,,,,,,,,N,3,0,1,2,A,-,17,22517,,N,E,G,A,A,H,-,A,D,0,,Y,,,Y,,A,01,0,1,0,0,0,0,1,0,0,"- ","- ",,,"SAN DIEGO","SAN DIEGO",-117.14775085449219,32.727565765380859
8546220,2018,2018-02-08,3711,2018-01-26,0715,7574,"SAN D",5,5,7,3711,0,0,0,,0,614,"VOLTAIRE ST","SUNSET CLIFFS BL",5.00,N,N,A,-,N,,,,,,,,,,N,4,0,1,2,A,-,17,21451,A,N,D,G,A,A,H,-,A,A,0,,Y,,,Y,,D,22,0,0,1,0,0,0,1,0,0,"- ","- ",,,"SAN DIEGO","SAN DIEGO",-117.2431640625,32.749916076660156
8548755,2018,2018-02-15,3711,2018-02-04,2006,6657,,7,5,7,3711,0,0,0,,0,516,"32ND ST","F ST",0.00,,Y,A,-,N,,,,,,,,,,N,3,0,1,2,A,-,09,21801,A,N,A,G,A,A,H,-,C,D,0,,Y,,,Y,,A,01,0,1,0,0,0,0,1,0,0,"- ","- ",,,"SAN DIEGO","SAN DIEGO",-117.12525939941406,32.713790893554688
8548799,2018,2018-02-15,3711,2018-02-05,1550,5886,,1,5,7,3711,0,0,0,,0,828,"UNIVERSITY AV","49TH ST",36.00,W,N,A,-,N,,,,,,,,,,N,3,0,1,2,A,-,03,22350,,N,B,G,A,A,H,-,A,D,0,,Y,,,Y,,L,04,0,1,0,0,0,0,1,0,0,"- ","- ",,,"SAN DIEGO","SAN DIEGO",-117.08917999267578,32.749530792236328
8549667,2018,2018-02-14,3711,2018-01-28,0834,4759,,7,5,7,3711,0,0,0,,0,122,"GRAND AV","FANUEL ST",9.00,E,N,A,-,N,,,,,,,,,,N,3,0,2,3,A,-,10,21950,A,N,D,G,A,A,H,-,A,A,0,,Y,,,Y,,-,,0,2,0,0,0,0,2,0,0,"- ","- ",,,"SAN DIEGO","SAN DIEGO",-117.24577331542969,32.796726226806641
8549671,2018,2018-02-14,3711,2018-01-29,1620,7390,,1,5,7,3711,0,0,0,,0,122,"MISSION BL","MISSION BL 4685",0.00,,N,A,-,N,,,,,,,,,,N,3,0,1,1,A,-,08,22107,,N,A,I,A,A,H,-,A,A,0,,Y,,,Y,Y,L,04,0,1,0,0,0,0,1,0,0,"- ","- ",,,"SAN DIEGO","SAN DIEGO",-117.2562772,32.799152540000001
8549675,2018,2018-02-28,3711,2018-01-29,1539,7449,"SAN D",1,5,7,3711,0,0,0,,0,124,"VIA ESTRADA","EL CAMINO",38.00,S,N,A,-,N,,,,,,,,,,N,3,0,1,1,A,-,08,22107,,N,E,J,A,A,A,-,A,D,0,,Y,,,Y,,-,"- ",0,1,0,0,0,0,1,0,0,"- ","- ",,,"SAN DIEGO","SAN DIEGO",,
8549809,2018,2018-02-09,3711,2018-01-27,1530,7691,,6,5,7,3711,0,0,0,,0,115,"GENESEE AV","CENTURION SQ",192.00,N,N,A,-,N,,,,,,,,,,N,3,0,1,1,B,-,22,,,N,H,-,A,A,H,-,A,D,0,,Y,,,Y,,L,04,0,1,0,0,0,0,1,0,0,"- ","- ",,,"SAN DIEGO","SAN DIEGO",-117.21013069,32.861346359999999
8550236,2018,2018-02-12,3711,2018-01-27,0930,7288,,6,5,7,3711,0,0,0,,0,722,"HOLLISTER ST","ILEX AV",0.00,,Y,A,-,N,,,,,,,,,,N,3,0,1,2,A,-,08,22107,,M,H,G,A,A,H,-,A,A,0,,Y,,,Y,Y,-,,0,1,0,0,0,0,1,0,0,"- ","- ",32.570098876953125,-117.08399963378906,"SAN DIEGO","SAN DIEGO",-117.08409881591797,32.569869995117188
8550406,2018,2018-02-10,3711,2018-01-28,1430,7638,SDPD,7,5,7,3711,0,0,0,,0,934,"EL CAMINIO REAL RD","ARROYO SORRENTO RD",0.00,,Y,A,G,N,,,,,,,,,,N,2,0,2,3,A,-,17,21451,A,N,G,G,A,A,H,-,A,A,0,,Y,,,Y,,-,,1,1,0,0,0,0,2,0,0,"- ","- ",32.924999237060547,-117.23600006103516,"SAN DIEGO","SAN DIEGO",-117.23651123046875,32.925201416015625
8550477,2018,2018-03-20,3711,2018-01-27,1045,7072,,6,5,7,3711,0,0,0,,0,121,"MISSION BL","SAN RAFAEL PL",3.00,N,N,A,-,N,,,,,,,,,,N,3,0,1,2,A,-,09,21802,A,N,G,G,A,A,H,-,A,A,0,,Y,,,Y,,-,,0,1,0,0,0,0,1,0,0,"- ","- ",,,"SAN DIEGO","SAN DIEGO",-117.25357055664062,32.787147521972656
8550711,2018,2018-02-09,3711,2018-01-11,1050,7467,SD,4,5,7,3711,0,0,0,,0,521,"G ST","14TH ST",12.00,E,N,A,-,N,,,,,,,,,,N,4,0,1,2,A,-,09,21801,A,N,H,G,A,A,H,-,A,A,0,,Y,,,Y,,-,,0,0,1,0,0,0,1,0,0,"- ","- ",,,"SAN DIEGO","SAN DIEGO",-117.15187835693359,32.712612152099609
8551644,2018,2018-02-20,3711,2018-01-31,1953,5395,,3,5,7,3711,0,0,0,,0,611,"SPORTS ARENA","SPORTS ARENA 3200",0.00,,Y,A,-,N,,,,,,,,,,N,3,0,1,2,A,-,12,21453,A,N,D,G,A,A,H,-,C,A,0,,Y,,,Y,,L,04,0,1,0,0,0,0,1,0,0,"- ","- ",,,"SAN DIEGO","SAN DIEGO",,
8553667,2018,2018-02-21,3711,2018-02-08,1720,4539,,4,5,7,3711,0,0,0,,0,935,"CAMINO DEL SUR","TORREY MEADOWS",36.00,S,N,A,-,N,,,,,,,,,,N,3,0,1,2,A,-,03,22350,,N,C,G,A,A,H,-,B,A,0,,Y,,,Y,,-,,0,1,0,0,0,0,1,0,0,"- ","- ",,,"SAN DIEGO","SAN DIEGO",-117.15122985839844,32.963134765625
8559126,2018,2018-03-02,3711,2018-02-06,0956,7560,SDPD,2,5,7,3711,0,0,0,,0,821,"73RD ST","EL CAJON BL",24.00,N,N,A,-,N,,,,,,,,,,N,4,0,1,2,A,-,09,21801,,N,D,G,A,A,H,-,A,A,0,,Y,,,Y,,-,,0,0,1,0,0,0,1,0,0,"- ","- ",,,"SAN DIEGO","SAN DIEGO",-117.0404052734375,32.768886566162109
8559134,2018,2018-02-26,3711,2018-02-02,1845,7227,,5,5,7,3711,0,0,0,,0,831,"CHAMOUNE AV","CHAMOUNE AV  4200",0.00,,N,A,-,N,,,,,,,,,,N,3,0,1,2,A,-,00,84095,B,M,G,B,F,A,H,-,C,D,0,Y,Y,,,Y,,L,04,0,1,0,0,1,0,0,0,0,"- ","- ",,,"SAN DIEGO","SAN DIEGO",-117.0965758,32.753128820000001
8559146,2018,2018-02-26,3711,2018-02-01,1732,5600,,4,5,7,3711,0,0,0,,0,123,"DE ANZA RD","NORTH MISSION BAY DR",74.00,S,N,A,-,N,,,,,,,,,,N,2,0,2,2,A,-,08,22107,,N,B,G,A,A,H,-,A,D,0,,Y,,,Y,,L,04,1,0,1,0,0,0,2,0,0,"- ","- ",,,"SAN DIEGO","SAN DIEGO",-117.21580505371094,32.798488616943359
8560767,2018,2018-02-27,3711,2018-01-24,1424,7163,,3,5,7,3711,0,0,0,,0,832,"FAIRMOUNT AV","UNIVERSITY AV",0.00,,Y,A,-,N,,,,,,,,,,N,2,0,1,2,D,-,00,,,N,D,G,A,A,H,-,A,A,0,,Y,,,Y,,-,"- ",1,0,0,0,0,0,1,0,0,"- ","- ",,,"SAN DIEGO","SAN DIEGO",-117.10089874267578,32.749599456787109
8563570,2018,2018-03-05,3711,2018-02-16,1450,5840,,5,5,7,3711,0,0,0,,0,625,"JUAN ST","WALLACE ST",46.00,S,N,A,-,N,,,,,,,,,,N,3,0,1,2,A,-,08,22107,,N,B,G,A,A,H,-,A,D,0,,Y,,,Y,,A,01,0,1,0,0,0,0,1,0,0,"- ","- ",,,"SAN DIEGO","SAN DIEGO",-117.19715881347656,32.755886077880859
8563582,2018,2018-03-05,3711,2018-02-18,1825,5515,,7,5,7,3711,0,0,0,,0,628,"10TH AV","WASHINGTON ST 1600",0.00,,Y,B,-,N,,,,,,,,,,N,3,0,1,1,A,-,08,22107,,N,B,I,A,A,H,-,D,D,0,,Y,,,Y,Y,L,04,0,1,0,0,0,0,1,0,0,"- ","- ",,,"SAN DIEGO","SAN DIEGO",,
8563594,2018,2018-03-05,3711,2018-02-17,0916,7123,,6,5,7,3711,0,0,0,,0,935,"EL CAMINIO REAL","EL CAMINIO REAL 14300",4.00,W,N,A,-,N,,,,,,,,,,N,3,0,1,1,A,-,03,22350,,N,H,A,A,A,H,-,A,A,0,,Y,,,Y,,-,"- ",0,1,0,0,0,0,1,0,0,"- ","- ",,,"SAN DIEGO","SAN DIEGO",,
8563598,2018,2018-05-04,3711,2018-02-18,1719,7341,,7,5,7,3711,0,0,0,,0,121,"PACIFIC BEACH DR","MISSION BL",220.00,W,N,A,-,N,,,,,,,,,,N,3,0,1,2,A,-,08,22107,,N,D,G,A,A,H,-,A,D,0,,Y,,,Y,,L,04,0,1,0,0,0,0,1,0,0,"- ","- ",,,"SAN DIEGO","SAN DIEGO",-117.25445556640625,32.790767669677734
8563604,2018,2018-03-07,3711,2018-02-17,1405,7341,,6,5,7,3711,0,0,0,,0,124,"EL PASEO GRANDE","KENNEL WY",0.00,,Y,A,-,N,,,,,,,,,,N,3,0,1,1,A,-,"- ",,,N,H,A,A,A,H,-,A,D,0,,Y,,,Y,,L,04,0,1,0,0,0,0,1,0,0,"- ","- ",,,"SAN DIEGO","SAN DIEGO",-117.25405883789062,32.863529205322266
8563620,2018,2018-03-02,3711,2018-02-14,0959,7274,,3,5,7,3711,0,0,0,,0,624,"EL CAJON BL","FLORIDA ST",0.00,,Y,A,-,N,,,,,,,,,,N,2,0,1,1,A,-,03,22350,,N,F,A,A,A,H,-,A,A,0,,Y,,,Y,,L,04,1,0,0,0,0,0,1,0,0,"- ","- ",,,"SAN DIEGO","SAN DIEGO",-117.14376831054688,32.755348205566406
8563624,2018,2018-03-02,3711,2018-02-13,1744,7642,,2,5,7,3711,0,0,0,,0,122,"HORNBLEND ST","LAMONT ST",153.00,E,N,A,-,N,,,,,,,,,,N,3,0,1,2,A,-,03,22350,,N,C,G,A,A,H,-,A,D,0,,Y,,,Y,Y,L,04,0,1,0,0,0,0,1,0,0,"- ","- ",,,"SAN DIEGO","SAN DIEGO",-117.23458862304688,32.800174713134766
8563875,2018,2018-03-05,3711,2018-02-14,1717,7163,,3,5,7,3711,0,0,0,,0,,WIGHTMAN,"WIGHTMAN 3800",0.00,,Y,C,-,N,,,,,,,,,,N,3,0,1,1,-,-,"- ",,,N,H,-,A,B,H,-,B,A,0,,Y,,,Y,,-,"- ",0,1,0,0,0,0,1,0,0,"- ","- ",,,"SAN DIEGO","SAN DIEGO",,
8565039,2018,2018-03-01,3711,2018-01-28,1240,6764,,7,5,7,3711,0,0,0,,0,826,"TROJAN AV","50TH ST",153.00,E,N,A,-,N,,,,,,,,,,N,2,0,1,2,A,-,09,21804,A,N,D,G,A,A,H,-,A,D,0,,Y,,,Y,,L,04,1,0,0,0,0,0,1,0,0,"- ","- ",,,"SAN DIEGO","SAN DIEGO",-117.08636474609375,32.754901885986328
8568081,2018,2018-03-09,3711,2018-02-15,2031,HB5940,,4,5,7,3711,0,0,0,,0,503,"NORTH HARBOR DR","LINDBERGH FIELD WY",0.00,,Y,A,-,N,,,,,,,,,,N,3,0,1,2,A,-,08,22107,,N,B,G,A,A,H,-,C,A,0,,Y,,,Y,,A,01,0,1,0,0,0,0,1,0,0,"- ","- ",,,"SAN DIEGO","SAN DIEGO",,
8571458,2018,2018-03-14,3711,2018-02-27,1450,4884,SDPD,2,5,7,3711,0,0,0,,0,231,"SPRINGBROOK DR","SABRE SPRINGS PKWY",14.00,N,N,A,-,N,,,,,,,,,,N,3,0,1,2,A,-,09,21802,A,N,D,G,A,A,H,-,A,A,0,,Y,,,Y,,A,01,0,1,0,0,0,0,1,0,0,"- ","- ",,,"SAN DIEGO","SAN DIEGO",-117.08406829833984,32.943229675292969
8571462,2018,2018-03-14,3711,2018-02-25,1410,7555,,7,5,7,3711,0,0,0,,0,932,"13000 NORTH TORREY PINES RD","NORTH TORREY PINES RD",7.00,E,N,A,-,N,,,,,,,,,,N,2,0,1,2,A,-,05,21651,A,N,D,G,A,A,H,-,A,D,0,,Y,,,Y,,A,01,1,0,0,0,0,0,1,0,0,"- ","- ",32.937900543212891,-117.26129913330078,"SAN DIEGO","SAN DIEGO",-117.26121520996094,32.937904357910156
8571466,2018,2018-03-15,3711,2018-02-17,0858,4759,,6,5,7,3711,0,0,0,,0,124,"GILMAN DR","GILMAN DR 8200",2112.00,N,N,B,-,N,,,,,,,,,,N,4,0,1,1,A,-,04,21703,,N,G,A,A,A,H,-,A,D,0,,Y,,,Y,,L,04,0,0,1,0,0,0,1,0,0,"- ","- ",,,"SAN DIEGO","SAN DIEGO",,
8571486,2018,2018-03-14,3711,2018-02-23,1730,7580,"SAN D",5,5,7,3711,0,0,0,,0,723,"AREY DR",DARWIN,15.00,W,N,A,-,N,,,,,,,,,,N,3,0,1,2,A,-,09,21802,A,N,D,G,A,A,H,-,A,D,0,,Y,,,Y,,L,04,0,1,0,0,0,0,1,0,0,"- ","- ",,,"SAN DIEGO","SAN DIEGO",-117.05110931396484,32.578739166259766
8572478,2018,2018-07-16,3711,2018-02-13,0650,7387,,2,5,7,3711,0,0,0,,0,813,"RAY ST","CAPPS ST",0.00,,Y,A,-,N,,,,,,,,,,N,3,0,1,1,A,-,08,22107,,N,F,I,A,B,H,-,A,D,0,,Y,,,Y,,L,04,0,1,0,0,0,0,1,0,0,"- ","- ",,,"SAN DIEGO","SAN DIEGO",-117.12924194335938,32.743171691894531
8576051,2018,2018-03-15,3711,2018-03-03,1433,7453,,6,5,7,3711,0,0,0,,0,824,"COLLWOOD BL","MONROE AV",120.00,N,N,A,-,N,,,,,,,,,,N,3,0,1,1,A,-,08,22107,,N,E,I,A,A,H,-,A,D,0,,Y,,,Y,,L,04,0,1,0,0,0,0,1,0,0,"- ","- ",,,"SAN DIEGO","SAN DIEGO",-117.08092498779297,32.760120391845703
8576704,2018,2018-03-20,3711,2018-03-06,1258,7255,,2,5,7,3711,0,0,0,,0,611,"HANCOCK ST","HICOCK ST",0.00,,Y,A,-,N,,,,,,,,,,N,3,0,1,2,A,-,05,21650,1,N,H,G,A,A,H,-,A,D,0,,Y,,,Y,,L,04,0,1,0,0,0,0,1,0,0,"- ","- ",,,"SAN DIEGO","SAN DIEGO",-117.20932006835938,32.7576904296875
8576756,2018,2018-03-19,3711,2018-02-23,1020,5747,,5,5,7,3711,0,0,0,,0,611,"MIDWAY DR",ROSECRANS,18.00,W,N,A,-,N,,,,,,,,,,N,4,0,1,2,A,-,09,21453,B,N,B,G,A,A,H,-,A,D,0,,Y,,,Y,,-,,0,0,1,0,0,0,1,0,0,"- ","- ",,,"SAN DIEGO","SAN DIEGO",-117.20621490478516,32.749729156494141