CASE_ID,ACCIDENT_YEAR,PROC_DATE,JURIS,COLLISION_DATE,COLLISION_TIME,OFFICER_ID,REPORTING_DISTRICT,DAY_OF_WEEK,CHP_SHIFT,POPULATION,CNTY_CITY_LOC,SPECIAL_COND,BEAT_TYPE,CHP_BEAT_TYPE,CITY_DIVISION_LAPD,CHP_BEAT_CLASS,BEAT_NUMBER,PRIMARY_RD,SECONDARY_RD,DISTANCE,DIRECTION,INTERSECTION,WEATHER_1,WEATHER_2,STATE_HWY_IND,CALTRANS_COUNTY,CALTRANS_DISTRICT,STATE_ROUTE,ROUTE_SUFFIX,POSTMILE_PREFIX,POSTMILE,LOCATION_TYPE,RAMP_INTERSECTION,SIDE_OF_HWY,TOW_AWAY,COLLISION_SEVERITY,NUMBER_KILLED,NUMBER_INJURED,PARTY_COUNT,PRIMARY_COLL_FACTOR,PCF_CODE_OF_VIOL,PCF_VIOL_CATEGORY,PCF_VIOLATION,PCF_VIOL_SUBSECTION,HIT_AND_RUN,TYPE_OF_COLLISION,MVIW,PED_ACTION,ROAD_SURFACE,ROAD_COND_1,ROAD_COND_2,LIGHTING,CONTROL_DEVICE,CHP_ROAD_TYPE,PEDESTRIAN_ACCIDENT,BICYCLE_ACCIDENT,MOTORCYCLE_ACCIDENT,TRUCK_ACCIDENT,NOT_PRIVATE_PROPERTY,ALCOHOL_INVOLVED,STWD_VEHTYPE_AT_FAULT,CHP_VEHTYPE_AT_FAULT,COUNT_SEVERE_INJ,COUNT_VISIBLE_INJ,COUNT_COMPLAINT_PAIN,COUNT_PED_KILLED,COUNT_PED_INJURED,COUNT_BICYCLIST_KILLED,COUNT_BICYCLIST_INJURED,COUNT_MC_KILLED,COUNT_MC_INJURED,PRIMARY_RAMP,SECONDARY_RAMP,LATITUDE,LONGITUDE,COUNTY,CITY,POINT_X,POINT_Y
8579891,2018,2018-03-26,3711,2018-03-08,1637,6521,,4,5,7,3711,0,0,0,,0,242,"GOLD COAST DR","LIPSCOMB DR",0.00,,Y,A,-,N,,,,,,,,,,N,4,0,1,2,A,-,10,21950,,N,H,B,B,A,H,-,A,D,0,Y,Y,,,Y,,N,60,0,0,1,0,0,0,1,0,0,"- ","- ",,,"SAN DIEGO","SAN DIEGO",-117.13297271728516,32.905521392822266
8580104,2018,2018-03-21,3711,2018-03-11,1735,6786,,7,5,7,3711,0,0,0,,0,518,"JUNIPER ST","30TH ST",51.00,S,N,A,-,N,,,,,,,,,,N,3,0,1,2,A,-,08,22107,,N,G,G,A,A,H,-,A,-,0,,Y,,,Y,,D,22,0,1,0,0,0,0,1,0,0,"- ","- ",,,"SAN DIEGO","SAN DIEGO",-117.13014984130859,32.729640960693359
8580309,2018,2018-03-27,3711,2018-03-05,1224,5985,,1,5,7,3711,0,0,0,,0,521,"15TH ST","ISLAND AV",0.00,,Y,A,-,N,,,,,,,,,,N,4,0,1,2,A,-,03,22350,,N,D,C,A,A,H,-,A,D,0,,Y,,,Y,,L,04,0,0,1,0,0,0,1,0,0,"- ","- ",,,"SAN DIEGO","SAN DIEGO",-117.15035247802734,32.710460662841797
8580449,2018,2018-03-22,3711,2018-03-05,1815,6000,,1,5,7,3711,0,0,0,,0,321,"MISSION GORGE PL","MISSION GORGE PL 4700",0.00,,-,A,-,N,,,,,,,,,,N,3,0,1,2,D,-,00,,,F,H,G,A,A,H,-,B,D,0,,Y,,,Y,,-,"- ",0,1,0,0,0,0,1,0,0,"- ","- ",,,"SAN DIEGO","SAN DIEGO",-117.09199547999999,32.78246094
8580469,2018,2018-03-22,3711,2018-03-12,0019,8816,,1,5,7,3711,0,0,0,,0,123,"PACIFIC HWY","PACIFIC HWY 5100",0.00,,-,A,-,N,,,,,,,,,,N,3,0,1,2,D,-,00,,,N,H,-,E,A,H,-,C,A,0,Y,Y,,,Y,,-,"- ",0,1,0,0,1,0,0,0,0,"- ","- ",,,"SAN DIEGO","SAN DIEGO",,
8580477,2018,2018-03-22,3711,2018-03-11,1506,7680,"SAN D",7,5,7,3711,0,0,0,,0,529,"1ST AV","NUTMEG ST",25.00,N,N,A,-,N,,,,,,,,,,N,3,0,1,2,A,-,08,22107,,N,H,I,A,A,H,-,A,D,0,,Y,,,Y,,L,04,0,1,0,0,0,0,1,0,0,"- ","- ",,,"SAN DIEGO","SAN DIEGO",-117.16394805908203,32.733516693115234
8580484,2018,2018-03-23,3711,2018-03-04,0806,7464,4DPD,7,5,7,3711,0,0,0,,0,838,"UNIVERSITY AV","38TH ST",17.00,E,N,A,-,N,,,,,,,,,,N,4,0,1,2,A,-,05,21650,1,N,A,G,A,A,H,-,A,D,0,,Y,,,Y,,L,04,0,0,1,0,0,0,1,0,0,"- ","- ",,,"SAN DIEGO","SAN DIEGO",-117.11183166503906,32.749698638916016
8582477,2018,2018-04-09,3711,2018-03-15,1714,7633,,4,5,7,3711,0,0,0,,0,121,"GARNET AV","INGRAHAM ST",17.00,W,N,A,-,N,,,,,,,,,,N,3,0,1,1,D,-,00,,,N,E,I,A,A,H,-,A,A,0,,Y,,,Y,,-,"- ",0,1,0,0,0,0,1,0,0,"- ","- ",,,"SAN DIEGO","SAN DIEGO",-117.24089050292969,32.799751281738281
8584244,2018,2018-04-04,3711,2018-03-18,2039,6176,,7,5,7,3711,0,0,0,,0,438,"ALLEGHANY ST","REO DR",9.00,W,N,A,-,N,,,,,,,,,,N,4,0,1,2,A,-,12,22450,A,M,D,G,A,A,H,-,C,D,0,,Y,,,Y,,-,99,0,0,1,0,0,0,1,0,0,"- ","- ",,,"SAN DIEGO","SAN DIEGO",-117.06793975830078,32.679103851318359
8584264,2018,2018-04-04,3711,2018-03-18,1035,6614,,7,5,7,3711,0,0,0,,0,115,"GENESEE AV","CAMPUS POINT DR",399.00,N,N,A,-,N,,,,,,,,,,N,3,0,1,1,A,-,03,22350,,N,E,I,A,A,D,-,A,D,0,,Y,,,Y,,L,04,0,1,0,0,0,0,1,0,0,"- ","- ",,,"SAN DIEGO","SAN DIEGO",-117.22114562988281,32.882865905761719
8584268,2018,2018-04-04,3711,2018-03-17,0115,6614,,6,5,7,3711,0,0,0,,0,121,"MISSION BL","ENSENADA CT",54.00,S,N,C,-,N,,,,,,,,,,N,3,0,1,1,A,-,03,22350,,N,H,A,A,B,G,-,C,D,0,,Y,,,Y,Y,L,04,0,1,0,0,0,0,1,0,0,"- ","- ",,,"SAN DIEGO","SAN DIEGO",-117.25104522705078,32.767051696777344
8584279,2018,2018-04-11,3711,2018-03-13,1530,6978,SANDI,2,5,7,3711,0,0,0,,0,124,"GILMAN DR","VILLA LA JOLLA DR",1200.00,N,N,B,-,N,,,,,,,,,,N,4,0,1,2,A,-,08,22107,,N,C,G,A,A,H,-,A,D,0,,Y,,,Y,,-,,0,0,1,0,0,0,1,0,0,"- ","- ",,,"SAN DIEGO","SAN DIEGO",-117.23753356933594,32.867256164550781
8584311,2018,2018-03-30,3711,2018-03-18,2312,7343,,7,5,7,3711,0,0,0,,0,323,"COLLEGE AV","COLLEGE AV 6200",0.00,,-,A,-,N,,,,,,,,,,N,4,0,1,1,A,-,21,22106,,N,F,-,A,A,H,-,C,D,0,,Y,,,Y,,L,04,0,0,1,0,0,0,1,0,0,"- ","- ",,,"SAN DIEGO","SAN DIEGO",-117.0655328,32.789452439999998
8584314,2018,2018-03-30,3711,2018-03-17,1415,7574,SANDI,6,5,7,3711,0,0,0,,0,613,"CHATSWORTH BL","NIMITZ BL",10.00,W,N,A,-,N,,,,,,,,,,Y,4,0,2,3,A,-,12,21453,A,N,D,C,A,A,H,-,A,A,0,,Y,,,Y,,A,01,0,0,2,0,0,0,1,0,0,"- ","- ",,,"SAN DIEGO","SAN DIEGO",-117.23065948486328,32.737209320068359
8584315,2018,2018-03-30,3711,2018-03-14,2345,4576,,3,5,7,3711,0,0,0,,0,827,"LEA ST","KNOXIE ST",200.00,E,N,B,-,N,,,,,,,,,,N,4,0,1,2,A,-,08,22107,,N,E,G,A,A,H,-,D,D,0,,Y,,,Y,,L,04,0,0,1,0,0,0,1,0,0,"- ","- ",,,"SAN DIEGO","SAN DIEGO",-117.08193206787109,32.744956970214844
8584443,2018,2018-03-30,3711,2018-03-01,1040,HB3855,,4,5,7,3711,0,0,0,,0,503,"NORTH HARBOR DR","N HARBOR DR 3700",0.00,,Y,A,-,N,,,,,,,,,,N,3,0,1,1,C,-,18,,,N,H,J,A,A,A,-,A,D,0,,Y,,,Y,,-,"- ",0,1,0,0,0,0,1,0,0,"- ","- ",,,"SAN DIEGO","SAN DIEGO",,
8586845,2018,2018-04-02,3711,2018-03-13,1600,7305,,2,5,7,3711,0,0,0,,0,511,"HARBOR DR","CESAR CHAVEZ PKWY",0.00,,Y,B,-,N,,,,,,,,,,N,4,0,1,2,A,-,12,21453,,N,A,G,A,A,H,-,A,A,0,,Y,,,Y,,A,01,0,0,1,0,0,0,1,0,0,"- ","- ",,,"SAN DIEGO","SAN DIEGO",-117.14735895,32.698310460000002
8586985,2018,2018-04-12,3711,2018-04-01,1050,4892,,7,5,7,3711,0,0,0,,0,615,"NORTH HARBOR DR","NIMITZ BL",200.00,E,N,A,-,N,,,,,,,,,,N,3,0,1,2,A,-,08,22107,,N,C,G,A,A,H,-,A,D,0,,Y,,,Y,,-,,0,1,0,0,0,0,1,0,0,"- ","- ",,,"SAN DIEGO","SAN DIEGO",-117.2208251953125,32.725944519042969
8589119,2018,2018-04-30,3711,2018-03-11,1721,5939,,7,5,7,3711,0,0,0,,0,242,"MIRA MESA BL","BLACK MOUNTAIN RD",270.00,E,-,A,-,N,,,,,,,,,,N,4,0,1,2,D,-,00,,,N,-,-,A,A,H,-,A,-,0,,Y,,,Y,,-,"- ",0,0,1,0,0,0,1,0,0,"- ","- ",,,"SAN DIEGO","SAN DIEGO",-117.12401580810547,32.917240142822266
8590424,2018,2018-04-11,3711,2018-03-03,1239,7435,,6,5,7,3711,0,0,0,,0,124,"AVENIDA DE LA PLAYA","PASEO DEL OCASO",0.00,,-,A,-,N,,,,,,,,,,N,4,0,1,2,A,-,09,21801,A,N,D,G,A,A,H,-,A,A,0,,Y,,,Y,,-,,0,0,1,0,0,0,1,0,0,"- ","- ",,,"SAN DIEGO","SAN DIEGO",-117.25480651855469,32.85382080078125
8591405,2018,2018-04-11,3711,2018-03-24,0500,6203,,6,5,7,3711,0,0,0,,0,813,"PARK BL","UNIVERSITY AV",0.00,,Y,A,-,N,,,,,,,,,,N,3,0,1,1,A,-,08,22107,,N,A,I,A,A,H,-,C,D,0,,Y,,,Y,,L,04,0,1,0,0,0,0,1,0,0,"- ","- ",,,"SAN DIEGO","SAN DIEGO",-117.14640808105469,32.748451232910156
8591413,2018,2018-04-11,3711,2018-03-26,0750,7280,,1,5,7,3711,0,0,0,,0,621,"ULRIC ST","TAIT ST",0.00,,Y,A,-,N,,,,,,,,,,N,3,0,1,2,A,-,10,21950,A,N,A,G,A,A,H,-,A,A,0,,Y,,,Y,,A,01,0,1,0,0,0,0,1,0,0,"- ","- ",,,"SAN DIEGO","SAN DIEGO",-117.16941070556641,32.780990600585938
8592083,2018,2018-04-19,3711,2018-03-30,1508,7341,,5,5,7,3711,0,0,0,,0,123,"FIESTA ISLAND RD","EAST MISSION BAY DR",10032.00,W,N,A,-,N,,,,,,,,,,N,4,0,1,1,A,-,08,22107,,N,F,A,A,A,H,-,A,D,0,,Y,,,Y,,L,04,0,0,1,0,0,0,1,0,0,"- ","- ",,,"SAN DIEGO","SAN DIEGO",-117.21927642822266,32.776714324951172
8592101,2018,2018-04-18,3711,2018-03-21,0735,7264,,3,5,7,3711,0,0,0,,0,624,"FLORIDA ST","POLK AV",0.00,,Y,A,-,N,,,,,,,,,,N,3,0,1,2,A,-,12,22450,A,N,D,G,A,A,H,-,A,A,0,,Y,,,Y,,-,"- ",0,1,0,0,0,0,1,0,0,"- ","- ",32.752109527587891,-117.14324951171875,"SAN DIEGO","SAN DIEGO",-117.14376831054688,32.752140045166016
8592118,2018,2018-04-19,3711,2018-03-30,1400,6976,SANDI,5,5,7,3711,0,0,0,,0,617,"LOMALAND DR","TARENTO DR",0.00,,N,A,-,N,,,,,,,,,,N,3,0,1,2,A,-,12,22450,A,M,B,G,A,A,H,-,A,C,0,,Y,,,Y,,-,,0,1,0,0,0,0,1,0,0,"- ","- ",32.719398498535156,-117.24800109863281,"SAN DIEGO","SAN DIEGO",-117.24800872802734,32.719371795654297
8592138,2018,2018-04-19,3711,2018-03-21,1458,7200,,3,5,7,3711,0,0,0,,0,122,"GARNET AV","DAWES ST",30.00,W,N,A,-,N,,,,,,,,,,N,3,0,1,1,A,-,03,22350,,N,E,I,A,A,H,-,A,D,0,,Y,,,Y,,L,04,0,1,0,0,0,0,1,0,0,"- ","- ",,,"SAN DIEGO","SAN DIEGO",-117.25010681152344,32.797710418701172
8592374,2018,2018-04-18,3711,2018-03-29,1253,7100,,4,5,7,3711,0,0,0,,0,521,"K ST","14TH ST",153.00,W,N,A,-,N,,,,,,,,,,N,4,0,1,2,A,-,08,22107,,N,B,G,A,A,H,-,A,D,0,,Y,,,Y,,L,04,0,0,1,0,0,0,1,0,0,"- ","- ",,,"SAN DIEGO","SAN DIEGO",-117.15239715576172,32.708370208740234
8592382,2018,2018-04-18,3711,2018-03-30,1350,7534,,5,5,7,3711,0,0,0,,0,,"FRONT ST","WEST BEECH ST",0.00,,Y,A,-,N,,,,,,,,,,N,4,0,1,1,A,-,03,22350,,N,-,-,A,A,H,-,A,-,0,,Y,,,Y,,L,04,0,0,1,0,0,0,1,0,0,"- ","- ",,,"SAN DIEGO","SAN DIEGO",-117.16474914550781,32.720901489257812
8592471,2018,2018-04-23,3711,2018-04-02,1507,7497,,1,5,7,3711,0,0,0,,0,514,"BROADWAY AV","19TH ST",8.00,S,N,A,-,N,,,,,,,,,,N,4,0,1,1,A,-,"- ",,,N,H,-,A,A,H,-,A,D,0,,Y,,,Y,,L,04,0,0,1,0,0,0,1,0,0,"- ","- ",,,"SAN DIEGO","SAN DIEGO",-117.14678192138672,32.715789794921875
8592664,2018,2018-04-09,3711,2018-03-23,1954,7251,,5,5,7,3711,0,0,0,,0,835,"POPLAR ST","FAIRMOUNT AV",10.00,S,N,A,-,N,,,,,,,,,,N,3,0,1,1,A,-,08,22107,,N,H,G,A,A,A,-,C,D,0,,Y,,,Y,,L,04,0,1,0,0,0,0,1,0,0,"- ","- ",,,"SAN DIEGO","SAN DIEGO",-117.10099029541016,32.738418579101562
8592668,2018,2018-04-06,3711,2018-03-14,1754,7435,,3,5,7,3711,0,0,0,,0,123,"EAST MISSION BAY DR","CLAIREMONT DR",4752.00,S,N,A,-,N,,,,,,,,,,N,3,0,1,2,A,-,09,21801,A,N,D,G,A,A,H,-,A,A,0,,Y,,,Y,,-,,0,1,0,0,0,0,1,0,0,"- ","- ",,,"SAN DIEGO","SAN DIEGO",-117.20964813232422,32.777854919433594
8592691,2018,2018-04-06,3711,2018-03-20,0705,6200,,2,5,7,3711,0,0,0,,0,325,"HYDE PARK DR","EVERGLADES AV",75.00,E,N,A,-,N,,,,,,,,,,N,3,0,1,2,A,-,08,22107,,N,D,G,A,A,H,-,A,D,0,,Y,,,Y,,L,04,0,1,0,0,0,0,1,0,0,"- ","- ",,,"SAN DIEGO","SAN DIEGO",-117.0455322265625,32.802070617675781
8594137,2018,2018-04-19,3711,2018-04-05,1646,7173,CENTR,4,5,7,3711,0,0,0,,0,522,"K ST","3RD AV",72.00,E,N,A,-,N,,,,,,,,,,N,3,0,1,1,A,-,08,22107,,N,F,J,A,A,H,-,A,D,0,,Y,,,Y,,L,04,0,1,0,0,0,0,1,0,0,"- ","- ",,,"SAN DIEGO","SAN DIEGO",-117.16146850585938,32.708320617675781
8594204,2018,2018-04-19,3711,2018-04-04,1625,5555,,3,5,7,3711,0,0,0,,0,824,"MONROE AV","50TH ST",2.00,E,N,A,-,N,,,,,,,,,,N,3,0,1,2,A,-,12,22450,A,N,D,G,A,A,H,-,A,D,0,,Y,,,Y,,L,04,0,1,0,0,0,0,1,0,0,"- ","- ",,,"SAN DIEGO","SAN DIEGO",-117.08680725097656,32.758991241455078
8594220,2018,2018-04-19,3711,2018-04-04,0657,7201,,3,5,7,3711,0,0,0,,0,313,"CLAIREMONT MESA BL","KEARNY MESA RD",0.00,,Y,A,-,N,,,,,,,,,,N,3,0,1,2,A,-,12,21453,A,N,D,G,A,A,H,-,A,A,0,,Y,,,Y,,L,04,0,1,0,0,0,0,1,0,0,"- ","- ",,,"SAN DIEGO","SAN DIEGO",-117.14353179931641,32.832920074462891
8594228,2018,2018-04-19,3711,2018-04-04,1140,7072,,3,5,7,3711,0,0,0,,0,124,"TORREY PINES RD","ARDATH LN",300.00,N,N,B,-,N,,,,,,,,,,N,3,0,1,2,A,-,09,21801,A,N,D,G,A,A,H,-,A,D,0,,Y,,,Y,,D,22,0,1,0,0,0,0,1,0,0,"- ","- ",,,"SAN DIEGO","SAN DIEGO",-117.24952697753906,32.850856781005859
8594357,2018,2018-04-20,3711,2018-04-09,1612,7538,,1,5,7,3711,0,0,0,,0,826,"54TH ST","UNIVERSITY AV",280.00,N,N,A,-,N,,,,,,,,,,N,3,0,1,2,A,-,08,22107,,N,B,G,A,A,H,-,A,D,0,,Y,,,Y,,A,01,0,1,0,0,0,0,1,0,0,"- ","- ",,,"SAN DIEGO","SAN DIEGO",-117.0794677734375,32.749557495117188
8594589,2018,2018-04-20,3711,2018-03-26,0838,6774,,1,5,7,3711,0,0,0,,0,436,"PARADISE VALLEY RD","SOUTH MEADOWBROOK",0.00,,Y,B,-,N,,,,,,,,,,Y,2,0,1,2,A,-,12,21453,A,N,D,G,A,A,H,-,A,A,0,,Y,,,Y,,L,04,1,0,0,0,0,0,1,0,0,"- ","- ",,,"SAN DIEGO","SAN DIEGO",-117.02584838867188,32.697509765625
8594621,2018,2018-04-20,3711,2018-03-15,1200,7595,,4,5,7,3711,0,0,0,,0,813,"EL CAJON BL","30TH ST",5.00,,N,B,-,N,,,,,,,,,,N,4,0,1,2,A,-,08,22107,,N,D,G,A,A,B,-,A,A,0,,Y,,,Y,,-,,0,0,1,0,0,0,1,0,0,"- ","- ",,,"SAN DIEGO","SAN DIEGO",-117.13017272949219,32.755401611328125
8594862,2018,2018-04-23,3711,2018-03-30,1530,7152,"SAN D",5,5,7,3711,0,0,0,,0,623,"HOTEL CIRCLE SOUTH","HOTEL CIRCLE CT",0.00,,N,A,-,N,,,,,,,,,,N,4,0,1,2,D,-,00,,,N,H,G,A,A,H,-,A,D,0,,Y,,,Y,,-,"- ",0,0,1,0,0,0,1,0,0,"- ","- ",,,"SAN DIEGO","SAN DIEGO",-117.17426300048828,32.759258270263672
8595875,2018,2018-04-17,3711,2018-03-29,0630,6392,SD,4,5,7,3711,0,0,0,,0,935,"SAN DIEGUITO RD","CAMINO SANTA FE",1320.00,E,N,E,-,N,,,,,,,,,,N,3,0,1,1,A,-,03,22350,,N,H,J,A,A,B,-,B,A,0,,Y,,,Y,,L,04,0,1,0,0,0,0,1,0,0,"- ","- ",,,"SAN DIEGO","SAN DIEGO",-117.20565795898438,32.980758666992188
8596333,2018,2018-04-17,3711,2018-03-17,1426,7478,,6,5,7,3711,0,0,0,,0,611,"ROSECRANS ST","KURTZ ST",180.00,S,N,B,-,N,,,,,,,,,,N,2,0,1,2,A,-,08,22107,,N,C,G,A,A,H,-,A,D,0,,Y,,,Y,Y,-,,1,0,0,0,0,0,1,0,0,"- ","- ",,,"SAN DIEGO","SAN DIEGO",-117.20421600341797,32.751907348632812
8598029,2018,2018-04-20,3711,2018-03-30,0922,8568,,5,5,7,3711,0,0,0,,0,814,"ADAMS AV","FELTON ST",68.00,E,N,A,-,N,,,,,,,,,,N,3,0,1,2,A,-,17,22517,,N,E,G,A,A,H,-,A,D,0,,Y,,,Y,,A,01,0,1,0,0,0,0,1,0,0,"- ","- ",,,"SAN DIEGO","SAN DIEGO",-117.12155914306641,32.763378143310547
8598904,2018,2018-04-23,3711,2018-03-30,0707,6886,SD,5,5,7,3711,0,0,0,,0,828,"EUCLID AV","AUBURN DR",28.00,S,-,B,-,N,,,,,,,,,,N,4,0,1,2,A,-,05,21650,A,N,G,G,A,A,H,-,A,D,0,,Y,Y,,Y,,C,06,0,0,1,0,0,0,1,0,0,"- ","- ",,,"SAN DIEGO","SAN DIEGO",-117.09230041503906,32.748271942138672
8599530,2018,2018-05-07,3711,2018-03-25,1800,7402,,7,5,7,3711,0,0,0,,0,521,"PARK BL",11TH,0.00,,Y,A,-,N,,,,,,,,,,N,3,0,1,1,A,-,03,22350,,N,H,J,A,A,H,-,A,B,0,,Y,,,Y,,L,04,0,1,0,0,0,0,1,0,0,"- ","- ",,,"SAN DIEGO","SAN DIEGO",-117.15425872802734,32.707969665527344
8599674,2018,2018-04-25,3711,2018-04-06,1150,5450,,5,5,7,3711,0,0,0,,0,311,"GRAMERCY DR","RUFFIN RD",0.00,,Y,A,-,N,,,,,,,,,,N,4,0,1,2,D,-,00,,,N,A,G,A,A,H,-,A,A,0,,Y,,,Y,,-,"- ",0,0,1,0,0,0,1,0,0,"- ","- ",,,"SAN DIEGO","SAN DIEGO",-117.12895202636719,32.801868438720703
8599812,2018,2018-04-25,3711,2018-03-30,0756,5589,,5,5,7,3711,0,0,0,,0,515,"30TH ST","IMPERIAL AV",7.00,N,N,A,-,N,,,,,,,,,,N,4,0,1,2,A,-,09,21801,A,N,D,G,A,A,H,-,A,A,0,,Y,,,Y,,A,01,0,0,1,0,0,0,1,0,0,"- ","- ",,,"SAN DIEGO","SAN DIEGO",-117.1295166015625,32.7064208984375
8603652,2018,2018-05-09,3711,2018-04-17,1529,7642,,2,5,7,3711,0,0,0,,0,122,"INGRAHAM ST","GARNET AV",7.00,S,N,A,-,N,,,,,,,,,,N,3,0,1,2,A,-,03,22350,,N,-,G,A,A,H,-,A,A,0,,Y,,,Y,,L,04,0,1,0,0,0,0,1,0,0,"- ","- ",,,"SAN DIEGO","SAN DIEGO",-117.24083709716797,32.799739837646484
8603754,2018,2018-05-08,3711,2018-04-23,1715,7516,SAPD,1,5,7,3711,0,0,0,,0,524,"11TH AV","11TH AV  1000",12.00,E,N,A,-,N,,,,,,,,,,N,3,0,1,2,A,-,12,21453,A,N,D,G,A,A,H,-,A,A,0,,Y,,,Y,,A,01,0,1,0,0,0,0,1,0,0,"- ","- ",,,"SAN DIEGO","SAN DIEGO",-117.15473175048828,32.715724945068359
8605031,2018,2018-05-15,3711,2018-04-16,1117,7475,,1,5,7,3711,0,0,0,,0,451,"REDWOOD ST","E VIRGO RD",30.00,S,N,A,-,N,,,,,,,,,,N,3,0,1,1,C,-,18,,,N,F,-,A,A,H,-,A,A,0,,Y,,,Y,,-,"- ",0,1,0,0,0,0,1,0,0,"- ","- ",,,"SAN DIEGO","SAN DIEGO",-117.07552337646484,32.740158081054688
8605304,2017,2018-05-15,3711,2017-11-06,2140,8447,,1,5,7,3711,0,0,0,,0,724,"HOLLISTER ST","HOLLISTER ST 874",0.00,,-,A,-,N,,,,,,,,,,Y,4,0,1,2,A,-,08,22107,,F,H,G,A,A,H,-,C,D,0,,Y,,,Y,Y,-,,0,0,1,0,0,0,1,0,0,"- ","- ",32.580399999999997,-117.084,"SAN DIEGO","SAN DIEGO",-117.08409011000001,32.580630970000001
8606155,2018,2018-05-14,3711,2018-05-01,1741,7610,,2,5,7,3711,0,0,0,,0,827,"UNIVERSITY AV","52ND ST",500.00,W,N,B,-,N,,,,,,,,,,N,3,0,1,2,A,-,05,21650,1,N,D,G,A,A,H,-,A,D,0,,Y,,,Y,,L,04,0,1,0,0,0,0,1,0,0,"- ","- ",,,"SAN DIEGO","SAN DIEGO",-117.08521270751953,32.749107360839844
8607362,2018,2018-05-07,3711,2018-04-25,1010,7487,SANDI,3,5,7,3711,0,0,0,,0,125,"FIESTA ISLAND RD","FIESTA ISLAND RD 1370",0.00,,N,A,-,N,,,,,,,,,,N,3,0,1,1,D,-,00,,,N,H,A,A,A,H,-,A,D,0,,Y,,,Y,,-,"- ",0,1,0,0,0,0,1,0,0,"- ","- ",,,"SAN DIEGO","SAN DIEGO",-117.22187698,32.780306619999998
8608344,2018,2018-04-27,3711,2018-04-14,1503,7460,SANDI,6,5,7,3711,0,0,0,,0,613,"VOLTAIRE ST","SEASIDE ST",20.00,E,N,A,-,N,,,,,,,,,,N,4,0,1,1,A,-,03,22350,,N,F,A,A,A,H,-,A,D,0,,Y,,,Y,,L,04,0,0,1,0,0,0,1,0,0,"- ","- ",,,"SAN DIEGO","SAN DIEGO",-117.23902130126953,32.747226715087891
8608737,2018,2018-05-09,3711,2018-04-18,1322,6392,SD,3,5,7,3711,0,0,0,,0,934,"DEL MAR HEIGHTS RD","HIGH BLUFF DR",223.00,E,N,A,-,N,,,,,,,,,,N,3,0,1,1,A,-,03,22350,,N,-,G,A,A,A,-,A,A,0,,Y,,,Y,,L,04,0,1,0,0,0,0,1,0,0,"- ","- ",,,"SAN DIEGO","SAN DIEGO",-117.23876953125,32.952011108398438
8610133,2018,2018-05-10,3711,2018-04-20,1125,6162,,5,5,7,3711,0,0,0,,0,233,"BLACK MOUNTAIN RD","PIMPERNEL DR",280.00,N,N,A,-,N,,,,,,,,,,N,3,0,1,1,A,-,08,22107,,N,E,-,A,A,H,-,A,D,0,,Y,,,Y,,L,04,0,1,0,0,0,0,1,0,0,"- ","- ",,,"SAN DIEGO","SAN DIEGO",-117.13027954101562,32.952674865722656
8610348,2018,2018-05-08,3711,2018-04-21,2130,6223,CE,6,5,7,3711,0,0,0,,0,0C3,"5TH AV","MARKET ST",35.00,N,N,A,-,N,,,,,,,,,,N,4,0,1,2,A,-,03,22350,,F,C,G,A,A,H,-,C,D,0,,Y,,,Y,,-,,0,0,1,0,0,0,1,0,0,"- ","- ",,,"SAN DIEGO","SAN DIEGO",-117.16014862060547,32.711597442626953
8610396,2018,2018-05-09,3711,2018-04-15,2101,7516,SDPD,7,5,7,3711,0,0,0,,0,523,"4TH AV","4TH AV  900",0.00,,N,A,-,N,,,,,,,,,,N,3,0,1,1,D,-,00,,,N,F,A,A,A,H,-,C,D,0,,Y,,,Y,,-,"- ",0,1,0,0,0,0,1,0,0,"- ","- ",,,"SAN DIEGO","SAN DIEGO",-117.16106057,32.714936469999998
8610400,2018,2018-05-09,3711,2018-04-19,0828,7699,CENTR,4,5,7,3711,0,0,0,,0,521,"E ST","PARK BL",0.00,E,N,A,-,N,,,,,,,,,,N,3,0,1,1,A,-,17,21204,B,N,H,I,A,A,H,-,A,D,0,,Y,,,Y,,-,"- ",0,1,0,0,0,0,1,0,0,"- ","- ",,,"SAN DIEGO","SAN DIEGO",-117.15376281738281,32.714698791503906
8611030,2018,2018-05-15,3711,2018-04-20,1618,7601,"SAN D",5,5,7,3711,0,0,0,,0,627,"ROBINSON AV","VERMONT ST",0.00,,Y,A,-,N,,,,,,,,,,N,3,0,1,2,A,-,09,21801,A,N,D,G,A,A,H,-,A,D,0,,Y,,,Y,,A,01,0,1,0,0,0,0,1,0,0,"- ","- ",,,"SAN DIEGO","SAN DIEGO",-117.15342712402344,32.746410369873047
8611123,2018,2018-05-11,3711,2018-04-26,0900,7464,SANDI,4,5,7,3711,0,0,0,,0,831,"HIGHLAND AV",UNIVERSITY,28.00,N,N,A,-,N,,,,,,,,,,N,3,0,1,2,A,-,09,21804,A,N,D,G,A,A,H,-,A,A,0,,Y,,,Y,,L,04,0,1,0,0,0,0,1,0,0,"- ","- ",,,"SAN DIEGO","SAN DIEGO",-117.09873199462891,32.749687194824219