CASE_ID,ACCIDENT_YEAR,PROC_DATE,JURIS,COLLISION_DATE,COLLISION_TIME,OFFICER_ID,REPORTING_DISTRICT,DAY_OF_WEEK,CHP_SHIFT,POPULATION,CNTY_CITY_LOC,SPECIAL_COND,BEAT_TYPE,CHP_BEAT_TYPE,CITY_DIVISION_LAPD,CHP_BEAT_CLASS,BEAT_NUMBER,PRIMARY_RD,SECONDARY_RD,DISTANCE,DIRECTION,INTERSECTION,WEATHER_1,WEATHER_2,STATE_HWY_IND,CALTRANS_COUNTY,CALTRANS_DISTRICT,STATE_ROUTE,ROUTE_SUFFIX,POSTMILE_PREFIX,POSTMILE,LOCATION_TYPE,RAMP_INTERSECTION,SIDE_OF_HWY,TOW_AWAY,COLLISION_SEVERITY,NUMBER_KILLED,NUMBER_INJURED,PARTY_COUNT,PRIMARY_COLL_FACTOR,PCF_CODE_OF_VIOL,PCF_VIOL_CATEGORY,PCF_VIOLATION,PCF_VIOL_SUBSECTION,HIT_AND_RUN,TYPE_OF_COLLISION,MVIW,PED_ACTION,ROAD_SURFACE,ROAD_COND_1,ROAD_COND_2,LIGHTING,CONTROL_DEVICE,CHP_ROAD_TYPE,PEDESTRIAN_ACCIDENT,BICYCLE_ACCIDENT,MOTORCYCLE_ACCIDENT,TRUCK_ACCIDENT,NOT_PRIVATE_PROPERTY,ALCOHOL_INVOLVED,STWD_VEHTYPE_AT_FAULT,CHP_VEHTYPE_AT_FAULT,COUNT_SEVERE_INJ,COUNT_VISIBLE_INJ,COUNT_COMPLAINT_PAIN,COUNT_PED_KILLED,COUNT_PED_INJURED,COUNT_BICYCLIST_KILLED,COUNT_BICYCLIST_INJURED,COUNT_MC_KILLED,COUNT_MC_INJURED,PRIMARY_RAMP,SECONDARY_RAMP,LATITUDE,LONGITUDE,COUNTY,CITY,POINT_X,POINT_Y
8613740,2018,2018-04-26,3711,2018-04-03,1814,7470,,2,5,7,3711,0,0,0,,0,122,"SOLEDAD MOUNTAIN RD","GARNET AV",0.00,,Y,A,F,N,,,,,,,,,,N,3,0,1,2,A,-,05,21651,B,N,H,G,A,A,H,-,A,A,0,,Y,,,Y,,L,04,0,1,0,0,0,0,1,0,0,"- ","- ",,,"SAN DIEGO","SAN DIEGO",-117.22392272949219,32.804950714111328
8613837,2018,2018-04-24,3711,2018-04-05,0836,7562,SD,4,5,7,3711,0,0,0,,0,111,"LINDA VISTA FRONTAGE RD","MARKHAM ST",550.00,N,N,A,-,N,,,,,,,,,,N,4,0,1,1,B,-,22,,,N,H,A,A,A,H,-,A,D,0,,Y,,,Y,,L,04,0,0,1,0,0,0,1,0,0,"- ","- ",,,"SAN DIEGO","SAN DIEGO",-117.15653228759766,32.803699493408203
8614247,2018,2018-05-01,3711,2018-04-13,0815,7704,,5,5,7,3711,0,0,0,,0,514,"30TH ST","J ST",5.00,S,N,A,-,N,,,,,,,,,,N,4,0,1,2,A,-,06,21760,C,N,H,G,A,A,A,-,A,A,0,,Y,,,Y,,-,,0,0,1,0,0,0,1,0,0,"- ","- ",,,"SAN DIEGO","SAN DIEGO",-117.13021850585938,32.709526062011719
8614260,2018,2018-08-21,3711,2018-04-16,1245,6392,SD,1,5,7,3711,0,0,0,,0,934,"CARMEL VALLEY","RT 52",0.00,,Y,A,-,Y,SD,11,56,-,-,3.366,R,4,W,N,3,0,1,2,A,-,10,21950,A,N,B,G,A,A,H,-,A,A,0,,Y,,,Y,,-,,0,1,0,0,0,0,1,0,0,"- ",WO,,,"SAN DIEGO","SAN DIEGO",-117.19039154052734,32.953697204589844
8614303,2018,2018-04-27,3711,2018-04-11,1931,5918,,3,5,7,3711,0,0,0,,0,442,"KEELER AV","43RD ST",12.00,W,N,A,-,N,,,,,,,,,,N,4,0,1,2,A,-,08,22107,,N,B,G,A,A,H,-,C,A,0,,Y,,,Y,,L,04,0,0,1,0,0,0,1,0,0,"- ","- ",,,"SAN DIEGO","SAN DIEGO",-117.10243988037109,32.694179534912109
8614576,2018,2018-04-30,3711,2018-01-21,0904,4653,,7,5,7,3711,0,0,0,,0,313,"BALBOA AV","CONVOY ST",0.00,,Y,A,-,N,,,,,,,,,,N,2,0,1,2,A,-,17,21451,A,N,D,G,A,A,H,-,A,A,0,,Y,,,Y,,A,01,1,0,0,0,0,0,1,0,0,"- ","- ",,,"SAN DIEGO","SAN DIEGO",-117.15509033203125,32.821750640869141
8615524,2018,2018-08-21,3711,2018-04-25,2010,7510,,3,5,7,3711,0,0,0,,0,936,"CAMINO DEL SUR","RT 56",0.00,,Y,A,-,Y,SD,11,56,-,-,6.337,R,4,E,N,3,0,1,2,D,-,00,,,N,D,G,A,A,H,-,C,A,0,,Y,,,Y,,-,"- ",0,1,0,0,0,0,1,0,0,"- ",EO,,,"SAN DIEGO","SAN DIEGO",-117.15007781982422,32.956466674804688
8615528,2018,2018-05-07,3711,2018-04-20,0827,6641,,5,5,7,3711,0,0,0,,0,933,"LONG RUN DR","CANDELA PL",0.00,,Y,A,-,N,,,,,,,,,,N,3,0,1,2,A,-,05,21650,1,N,D,G,A,A,H,-,A,D,0,,Y,,,Y,,L,04,0,1,0,0,0,0,1,0,0,"- ","- ",,,"SAN DIEGO","SAN DIEGO",-117.23825073242188,32.954170227050781
8615536,2018,2018-05-07,3711,2018-04-25,2020,7642,,3,5,7,3711,0,0,0,,0,122,"GRAND AV","DAWES ST",12.00,E,N,A,-,N,,,,,,,,,,N,4,0,1,2,A,-,08,22107,,N,-,G,A,A,H,-,C,-,0,,Y,,,Y,Y,L,04,0,0,1,0,0,0,1,0,0,"- ","- ",,,"SAN DIEGO","SAN DIEGO",-117.24941253662109,32.795936584472656
8615556,2018,2018-05-07,3711,2018-04-24,2321,4310,,2,5,7,3711,0,0,0,,0,523,"4TH AV","F ST",100.00,N,N,A,-,N,,,,,,,,,,N,4,0,1,2,A,-,17,21657,,N,D,G,A,A,H,-,C,D,0,,Y,,,Y,,L,04,0,0,1,0,0,0,1,0,0,"- ","- ",,,"SAN DIEGO","SAN DIEGO",-117.16106414794922,32.713882446289062
8616061,2018,2018-05-29,3711,2018-05-02,1110,7716,SD,3,5,7,3711,0,0,0,,0,111,"BALBOA ARMS DR","LIGHTPOST #85120",22.00,W,N,B,-,N,,,,,,,,,,N,4,0,1,2,A,-,08,22107,,M,D,G,A,A,H,-,A,D,0,,Y,,,Y,,-,,0,0,1,0,0,0,1,0,0,"- ","- ",,,"SAN DIEGO","SAN DIEGO",,
8616146,2018,2018-05-16,3711,2018-04-27,0730,7434,,5,5,7,3711,0,0,0,,0,521,"PERSHING DR",FLORIDA,0.00,,Y,B,-,N,,,,,,,,,,N,4,0,1,2,A,-,08,22107,,N,B,G,A,A,H,-,A,A,0,,Y,,,Y,,A,01,0,0,1,0,0,0,1,0,0,"- ","- ",,,"SAN DIEGO","SAN DIEGO",-117.14261627197266,32.722721099853516
8616438,2018,2018-05-23,3711,2018-05-06,1555,7468,,7,5,7,3711,0,0,0,,0,121,"MISSION BL","QUEENSTOWN CT",10.00,N,N,A,-,N,,,,,,,,,,N,3,0,1,2,A,-,21,22106,,N,C,G,A,A,H,-,A,D,0,,Y,,,Y,,-,,0,1,0,0,0,0,1,0,0,"- ","- ",,,"SAN DIEGO","SAN DIEGO",-117.25269317626953,32.783737182617188
8618409,2018,2018-05-29,3711,2018-05-13,1519,7702,,7,5,7,3711,0,0,0,,0,614,"WEST POINT LOMA BL","NIMITZ BL",38.00,W,N,A,-,N,,,,,,,,,,N,3,0,1,2,A,-,04,21703,,N,C,G,A,A,H,-,A,A,0,,Y,,,Y,,L,04,0,1,0,0,0,0,1,0,0,"- ","- ",,,"SAN DIEGO","SAN DIEGO",-117.23623657226562,32.751209259033203
8618410,2018,2018-05-30,3711,2018-05-11,1620,6786,,5,5,7,3711,0,0,0,,0,514,"IMPERIAL AV","IMPERIAL AV 1900",0.00,,N,B,-,N,,,,,,,,,,N,3,0,1,2,A,-,"- ",,,N,B,G,A,A,H,-,A,A,0,,Y,,,Y,Y,L,04,0,1,0,0,0,0,1,0,0,"- ","- ",,,"SAN DIEGO","SAN DIEGO",-117.14658022,32.706259789999997
8619190,2018,2018-06-08,3711,2018-05-07,0621,7042,,1,5,7,3711,0,0,0,,0,622,"PACIFIC HWY","PACIFIC HWY 4800",38.00,E,N,A,-,N,,,,,,,,,,Y,4,0,1,2,A,-,08,22107,,N,B,G,A,A,H,-,A,D,0,,Y,,,Y,,L,04,0,0,1,0,0,0,1,0,0,"- ","- ",,,"SAN DIEGO","SAN DIEGO",,
8619313,2018,2018-05-22,3711,2018-05-06,1510,7625,,7,5,7,3711,0,0,0,,0,614,"CABLE ST","DEL MONTE AV",93.00,N,N,A,-,N,,,,,,,,,,N,3,0,1,2,A,-,09,21804,A,N,D,G,A,A,H,-,A,D,0,,Y,,,Y,,L,04,0,1,0,0,0,0,1,0,0,"- ","- ",,,"SAN DIEGO","SAN DIEGO",-117.25132751464844,32.743480682373047
8621304,2018,2018-05-24,3711,2018-05-09,0711,6366,,3,5,7,3711,0,0,0,,0,624,"EL CAJON BL","FLORIDA AV",22.00,W,N,B,-,N,,,,,,,,,,N,3,0,1,1,A,-,03,22350,,N,F,I,A,A,G,-,A,D,0,,Y,,,Y,,L,04,0,1,0,0,0,0,1,0,0,"- ","- ",,,"SAN DIEGO","SAN DIEGO",-117.14384460449219,32.755348205566406
8621316,2018,2018-05-24,3711,2018-05-09,1907,6994,,3,5,7,3711,0,0,0,,0,447,"FEDERAL BL","49TH ST",0.00,,-,A,-,N,,,,,,,,,,N,4,0,1,2,A,-,05,21650,1,N,G,G,A,A,H,-,A,A,0,,Y,,,Y,,L,04,0,0,1,0,0,0,1,0,0,"- ","- ",,,"SAN DIEGO","SAN DIEGO",-117.08978271484375,32.721431732177734
8621355,2018,2018-05-25,3711,2018-05-09,2059,7736,,3,5,7,3711,0,0,0,,0,811,"ADAMS AV","30TH ST",0.00,,Y,A,-,N,,,,,,,,,,N,3,0,1,2,A,-,17,22517,,M,H,G,A,A,H,-,C,-,0,,Y,,,Y,,-,99,0,1,0,0,0,0,1,0,0,"- ","- ",,,"SAN DIEGO","SAN DIEGO",-117.13020324707031,32.76287841796875
8621360,2018,2018-05-24,3711,2018-05-12,1353,7574,"SAN D",6,5,7,3711,0,0,0,,0,611,"SPORTS ARENA BL",ROSECRANS,2.00,W,N,B,-,N,,,,,,,,,,N,3,0,1,2,A,-,17,21208,A,N,B,G,A,A,H,-,A,D,0,,Y,,,Y,,L,04,0,1,0,0,0,0,1,0,0,"- ","- ",,,"SAN DIEGO","SAN DIEGO",-117.20494842529297,32.751529693603516
8621469,2018,2018-05-29,3711,2018-05-03,1256,8192,,4,5,7,3711,0,0,0,,0,838,"ORANGE AV","38TH ST",0.00,,Y,A,-,N,,,,,,,,,,N,4,0,1,2,A,-,09,21804,A,N,A,G,A,A,H,-,A,A,0,,Y,,,Y,,L,04,0,0,1,0,0,0,1,0,0,"- ","- ",,,"SAN DIEGO","SAN DIEGO",-117.11184692382812,32.753238677978516
8621473,2018,2018-05-29,3711,2018-05-08,0623,8192,,2,5,7,3711,0,0,0,,0,824,"EL CAJON BL","MENLO AV",65.00,E,N,B,-,N,,,,,,,,,,N,3,0,1,2,A,-,08,22107,,N,D,G,A,A,H,-,A,D,0,,Y,,,Y,,A,08,0,1,0,0,0,0,1,0,0,"- ","- ",,,"SAN DIEGO","SAN DIEGO",-117.09413146972656,32.755779266357422
8624234,2018,2018-05-30,3711,2018-05-02,1226,6366,,3,5,7,3711,0,0,0,,0,512,"IMPERIAL AV","S 25TH ST",260.00,E,N,B,-,N,,,,,,,,,,N,3,0,1,2,A,-,09,21804,A,N,D,G,A,A,H,-,A,D,0,,Y,,,Y,Y,J,48,0,1,0,0,0,0,1,0,0,"- ","- ",,,"SAN DIEGO","SAN DIEGO",-117.13935089111328,32.706352233886719
8625523,2018,2018-05-30,3711,2018-05-15,1718,5679,,2,5,7,3711,0,0,0,,0,234,"WEST BERNARDO DR","BERNARDO CENTER DR",325.00,W,N,A,-,N,,,,,,,,,,N,3,0,1,2,A,-,09,21801,A,N,D,G,A,A,H,-,A,D,0,,Y,,,Y,,A,01,0,1,0,0,0,0,1,0,0,"- ","- ",,,"SAN DIEGO","SAN DIEGO",-117.08969116210938,33.008686065673828
8625527,2018,2018-05-31,3711,2018-05-12,1847,7601,SANDI,6,5,7,3711,0,0,0,,0,627,"10TH AV","UNIVERSITY AV",22.00,S,N,B,-,N,,,,,,,,,,N,3,0,1,2,A,-,08,22107,,N,B,G,A,A,H,-,A,A,0,,Y,,,Y,,L,04,0,1,0,0,0,0,1,0,0,"- ","- ",,,"SAN DIEGO","SAN DIEGO",-117.15528106689453,32.748359680175781
8625531,2018,2018-05-30,3711,2018-05-16,0848,6392,SD,3,5,7,3711,0,0,0,,0,936,"HIGHLAND VILLAGE PL","CAMINO DEL SUR",15.00,W,N,A,-,N,,,,,,,,,,N,3,0,1,2,A,-,10,21950,A,N,D,G,A,A,H,-,A,A,0,,Y,,,Y,,-,,0,1,0,0,0,0,1,0,0,"- ","- ",,,"SAN DIEGO","SAN DIEGO",-117.15278625488281,32.961799621582031
8625575,2018,2018-05-31,3711,2018-05-16,1845,7231,,3,5,7,3711,0,0,0,,0,622,"VIA LAS CUMBRES","FRIARS RD",120.00,N,N,-,-,N,,,,,,,,,,N,3,0,1,1,A,-,08,22107,,N,H,A,A,A,H,-,A,-,0,,Y,,,Y,,L,04,0,1,0,0,0,0,1,0,0,"- ","- ",,,"SAN DIEGO","SAN DIEGO",-117.18356323242188,32.766605377197266
8625595,2018,2018-05-31,3711,2018-05-16,0803,6564,,3,5,7,3711,0,0,0,,0,445,"MARKET ST","COTTON ST",405.00,W,N,B,-,N,,,,,,,,,,N,3,0,1,2,A,-,03,22350,,N,A,G,A,A,H,-,A,D,0,,Y,,,Y,,L,04,0,1,0,0,0,0,1,0,0,"- ","- ",,,"SAN DIEGO","SAN DIEGO",-117.09628295898438,32.711441040039062
8626081,2018,2018-06-06,3711,2018-05-15,1644,7734,,2,5,7,3711,0,0,0,,0,024,"CAMINO RUIZ","MIRA MESA BL",0.00,,Y,A,-,N,,,,,,,,,,N,3,0,1,2,A,-,10,21950,A,N,G,G,A,A,H,-,A,A,0,,Y,,,Y,,A,01,0,1,0,0,0,0,1,0,0,"- ","- ",,,"SAN DIEGO","SAN DIEGO",-117.14399719238281,32.912818908691406
8626114,2018,2018-06-04,3711,2018-05-19,1129,5790,,6,5,7,3711,0,0,0,,0,231,"SPRINGHURST DR","SABRE SPRINGS PKWY",0.00,,Y,B,-,N,,,,,,,,,,N,3,0,1,2,A,-,09,21802,A,N,D,G,A,A,H,-,A,D,0,,Y,,,Y,,-,,0,1,0,0,0,0,1,0,0,"- ","- ",,,"SAN DIEGO","SAN DIEGO",-117.07717132568359,32.945949554443359
8626117,2018,2018-06-06,3711,2018-05-14,0947,7458,,1,5,7,3711,0,0,0,,0,122,"JEWELL ST","GARNET AV",150.00,S,N,A,-,N,,,,,,,,,,Y,3,0,1,2,A,-,09,21804,A,N,D,G,A,A,H,-,A,D,0,,Y,,,Y,Y,L,04,0,1,0,0,0,0,1,0,0,"- ","- ",,,"SAN DIEGO","SAN DIEGO",-117.23886108398438,32.799800872802734
8626122,2018,2018-06-04,3711,2018-05-16,0730,5611,,3,5,7,3711,0,0,0,,0,243,"MIRAMAR RD","PRODUCTION AV",47.00,E,N,B,-,N,,,,,,,,,,N,3,0,1,1,A,-,03,22350,,N,E,G,A,A,C,-,A,D,0,,Y,,,Y,,L,04,0,1,0,0,0,0,1,0,0,"- ","- ",,,"SAN DIEGO","SAN DIEGO",-117.16471862792969,32.878757476806641
8626126,2018,2018-06-04,3711,2018-05-20,2245,7715,,7,5,7,3711,0,0,0,,0,512,"COMMERCIAL ST","20TH ST",21.00,E,N,B,-,N,,,,,,,,,,N,3,0,1,1,A,-,03,22350,,N,F,-,A,A,H,-,C,D,0,,Y,,,Y,,L,04,0,1,0,0,0,0,1,0,0,"- ","- ",,,"SAN DIEGO","SAN DIEGO",-117.14574432373047,32.705257415771484
8627009,2018,2018-06-06,3711,2018-05-17,0801,7280,,4,5,7,3711,0,0,0,,0,627,"5TH AV","PENNSYLVANIA AV",0.00,,Y,A,-,N,,,,,,,,,,N,3,0,1,2,A,-,00,20002,,M,H,G,A,A,H,-,A,A,0,,Y,,,Y,,-,99,0,1,0,0,0,0,1,0,0,"- ","- ",32.745201110839844,-117.160400390625,"SAN DIEGO","SAN DIEGO",-117.160400390625,32.745128631591797
8627905,2018,2018-06-12,3711,2018-05-17,1650,6104,,4,5,7,3711,0,0,0,,0,615,"SCOTT ST","EMERSON ST",0.00,,Y,A,-,N,,,,,,,,,,N,4,0,1,2,A,-,08,22100,A,N,D,G,A,A,H,-,A,D,0,,Y,,,Y,Y,D,22,0,0,1,0,0,0,1,0,0,"- ","- ",,,"SAN DIEGO","SAN DIEGO",-117.2283935546875,32.723751068115234
8628647,2018,2018-06-12,3711,2018-05-27,1630,6834,,7,5,7,3711,0,0,0,,0,931,"SORRENTO VALLEY BL","SEA MIST WY",358.00,W,N,A,-,N,,,,,,,,,,N,3,0,1,1,A,-,03,22350,,N,H,J,A,A,H,-,A,D,0,,Y,,,Y,,L,04,0,1,0,0,0,0,1,0,0,"- ","- ",,,"SAN DIEGO","SAN DIEGO",-117.20366668701172,32.908321380615234
8628663,2018,2018-06-18,3711,2018-05-26,1240,7776,,6,5,7,3711,0,0,0,,0,628,"INDIA ST","WEST UPAS",129.00,S,N,A,-,N,,,,,,,,,,N,3,0,1,2,A,-,08,22107,,N,-,-,A,A,H,-,A,-,0,,Y,,,Y,,L,04,0,1,0,0,0,0,1,0,0,"- ","- ",,,"SAN DIEGO","SAN DIEGO",-117.17715454101562,32.738662719726562
8628667,2018,2018-06-12,3711,2018-05-19,0705,7231,3711,6,5,7,3711,0,0,0,,0,625,"JUAN ST",TWIGGS,258.00,N,N,B,-,N,,,,,,,,,,N,3,0,1,2,A,-,09,21801,A,N,B,G,A,A,H,-,B,D,0,,Y,,,Y,,-,,0,1,0,0,0,0,1,0,0,"- ","- ",,,"SAN DIEGO","SAN DIEGO",-117.19552612304688,32.754878997802734
8628712,2018,2018-06-13,3711,2018-05-15,1326,5937,,2,5,7,3711,0,0,0,,0,521,"IMPERIAL AV","16TH ST",6.00,N,N,A,-,N,,,,,,,,,,N,3,0,1,2,A,-,11,21950,B,M,-,G,E,A,H,-,A,A,0,Y,Y,,,Y,,N,60,0,1,0,0,0,0,1,0,0,"- ","- ",,,"SAN DIEGO","SAN DIEGO",-117.14945220947266,32.706279754638672
8629651,2018,2018-06-27,3711,2018-05-17,0807,7592,SD,4,5,7,3711,0,0,0,,0,115,"GENESEE AV","CALGARY DR",765.00,N,-,A,-,N,,,,,,,,,,N,3,0,1,2,A,-,08,22107,,N,B,G,A,A,H,-,A,D,0,,Y,,,Y,,-,,0,1,0,0,0,0,1,0,0,"- ","- ",,,"SAN DIEGO","SAN DIEGO",-117.20724487304688,32.859638214111328
8629822,2018,2018-06-07,3711,2018-05-16,0001,7701,SD,3,5,7,3711,0,0,0,,0,313,"RUFFIN RD","AERO DR",720.00,N,N,A,-,N,,,,,,,,,,N,3,0,1,1,A,-,03,22350,,N,F,G,A,A,H,-,C,D,0,,Y,,,Y,,L,04,0,1,0,0,0,0,1,0,0,"- ","- ",,,"SAN DIEGO","SAN DIEGO",-117.12973785400391,32.809879302978516
8632776,2018,2018-06-18,3711,2018-05-25,1850,8495,,5,5,7,3711,0,0,0,,0,514,"K ST","K ST 2500",0.00,,Y,A,-,N,,,,,,,,,,N,4,0,1,2,-,-,"- ",,,N,D,G,A,A,H,-,A,D,0,,Y,,,Y,,-,"- ",0,0,1,0,0,0,1,0,0,"- ","- ",,,"SAN DIEGO","SAN DIEGO",-117.14013577,32.708429440000003
8633244,2018,2018-06-18,3711,2018-05-25,1504,6193,,5,5,7,3711,0,0,0,,0,122,"GARNET AV","PICO ST",397.00,E,N,B,-,N,,,,,,,,,,N,3,0,1,2,A,-,08,22107,,N,B,G,A,A,H,-,A,D,0,,Y,,,Y,,D,22,0,1,0,0,0,0,1,0,0,"- ","- ",,,"SAN DIEGO","SAN DIEGO",-117.22222137451172,32.805438995361328
8633661,2018,2018-06-18,3711,2018-05-15,2155,8332,,2,5,7,3711,0,0,0,,0,525,BROADWAY,"3RD AV",28.00,E,N,A,-,N,,,,,,,,,,N,4,0,1,2,A,-,08,22107,,M,G,G,A,A,H,-,C,A,0,,Y,,,Y,Y,-,99,0,0,1,0,0,0,1,0,0,"- ","- ",,,"SAN DIEGO","SAN DIEGO",-117.16191101074219,32.715679168701172
8633704,2018,2018-06-14,3711,2018-04-25,1505,7143,,3,5,7,3711,0,0,0,,0,521,"ISLAND AV","500 17TH ST",216.00,E,N,A,-,N,,,,,,,,,,N,4,0,1,2,A,-,08,22107,,N,B,G,A,A,H,-,A,D,0,,Y,,,Y,Y,L,04,0,0,1,0,0,0,1,0,0,"- ","- ",,,"SAN DIEGO","SAN DIEGO",,
8633749,2018,2018-06-21,3711,2018-06-01,1105,HB4132,,5,5,7,3711,0,0,0,,0,504,"WEST HARBOR DR","MARKET ST",210.00,S,N,A,-,N,,,,,,,,,,N,3,0,1,1,C,-,18,,,N,F,J,A,A,H,-,A,D,0,,Y,,,Y,,-,"- ",0,1,0,0,0,0,1,0,0,"- ","- ",,,"SAN DIEGO","SAN DIEGO",-117.16763305664062,32.710823059082031
8634962,2018,2018-06-18,3711,2018-05-27,1000,6781,,7,5,7,3711,0,0,0,,0,813,"HOWARD AV","OREGON ST",60.00,E,N,A,-,N,,,,,,,,,,N,4,0,1,2,A,-,08,22107,,N,B,G,A,A,H,-,A,D,0,,Y,,,Y,,-,,0,0,1,0,0,0,1,0,0,"- ","- ",,,"SAN DIEGO","SAN DIEGO",-117.13493347167969,32.754039764404297
8636517,2018,2018-06-20,3711,2018-06-04,0716,6774,,1,5,7,3711,0,0,0,,0,111,"BEAGLE ST","ATLAS ST",98.00,W,N,A,-,N,,,,,,,,,,Y,2,0,1,3,A,-,05,21460,A,N,A,C,A,A,H,-,A,D,0,,Y,,,Y,,L,04,1,0,0,0,0,0,1,0,0,"- ","- ",,,"SAN DIEGO","SAN DIEGO",-117.15851593017578,32.807723999023438
8636525,2018,2018-06-20,3711,2018-06-04,1418,64E1,,1,5,7,3711,0,0,0,,0,,"FEDERAL BL","FEDERAL BL 5916",0.00,,N,A,-,N,,,,,,,,,,N,3,0,1,3,A,-,05,21202,A,N,G,G,A,A,H,-,A,D,0,,Y,,,Y,,L,04,0,1,0,0,0,0,1,0,0,"- ","- ",,,"SAN DIEGO","SAN DIEGO",-117.06946313,32.727126599999998
8638478,2018,2018-06-21,3711,2018-06-02,1918,7345,N2,6,5,7,3711,0,0,0,,0,122,"GARNET AV","FANUEL ST",48.00,W,N,A,-,N,,,,,,,,,,N,3,0,1,1,D,-,00,,,N,F,-,A,A,H,-,A,D,0,,Y,,,Y,Y,-,"- ",0,1,0,0,0,0,1,0,0,"- ","- ",,,"SAN DIEGO","SAN DIEGO",-117.24649810791016,32.798496246337891
8640809,2018,2018-07-11,3711,2018-06-13,2106,7720,"SAN D",3,5,7,3711,0,0,0,,0,611,"LANNING RD","TATTAL LN",0.00,,Y,A,-,N,,,,,,,,,,N,3,0,1,2,A,-,09,21801,,N,D,G,A,A,H,-,C,D,0,,Y,,,Y,,L,04,0,1,0,0,0,0,1,0,0,"- ","- ",,,"SAN DIEGO","SAN DIEGO",-117.21884155273438,32.728199005126953
8640829,2018,2018-06-28,3711,2018-06-13,1618,RUSTWOLD,,3,5,7,3711,0,0,0,,0,,"W G ST","UNION S T",0.00,,-,A,-,N,,,,,,,,,,N,3,0,1,2,A,-,08,22107,A,N,D,G,A,A,H,-,A,D,0,,Y,,,Y,,-,"- ",0,1,0,0,0,0,1,0,0,"- ","- ",,,"SAN DIEGO","SAN DIEGO",,
8640976,2018,2018-06-29,3711,2018-06-10,1647,6812,,7,5,7,3711,0,0,0,,0,121,"PACIFIC BEACH DR","MISSION BL",0.00,,Y,A,-,N,,,,,,,,,,N,3,0,1,1,A,-,03,22350,,N,H,A,A,A,A,-,A,A,0,,Y,,,Y,Y,L,04,0,1,0,0,0,0,1,0,0,"- ","- ",,,"SAN DIEGO","SAN DIEGO",-117.25376892089844,32.790939331054688
8640991,2018,2018-07-05,3711,2018-06-08,0923,7633,,5,5,7,3711,0,0,0,,0,115,"GENESEE AV","CALGARY DR",0.00,,Y,A,-,N,,,,,,,,,,N,3,0,1,2,A,-,08,22100,A,N,-,G,A,A,H,-,A,D,0,,Y,,,Y,,-,,0,1,0,0,0,0,1,0,0,"- ","- ",,,"SAN DIEGO","SAN DIEGO",-117.20561218261719,32.858100891113281
8641008,2018,2018-06-29,3711,2018-06-13,1806,5515,,3,5,7,3711,0,0,0,,0,627,"CENTER ST","UNIVERSITY AV",21.00,S,N,A,-,N,,,,,,,,,,N,3,0,1,2,A,-,09,21802,A,N,D,G,A,A,H,-,A,D,0,,Y,,,Y,,L,04,0,1,0,0,0,0,1,0,0,"- ","- ",,,"SAN DIEGO","SAN DIEGO",-117.14837646484375,32.748409271240234
8641016,2018,2018-06-29,3711,2018-06-13,2310,8816,,3,5,7,3711,0,0,0,,0,122,"CASS ST","LORING ST",0.00,,Y,A,-,N,,,,,,,,,,N,4,0,1,2,A,-,12,22450,A,N,G,G,A,A,H,-,C,A,0,,Y,,,Y,,A,01,0,0,1,0,0,0,1,0,0,"- ","- ",,,"SAN DIEGO","SAN DIEGO",-117.25440216064453,32.805801391601562
8641624,2018,2018-06-22,3711,2018-06-06,1659,7772,,3,5,7,3711,0,0,0,,0,431,"GENEVA AV","ELWOOD AV",9.00,W,N,A,-,N,,,,,,,,,,N,4,0,1,2,A,-,09,21803,A,N,H,G,A,A,H,-,A,A,0,,Y,,,Y,,A,01,0,0,1,0,0,0,1,0,0,"- ","- ",,,"SAN DIEGO","SAN DIEGO",-117.08280181884766,32.716789245605469
8641640,2018,2018-06-22,3711,2018-06-09,0940,4824,,6,5,7,3711,0,0,0,,0,242,"WESTVIEW PKWY","MIRA MESA BL",354.00,S,N,A,-,N,,,,,,,,,,N,3,0,1,2,A,-,05,21650,1,N,D,G,A,A,H,-,A,D,0,,Y,,,Y,,L,04,0,1,0,0,0,0,1,0,0,"- ","- ",,,"SAN DIEGO","SAN DIEGO",-117.12049102783203,32.916351318359375
8641652,2018,2018-06-22,3711,2018-06-02,2119,6366,,6,5,7,3711,0,0,0,,0,512,"29TH ST","L ST",0.00,,Y,A,-,N,,,,,,,,,,N,4,0,1,2,A,-,09,21802,A,N,D,G,A,A,H,-,C,D,0,,Y,,,Y,,A,01,0,0,1,0,0,0,1,0,0,"- ","- ",,,"SAN DIEGO","SAN DIEGO",-117.13208770751953,32.707439422607422
8641656,2018,2018-06-22,3711,2018-06-06,0830,6502,,3,5,7,3711,0,0,0,,0,516,"FRANKLIN AV","E EVANS ST",0.00,,Y,A,-,N,,,,,,,,,,N,3,0,1,2,A,-,12,22450,A,N,D,G,A,A,H,-,A,A,0,,Y,,,Y,,L,04,0,1,0,0,0,0,1,0,0,"- ","- ",,,"SAN DIEGO","SAN DIEGO",-117.13623046875,32.704059600830078