CASE_ID,ACCIDENT_YEAR,PROC_DATE,JURIS,COLLISION_DATE,COLLISION_TIME,OFFICER_ID,REPORTING_DISTRICT,DAY_OF_WEEK,CHP_SHIFT,POPULATION,CNTY_CITY_LOC,SPECIAL_COND,BEAT_TYPE,CHP_BEAT_TYPE,CITY_DIVISION_LAPD,CHP_BEAT_CLASS,BEAT_NUMBER,PRIMARY_RD,SECONDARY_RD,DISTANCE,DIRECTION,INTERSECTION,WEATHER_1,WEATHER_2,STATE_HWY_IND,CALTRANS_COUNTY,CALTRANS_DISTRICT,STATE_ROUTE,ROUTE_SUFFIX,POSTMILE_PREFIX,POSTMILE,LOCATION_TYPE,RAMP_INTERSECTION,SIDE_OF_HWY,TOW_AWAY,COLLISION_SEVERITY,NUMBER_KILLED,NUMBER_INJURED,PARTY_COUNT,PRIMARY_COLL_FACTOR,PCF_CODE_OF_VIOL,PCF_VIOL_CATEGORY,PCF_VIOLATION,PCF_VIOL_SUBSECTION,HIT_AND_RUN,TYPE_OF_COLLISION,MVIW,PED_ACTION,ROAD_SURFACE,ROAD_COND_1,ROAD_COND_2,LIGHTING,CONTROL_DEVICE,CHP_ROAD_TYPE,PEDESTRIAN_ACCIDENT,BICYCLE_ACCIDENT,MOTORCYCLE_ACCIDENT,TRUCK_ACCIDENT,NOT_PRIVATE_PROPERTY,ALCOHOL_INVOLVED,STWD_VEHTYPE_AT_FAULT,CHP_VEHTYPE_AT_FAULT,COUNT_SEVERE_INJ,COUNT_VISIBLE_INJ,COUNT_COMPLAINT_PAIN,COUNT_PED_KILLED,COUNT_PED_INJURED,COUNT_BICYCLIST_KILLED,COUNT_BICYCLIST_INJURED,COUNT_MC_KILLED,COUNT_MC_INJURED,PRIMARY_RAMP,SECONDARY_RAMP,LATITUDE,LONGITUDE,COUNTY,CITY,POINT_X,POINT_Y
8641722,2018,2018-06-21,3711,2018-06-08,1825,5972,,5,5,7,3711,0,0,0,,0,314,"MISSION CENTER RD","SEVAN CT",535.00,N,N,A,-,N,,,,,,,,,,N,3,0,1,1,C,-,18,,,N,F,A,A,A,H,-,A,D,0,,Y,,,Y,,-,"- ",0,1,0,0,0,0,1,0,0,"- ","- ",,,"SAN DIEGO","SAN DIEGO",-117.15299987792969,32.783607482910156
8641730,2018,2018-06-21,3711,2018-06-10,0103,7607,,7,5,7,3711,0,0,0,,0,838,"ORANGE AV","38TH ST",0.00,,-,A,-,N,,,,,,,,,,N,3,0,1,1,D,-,00,,,N,E,G,A,-,H,-,D,D,0,,Y,,,Y,,-,"- ",0,1,0,0,0,0,1,0,0,"- ","- ",,,"SAN DIEGO","SAN DIEGO",-117.11184692382812,32.753238677978516
8642561,2018,2018-07-02,3711,2018-06-13,1030,7156,,3,5,7,3711,0,0,0,,0,517,26TH,"B ST",18.00,S,N,A,-,N,,,,,,,,,,N,3,0,1,2,A,-,10,21950,A,N,D,G,A,A,H,-,A,D,0,,Y,,,Y,,A,01,0,1,0,0,0,0,1,0,0,"- ","- ",,,"SAN DIEGO","SAN DIEGO",-117.13822937011719,32.717872619628906
8643788,2018,2018-06-29,3711,2018-06-17,1609,7083,,7,5,7,3711,0,0,0,,0,315,"FRIARS RD","FRIARS RD  7500",6.00,S,N,A,-,N,,,,,,,,,,N,3,0,1,1,A,-,03,22350,,N,E,I,A,A,H,-,A,A,0,,Y,,,Y,Y,L,04,0,1,0,0,0,0,1,0,0,"- ","- ",,,"SAN DIEGO","SAN DIEGO",,
8643808,2018,2018-06-29,3711,2018-06-11,0300,7462,,1,5,7,3711,0,0,0,,0,524,"1ST AV","W A ST",10.00,N,N,A,-,N,,,,,,,,,,N,3,0,1,2,A,-,17,21657,,N,D,G,A,A,H,-,C,A,0,,Y,,,Y,,L,04,0,1,0,0,0,0,1,0,0,"- ","- ",,,"SAN DIEGO","SAN DIEGO",-117.16384124755859,32.718856811523438
8643830,2018,2018-06-27,3711,2018-06-14,1830,6366,,4,5,7,3711,0,0,0,,0,313,"CLAIREMONT MESA BL","KEARNY VILLA RD",2.00,W,N,A,-,N,,,,,,,,,,N,3,0,1,1,A,-,03,22350,,N,F,I,A,A,H,-,A,D,0,,Y,,,Y,,L,04,0,1,0,0,0,0,1,0,0,"- ","- ",,,"SAN DIEGO","SAN DIEGO",-117.138427734375,32.831531524658203
8646451,2018,2018-07-09,3711,2018-06-13,1400,7449,,3,5,7,3711,0,0,0,,0,124,"BISHOP LN",PEARL,200.00,S,N,A,-,N,,,,,,,,,,N,3,0,1,1,C,-,18,,,N,H,-,A,A,A,B,A,D,0,,Y,,,Y,,-,"- ",0,1,0,0,0,0,1,0,0,"- ","- ",,,"SAN DIEGO","SAN DIEGO",-117.27414703369141,32.839561462402344
8647205,2018,2018-07-12,3711,2018-06-15,1555,6512,,5,5,7,3711,0,0,0,,0,234,"MONTERO RD","GRANDEE PL",33.00,S,N,A,-,N,,,,,,,,,,N,3,0,1,2,A,-,03,22350,,N,D,J,A,A,H,-,A,D,0,,Y,,,Y,,L,04,0,1,0,0,0,0,1,0,0,"- ","- ",,,"SAN DIEGO","SAN DIEGO",-117.05823516845703,33.026054382324219
8647554,2018,2018-06-27,3711,2018-06-17,1540,7051,11,7,5,7,3711,0,0,0,,0,112,"MOUNT ALIFAN DR","MT  ALIFAN DR 5100",0.00,,Y,A,-,N,,,,,,,,,,N,4,0,1,2,A,-,08,22107,,M,A,G,A,A,H,-,A,D,0,,Y,,,Y,,L,04,0,0,1,0,0,0,0,0,0,"- ","- ",32.816230773925781,-117.18460845947266,"SAN DIEGO","SAN DIEGO",,
8648857,2018,2018-08-13,3711,2018-06-13,2000,6432,SANDI,3,5,7,3711,0,0,0,,0,811,"ADAMS AV","34TH ST",0.00,,Y,A,-,N,,,,,,,,,,N,3,0,1,2,A,-,08,22107,,N,B,E,A,A,H,-,C,D,0,,Y,,,Y,,-,,0,1,0,0,0,0,1,0,0,"- ","- ",,,"SAN DIEGO","SAN DIEGO",-117.12065887451172,32.763370513916016
8649264,2018,2018-07-30,3711,2018-07-04,1515,7718,,3,5,7,3711,0,0,0,,0,613,"VOLTAIRE ST","WORDEN ST",162.00,E,N,A,-,N,,,,,,,,,,N,3,0,1,2,A,-,09,21801,A,N,D,G,A,A,H,-,A,D,0,,Y,,,Y,,-,,0,1,0,0,0,0,1,0,0,"- ","- ",,,"SAN DIEGO","SAN DIEGO",-117.22988891601562,32.740676879882812
8649761,2018,2018-09-06,3711,2018-07-19,1550,6193,,4,5,7,3711,0,0,0,,0,527,"NORTH HARBOR DR","WEST LAUREL ST",230.00,W,N,A,-,N,,,,,,,,,,N,3,0,1,2,C,-,18,,,N,B,G,A,A,C,-,A,D,0,,Y,,,Y,,-,"- ",0,1,0,0,0,0,1,0,0,"- ","- ",,,"SAN DIEGO","SAN DIEGO",-117.17816162109375,32.727783203125
8650735,2018,2018-10-03,3711,2018-07-28,1906,7713,3711,6,5,7,3711,0,0,0,,0,122,GARNET,EVERTS,80.00,E,N,A,-,N,,,,,,,,,,N,3,0,2,2,A,-,10,21950,A,N,D,G,A,A,H,-,A,A,0,,Y,,,Y,,-,,0,1,1,0,0,0,1,0,0,"- ","- ",,,"SAN DIEGO","SAN DIEGO",-117.24791717529297,32.798191070556641
8650824,2018,2018-10-10,3711,2018-07-31,2034,5515,,2,5,7,3711,0,0,0,,0,628,"WEST WASHINGTON ST","W WASHINGTON ST 1200",0.00,,Y,A,-,N,,,,,,,,,,N,3,0,1,1,A,-,05,21650,1,N,H,J,A,A,H,-,C,D,0,,Y,,,Y,,L,04,0,1,0,0,0,0,1,0,0,"- ","- ",,,"SAN DIEGO","SAN DIEGO",,
8651834,2018,2018-10-08,3711,2018-09-11,0825,6786,,2,5,7,3711,0,0,0,,0,511,"HARBOR DR","HARBOR DR 2900",0.00,,-,A,-,N,,,,,,,,,,N,4,0,1,1,D,-,00,,,N,F,G,A,A,H,-,A,-,0,,Y,,,Y,,-,"- ",0,0,1,0,0,0,1,0,0,"- ","- ",,,"SAN DIEGO","SAN DIEGO",-117.18474268999999,32.728797849999999
8653454,2016,2018-07-09,3711,2016-06-24,1417,8447,,5,5,7,3711,0,0,0,,0,811,"MONROE AV","FELTON ST",40.00,W,N,A,-,N,,,,,,,,,,N,4,0,1,1,A,-,03,22350,,N,-,-,A,A,H,-,A,D,0,,Y,,,Y,,L,04,0,0,1,0,0,0,1,0,0,"- ","- ",,,"SAN DIEGO","SAN DIEGO",-117.12190966999999,32.759039999999999
8653494,2018,2018-07-09,3711,2018-06-22,1915,8672,,5,5,7,3711,0,0,0,,0,611,"TRUXTUN RD","TRUXTUN RD 2400",0.00,,N,A,-,N,,,,,,,,,,N,2,0,1,2,C,-,18,,,N,H,G,A,A,H,-,A,D,0,,Y,,,Y,,-,"- ",1,0,0,0,0,0,1,0,0,"- ","- ",,,"SAN DIEGO","SAN DIEGO",,
8653502,2018,2018-07-09,3711,2018-06-24,1010,5342,,7,5,7,3711,0,0,0,,0,233,"RANCHO PENASQUITOS BL","PASEO MONTRIL",105.00,E,N,A,-,N,,,,,,,,,,N,3,0,1,1,A,-,03,22350,,N,H,-,A,A,H,-,A,D,0,,Y,,,Y,,L,04,0,1,0,0,0,0,1,0,0,"- ","- ",,,"SAN DIEGO","SAN DIEGO",-117.10774230957031,32.951404571533203
8653514,2018,2018-07-09,3711,2018-06-23,1257,7427,,6,5,7,3711,0,0,0,,0,933,"CARMEL VALLEY RD","MC GONIGLE RD",250.00,E,N,A,-,N,,,,,,,,,,N,4,0,1,2,A,-,02,21211,B,N,H,G,A,A,H,-,A,D,0,,Y,,,Y,,-,,0,0,1,0,0,0,1,0,0,"- ","- ",,,"SAN DIEGO","SAN DIEGO",-117.25688934326172,32.935375213623047
8654459,2018,2018-07-17,3711,2018-06-20,1731,8495,,3,5,7,3711,0,0,0,,0,521,"E ST","14TH ST",0.00,,Y,A,-,N,,,,,,,,,,N,3,0,1,2,A,-,12,22450,A,N,B,G,A,A,H,-,A,D,0,,Y,,,Y,,L,04,0,1,0,0,0,0,1,0,0,"- ","- ",,,"SAN DIEGO","SAN DIEGO",-117.15194702148438,32.714698791503906
8654463,2018,2018-07-20,3711,2018-06-27,0202,7782,"SAN D",3,5,7,3711,0,0,0,,0,524,"6TH AV","A ST",69.00,S,N,A,-,N,,,,,,,,,,Y,2,0,1,2,A,-,12,21453,,N,D,G,A,A,H,-,C,A,0,,Y,,,Y,,L,04,1,0,0,0,0,0,1,0,0,"- ","- ",,,"SAN DIEGO","SAN DIEGO",-117.15927886962891,32.718650817871094
8654467,2018,2018-07-17,3711,2018-06-28,1757,6415,,4,5,7,3711,0,0,0,,0,312,"TIERRASANTA BL","ESPLENDENTE BL",200.00,E,N,A,-,N,,,,,,,,,,,4,0,1,2,A,-,06,21750,,N,C,G,A,A,H,-,A,D,0,,Y,,,Y,,L,04,0,0,1,0,0,0,1,0,0,"- ","- ",,,"SAN DIEGO","SAN DIEGO",-117.10050964355469,32.822856903076172
8655293,2018,2018-07-09,3711,2018-06-11,0718,6686,,1,5,7,3711,0,0,0,,0,437,"ALSACIA CT","HONEY DR",3.00,E,N,B,-,N,,,,,,,,,,N,4,0,1,2,A,-,05,21202,A,N,D,G,A,A,H,-,A,D,0,,Y,,,Y,,L,04,0,0,1,0,0,0,1,0,0,"- ","- ",,,"SAN DIEGO","SAN DIEGO",-117.04158020019531,32.683300018310547
8655317,2018,2018-07-09,3711,2018-06-21,1839,7358,,4,5,7,3711,0,0,0,,0,321,"FAIRMOUNT AV","ALVARADO CANYON RD",0.00,,Y,A,-,N,,,,,,,,,,N,3,0,1,2,A,-,10,21950,A,N,D,G,A,A,H,-,A,A,0,,Y,,,Y,,A,01,0,1,0,0,0,0,1,0,0,"- ","- ",,,"SAN DIEGO","SAN DIEGO",-117.10154724121094,32.780200958251953
8658200,2018,2018-10-05,3711,2018-07-28,1306,6461,,6,5,7,3711,0,0,0,,0,116,"GARNET AV","SANTA FE",6.00,E,N,A,-,N,,,,,,,,,,N,3,0,1,2,A,-,12,22450,A,M,-,G,A,A,D,-,A,A,0,,Y,,,Y,,-,,0,1,0,0,0,0,1,0,0,"- ","- ",,,"SAN DIEGO","SAN DIEGO",-117.21515655517578,32.806980133056641
8659134,2018,2018-08-01,3711,2018-06-18,1647,7484,,1,5,7,3711,0,0,0,,0,523,"4TH AV","G ST",96.00,S,N,A,-,N,,,,,,,,,,N,2,0,1,2,A,-,"- ",,I,F,H,B,F,A,-,-,A,D,0,Y,Y,,,Y,,L,04,1,0,0,0,1,0,0,0,0,"- ","- ",,,"SAN DIEGO","SAN DIEGO",-117.16105651855469,32.712306976318359
8659920,2018,2018-07-13,3711,2018-06-15,0930,6753,"SAN D",5,5,7,3711,0,0,0,,0,612,"CHATSWORTH BL","CHATSWORTH 2100",12.00,W,N,A,-,N,,,,,,,,,,N,3,0,1,2,A,-,08,22107,,N,C,G,A,A,H,-,A,D,0,,Y,,,Y,,A,01,0,1,0,0,0,0,1,0,0,"- ","- ",,,"SAN DIEGO","SAN DIEGO",,
8659933,2018,2018-07-19,3711,2018-06-19,0748,7469,SD,2,5,7,3711,0,0,0,,0,522,"W HARBOR DR","PACIFIC HWY",50.00,E,N,B,-,N,,,,,,,,,,N,3,0,1,2,A,-,04,21703,,N,C,G,A,A,H,-,A,A,0,,Y,,,Y,,-,,0,1,0,0,0,0,1,0,0,"- ","- ",,,"SAN DIEGO","SAN DIEGO",-117.17090606689453,32.71142578125
8659945,2018,2018-07-18,3711,2018-06-28,0715,7378,,4,5,7,3711,0,0,0,,0,831,"POLK AV","POLK AV 4400",0.00,,N,A,-,N,,,,,,,,,,N,3,0,1,2,A,-,"- ",,,N,D,G,A,A,G,-,A,A,0,,Y,,,Y,,-,,0,1,0,0,0,0,1,0,0,"- ","- ",,,"SAN DIEGO","SAN DIEGO",,
8659961,2018,2018-07-18,3711,2018-06-27,0830,6618,,3,5,7,3711,0,0,0,,0,712,"WEST SAN YSIDRO BL","ALVERSON RD",0.00,,Y,A,-,N,,,,,,,,,,N,3,0,1,1,A,-,12,22450,A,M,D,G,A,A,H,-,A,A,0,,Y,,,Y,,L,04,0,1,0,0,0,0,1,0,0,"- ","- ",,,"SAN DIEGO","SAN DIEGO",-117.05159759521484,32.555370330810547
8660720,2018,2018-07-19,3711,2018-07-02,2313,6432,SANDI,1,5,7,3711,0,0,0,,0,833,"FAIRMONT AV","WIGHTMAN ST",0.00,,Y,A,-,N,,,,,,,,,,N,4,0,1,2,D,-,00,,,M,D,G,A,A,H,-,C,A,0,,Y,,,Y,Y,-,"- ",0,0,1,0,0,0,1,0,0,"- ","- ",,,"SAN DIEGO","SAN DIEGO",-117.10092926025391,32.747879028320312
8661364,2018,2018-07-17,3711,2018-07-03,1946,6458,,2,5,7,3711,0,0,0,,0,524,"B ST","8TH AV",2.00,W,N,A,-,N,,,,,,,,,,N,3,0,1,2,A,-,11,21456,C,N,D,G,A,A,H,-,A,A,0,,Y,,,Y,,L,04,0,1,0,0,0,0,1,0,0,"- ","- ",,,"SAN DIEGO","SAN DIEGO",-117.15744781494141,32.717800140380859
8663129,2018,2018-07-18,3711,2018-06-18,0658,6702,,1,5,7,3711,0,0,0,,0,931,"SORRENTO VALLEY BL","VISTA SORRENTO PKWY",0.00,,Y,A,-,N,,,,,,,,,,N,3,0,1,1,D,-,00,,,M,C,G,A,A,H,-,A,A,0,,Y,,,Y,,-,"- ",0,1,0,0,0,0,1,0,0,"- ","- ",,,"SAN DIEGO","SAN DIEGO",-117.22138977050781,32.902469635009766
8663149,2018,2018-07-18,3711,2018-06-29,0940,5072,,5,5,7,3711,0,0,0,,0,451,"54TH ST",KRENNING,0.00,,Y,A,-,N,,,,,,,,,,N,3,0,1,2,A,-,08,22107,,N,B,G,A,A,H,-,A,A,0,,Y,,,Y,,A,01,0,1,0,0,0,0,1,0,0,"- ","- ",,,"SAN DIEGO","SAN DIEGO",-117.07982635498047,32.735870361328125
8663216,2018,2018-07-17,3711,2018-05-29,0636,7355,,2,5,7,3711,0,0,0,,0,814,"ADAMS AV","WILSON AV",200.00,W,N,A,-,N,,,,,,,,,,,4,0,1,2,A,-,17,21205,,N,H,G,A,A,H,-,A,D,0,,Y,,,Y,,L,04,0,0,1,0,0,0,1,0,0,"- ","- ",,,"SAN DIEGO","SAN DIEGO",-117.11685943603516,32.763317108154297
8663691,2018,2018-07-19,3711,2018-06-23,2146,6817,SANDI,6,5,7,3711,0,0,0,,0,622,"LINDA VISTA RD","MOLLIE ST",15.00,N,N,A,-,N,,,,,,,,,,N,3,0,1,1,A,-,08,22107,,N,F,A,A,A,H,-,C,D,0,,Y,,,Y,Y,L,04,0,1,0,0,0,0,1,0,0,"- ","- ",,,"SAN DIEGO","SAN DIEGO",-117.19511413574219,32.767471313476562
8664564,2018,2018-08-09,3711,2018-07-11,1618,6193,,3,5,7,3711,0,0,0,,0,522,"9TH AV","B ST",0.00,,Y,A,-,N,,,,,,,,,,N,4,0,1,2,A,-,05,21650,1,N,D,G,A,A,H,-,A,A,0,,Y,,,Y,,L,04,0,0,1,0,0,0,1,0,0,"- ","- ",,,"SAN DIEGO","SAN DIEGO",-117.15654754638672,32.717811584472656
8664685,2018,2018-07-31,3711,2018-07-10,0756,6451,E1,2,5,7,3711,0,0,0,,0,313,"CHESAPEAKE DR","CLAIREMONT MESA BL",0.00,,-,A,-,N,,,,,,,,,,N,3,0,1,2,A,-,12,22450,A,N,D,G,A,A,H,-,A,D,0,,Y,,,Y,,D,22,0,1,0,0,0,0,1,0,0,"- ","- ",32.832500457763672,-117.12300109863281,"SAN DIEGO","SAN DIEGO",-117.12265014648438,32.832351684570312
8664746,2018,2018-07-30,3711,2018-07-10,0440,7120,,2,5,7,3711,0,0,0,,0,837,"HOME AV","GATEWAY DR",36.00,W,N,A,-,N,,,,,,,,,,N,3,0,1,2,A,-,09,21804,A,N,D,G,A,A,H,-,C,A,0,,Y,,,Y,,L,04,0,1,0,0,0,0,1,0,0,"- ","- ",,,"SAN DIEGO","SAN DIEGO",-117.10771179199219,32.723190307617188
8664754,2018,2018-08-27,3711,2018-07-09,0655,7772,,1,5,7,3711,0,0,0,,0,114,"CLAIREMONT MESA BL","DOLIVA DR",792.00,E,N,A,-,N,,,,,,,,,,N,3,0,1,2,A,-,08,22107,,N,B,G,A,A,H,-,A,D,0,,Y,,,Y,,L,04,0,1,0,0,0,0,1,0,0,"- ","- ",,,"SAN DIEGO","SAN DIEGO",-117.17311096191406,32.834087371826172
8664762,2018,2018-08-27,3711,2018-07-10,1555,7773,,2,5,7,3711,0,0,0,,0,813,FLORIDA,MYRTLE,444.00,N,N,B,-,N,,,,,,,,,,N,3,0,1,1,D,-,00,,,N,F,A,A,A,D,-,A,-,0,,Y,,,Y,,-,"- ",0,1,0,0,0,0,1,0,0,"- ","- ",,,"SAN DIEGO","SAN DIEGO",-117.14372253417969,32.743465423583984
8664774,2018,2018-08-27,3711,2018-07-08,1015,4294,"SAN D",7,5,7,3711,0,0,0,,0,111,"BALBOA AV","SHOPPING CENTER DR",9.00,W,N,A,-,N,,,,,,,,,,N,4,0,1,2,A,-,05,21650,1,N,D,G,A,A,H,-,A,A,0,,Y,,,Y,,L,04,0,0,1,0,0,0,1,0,0,"- ","- ",,,"SAN DIEGO","SAN DIEGO",-117.18000793457031,32.819877624511719
8664786,2018,2018-07-30,3711,2018-07-09,2055,4310,,1,5,7,3711,0,0,0,,0,124,"PROSPECT ST","CAVE ST",0.00,,Y,A,-,N,,,,,,,,,,N,3,0,1,2,A,-,09,21802,A,N,D,G,A,A,H,-,C,A,0,,Y,,,Y,,A,08,0,1,0,0,0,0,1,0,0,"- ","- ",,,"SAN DIEGO","SAN DIEGO",-117.27040100097656,32.848461151123047
8666455,2018,2018-10-24,3711,2018-07-15,1630,7766,SANDI,7,5,7,3711,0,0,0,,0,123,"RT 5","SEA WORLD DR",150.00,W,N,A,-,Y,SD,11,5,-,R,20.701,R,4,S,N,3,0,1,1,A,-,08,22107,,N,E,J,A,A,H,-,A,A,0,,Y,,,Y,,L,04,0,1,0,0,0,0,1,0,0,NF,"- ",,,"SAN DIEGO","SAN DIEGO",-117.20635223388672,32.768306732177734
8666479,2018,2018-08-08,3711,2018-07-13,2240,SMITH,,5,5,7,3711,0,0,0,,0,12Y,"DAWES ST","TOURMALINE ST",9.00,N,N,A,-,N,,,,,,,,,,N,3,0,1,1,D,-,00,,,N,H,-,A,A,H,-,D,D,0,,Y,,,Y,Y,-,"- ",0,1,0,0,0,0,1,0,0,"- ","- ",,,"SAN DIEGO","SAN DIEGO",-117.25316619873047,32.808113098144531
8669236,2018,2018-08-14,3711,2018-07-20,0732,7642,,5,5,7,3711,0,0,0,,0,122,"TURQUOISE ST","MISSION BL",57.00,E,N,A,-,N,,,,,,,,,,N,3,0,1,1,C,-,18,,,N,F,A,A,-,H,-,A,D,0,,Y,,,Y,,-,"- ",0,1,0,0,0,0,1,0,0,"- ","- ",,,"SAN DIEGO","SAN DIEGO",-117.25904083251953,32.808677673339844
8669289,2018,2018-08-14,3711,2018-07-13,1855,8332,,5,5,7,3711,0,0,0,,0,512,"COMMERCIAL ST","22ND ST",170.00,E,N,A,-,N,,,,,,,,,,N,4,0,1,2,A,-,05,21651,B,N,A,G,A,A,H,-,A,D,0,,Y,,,Y,Y,L,04,0,0,1,0,0,0,1,0,0,"- ","- ",,,"SAN DIEGO","SAN DIEGO",-117.14338684082031,32.705291748046875
8669301,2018,2018-08-14,3711,2018-07-14,0625,6798,,6,5,7,3711,0,0,0,,0,124,"TORREY PINES RD","IVANHOE AV",20.00,W,N,B,-,N,,,,,,,,,,N,3,0,1,2,A,-,08,22107,,N,B,G,A,A,H,-,A,A,0,,Y,,,Y,,L,04,0,1,0,0,0,0,1,0,0,"- ","- ",,,"SAN DIEGO","SAN DIEGO",-117.27101135253906,32.843780517578125
8669321,2018,2018-08-14,3711,2018-07-21,1615,7713,,6,5,7,3711,0,0,0,,0,123,"CLAIREMONT DR","CLAIREMONT DR 2300",12.00,S,N,A,-,N,,,,,,,,,,N,3,0,1,1,A,-,03,22350,,N,H,A,A,A,A,-,A,D,0,,Y,,,Y,,L,04,0,1,0,0,0,0,1,0,0,"- ","- ",,,"SAN DIEGO","SAN DIEGO",,
8670417,2018,2018-09-18,3711,2018-07-17,1851,7226,,2,5,7,3711,0,0,0,,0,623,"FASHION VALLEY RD","RIVERWALK DR",350.00,N,N,A,-,N,,,,,,,,,,N,3,0,1,1,A,-,"- ",,,N,F,A,A,A,H,-,A,D,0,,Y,,,Y,,L,04,0,1,0,0,0,0,1,0,0,"- ","- ",,,"SAN DIEGO","SAN DIEGO",-117.17074584960938,32.76611328125
8670462,2018,2018-09-05,3711,2018-07-26,2300,7701,,4,5,7,3711,0,0,0,,0,113,"AVANTI DR","MORENA BL",0.00,,Y,A,-,N,,,,,,,,,,N,3,0,1,1,C,-,18,,,N,F,I,A,A,A,-,C,A,0,,Y,,,Y,,-,"- ",0,1,0,0,0,0,1,0,0,"- ","- ",,,"SAN DIEGO","SAN DIEGO",-117.21746994,32.81381004
8671874,2018,2018-10-10,3711,2018-07-03,1644,8495,,2,5,7,3711,0,0,0,,0,522,"PACIFIC HWY","W HARBOR DR",0.00,,Y,A,-,N,,,,,,,,,,Y,2,0,1,2,A,-,12,21453,A,F,D,G,A,A,H,-,A,A,0,,Y,,,Y,,A,01,1,0,0,0,0,0,1,0,0,"- ","- ",,,"SAN DIEGO","SAN DIEGO",-117.17105865478516,32.711471557617188
8671918,2018,2018-08-14,3711,2018-06-19,2306,6967,,2,5,7,3711,0,0,0,,0,123,"EAST MISSION BAY DR","E MISSION BAY DR 1300",785.00,N,N,A,-,N,,,,,,,,,,N,2,0,1,2,A,-,05,21202,A,N,C,G,A,A,H,-,C,D,0,,Y,,,Y,,L,04,1,0,0,0,0,0,1,0,0,"- ","- ",,,"SAN DIEGO","SAN DIEGO",-117.20844984,32.77396512
8671967,2018,2018-10-10,3711,2018-07-08,1005,6764,,7,5,7,3711,0,0,0,,0,126,"LA JOLLA SHORES DR","NORTH TORREY PINES RD",82.00,W,N,A,-,N,,,,,,,,,,N,2,0,1,1,A,-,03,22350,,N,E,J,A,A,G,-,A,D,0,,Y,,,Y,,L,04,1,0,0,0,0,0,1,0,0,"- ","- ",,,"SAN DIEGO","SAN DIEGO",-117.24393463134766,32.875408172607422
8671983,2018,2018-10-10,3711,2018-07-20,1028,8192,,5,5,7,3711,0,0,0,,0,813,"GRANADA AV","NORTH PARK WY",0.00,,Y,B,-,N,,,,,,,,,,N,4,0,1,2,A,-,09,21802,A,M,D,G,A,A,H,-,A,A,0,,Y,,,Y,,L,04,0,0,1,0,0,0,1,0,0,"- ","- ",,,"SAN DIEGO","SAN DIEGO",-117.13189697265625,32.747329711914062
8671987,2018,2018-10-10,3711,2018-07-30,1453,7640,,1,5,7,3711,0,0,0,,0,627,"ARBOR DR","4TH AV",0.00,,Y,A,-,N,,,,,,,,,,N,4,0,1,2,A,-,03,22350,,M,C,G,A,A,H,-,A,D,0,,Y,,,Y,,-,"- ",0,0,1,0,0,0,1,0,0,"- ","- ",,,"SAN DIEGO","SAN DIEGO",-117.16136932373047,32.753791809082031
8672272,2018,2018-08-21,3711,2018-07-12,0938,6799,,4,5,7,3711,0,0,0,,0,115,"AVENIDA NAVIDAD","AVENIDA LA BAHIA",0.00,,Y,A,-,N,,,,,,,,,,N,3,0,1,2,A,-,09,21801,A,N,C,G,A,A,H,-,A,D,0,,Y,,,Y,,A,01,0,1,0,0,0,0,1,0,0,"- ","- ",,,"SAN DIEGO","SAN DIEGO",-117.20934295654297,32.864940643310547
8672280,2018,2018-08-21,3711,2018-07-16,0745,8192,,1,5,7,3711,0,0,0,,0,838,"WILSON AV","ORANGE AV",10.00,N,N,B,-,N,,,,,,,,,,N,3,0,1,2,A,-,03,22350,,N,D,G,A,A,H,-,A,D,0,,Y,,,Y,,L,04,0,1,0,0,0,0,1,0,0,"- ","- ",,,"SAN DIEGO","SAN DIEGO",-117.11685943603516,32.753307342529297
8672296,2018,2018-08-21,3711,2018-07-16,1029,6743,,1,5,7,3711,0,0,0,,0,722,"CORONADO AV","HOLLISTER ST",0.00,,Y,B,-,N,,,,,,,,,,N,4,0,1,2,A,-,03,22350,,N,D,G,A,A,H,-,A,A,0,,Y,,,Y,,L,04,0,0,1,0,0,0,1,0,0,"- ","- ",,,"SAN DIEGO","SAN DIEGO",-117.08408355712891,32.576480865478516
8672315,2018,2018-08-21,3711,2018-07-18,1108,6156,SD,3,5,7,3711,0,0,0,,0,124,"LA JOLLA SCENIC DR","KING ARTHUR CT",2.00,S,N,A,-,N,,,,,,,,,,N,3,0,1,2,A,-,09,21801,A,N,D,G,A,A,H,-,A,D,0,,Y,,,Y,,L,04,0,1,0,0,0,0,1,0,0,"- ","- ",,,"SAN DIEGO","SAN DIEGO",-117.24897766113281,32.835964202880859
8673780,2018,2018-10-11,3711,2018-07-25,0741,7601,SANDI,3,5,7,3711,0,0,0,,0,625,"JUAN ST","HARNEY ST",250.00,S,N,B,-,N,,,,,,,,,,N,4,0,1,2,A,-,08,22107,,N,D,G,A,A,H,-,A,D,0,,Y,,,Y,,A,01,0,0,1,0,0,0,1,0,0,"- ","- ",,,"SAN DIEGO","SAN DIEGO",-117.19326782226562,32.753494262695312