CASE_ID,ACCIDENT_YEAR,PROC_DATE,JURIS,COLLISION_DATE,COLLISION_TIME,OFFICER_ID,REPORTING_DISTRICT,DAY_OF_WEEK,CHP_SHIFT,POPULATION,CNTY_CITY_LOC,SPECIAL_COND,BEAT_TYPE,CHP_BEAT_TYPE,CITY_DIVISION_LAPD,CHP_BEAT_CLASS,BEAT_NUMBER,PRIMARY_RD,SECONDARY_RD,DISTANCE,DIRECTION,INTERSECTION,WEATHER_1,WEATHER_2,STATE_HWY_IND,CALTRANS_COUNTY,CALTRANS_DISTRICT,STATE_ROUTE,ROUTE_SUFFIX,POSTMILE_PREFIX,POSTMILE,LOCATION_TYPE,RAMP_INTERSECTION,SIDE_OF_HWY,TOW_AWAY,COLLISION_SEVERITY,NUMBER_KILLED,NUMBER_INJURED,PARTY_COUNT,PRIMARY_COLL_FACTOR,PCF_CODE_OF_VIOL,PCF_VIOL_CATEGORY,PCF_VIOLATION,PCF_VIOL_SUBSECTION,HIT_AND_RUN,TYPE_OF_COLLISION,MVIW,PED_ACTION,ROAD_SURFACE,ROAD_COND_1,ROAD_COND_2,LIGHTING,CONTROL_DEVICE,CHP_ROAD_TYPE,PEDESTRIAN_ACCIDENT,BICYCLE_ACCIDENT,MOTORCYCLE_ACCIDENT,TRUCK_ACCIDENT,NOT_PRIVATE_PROPERTY,ALCOHOL_INVOLVED,STWD_VEHTYPE_AT_FAULT,CHP_VEHTYPE_AT_FAULT,COUNT_SEVERE_INJ,COUNT_VISIBLE_INJ,COUNT_COMPLAINT_PAIN,COUNT_PED_KILLED,COUNT_PED_INJURED,COUNT_BICYCLIST_KILLED,COUNT_BICYCLIST_INJURED,COUNT_MC_KILLED,COUNT_MC_INJURED,PRIMARY_RAMP,SECONDARY_RAMP,LATITUDE,LONGITUDE,COUNTY,CITY,POINT_X,POINT_Y
8747956,2018,2019-01-24,3711,2018-11-15,0715,6915,,4,5,7,3711,0,0,0,,0,517,"B ST","19TH ST",34.00,E,N,A,-,N,,,,,,,,,,N,3,0,1,1,A,-,03,22350,,N,E,A,A,A,A,-,A,A,0,,Y,,,Y,,L,04,0,1,0,0,0,0,1,0,0,"- ","- ",,,"SAN DIEGO","SAN DIEGO",-117.14665985107422,32.717872619628906
8747964,2018,2019-01-24,3711,2018-11-23,1830,7187,,5,5,7,3711,0,0,0,,0,832,"ORANGE AV",43RD,2.00,E,N,A,-,N,,,,,,,,,,N,4,0,1,2,A,-,05,21650,1,N,B,G,A,A,H,-,D,A,0,,Y,,,Y,,L,04,0,0,1,0,0,0,1,0,0,"- ","- ",,,"SAN DIEGO","SAN DIEGO",-117.10192108154297,32.753170013427734
8747991,2018,2019-01-29,3711,2018-11-20,0557,7796,NORTH,2,5,7,3711,0,0,0,,0,122,"SOLEDAD MOUNTAIN RD","BERYL WY",425.00,N,N,A,-,N,,,,,,,,,,N,4,0,1,2,A,-,08,22107,,N,B,G,A,A,H,-,B,D,0,,Y,,,Y,,L,04,0,0,1,0,0,0,1,0,0,"- ","- ",,,"SAN DIEGO","SAN DIEGO",-117.22811126708984,32.808116912841797
8747999,2018,2019-01-29,3711,2018-11-26,1603,7163,,1,5,7,3711,0,0,0,,0,813,"FLORIDA CT","UNIVERSITY AV",0.00,,Y,A,-,N,,,,,,,,,,N,4,0,1,2,A,-,08,22107,,M,D,G,A,A,E,-,A,A,0,,Y,,,Y,,-,,0,0,1,0,0,0,1,0,0,"- ","- ",,,"SAN DIEGO","SAN DIEGO",-117.14372253417969,32.748439788818359
8748017,2018,2019-01-25,3711,2018-11-23,1731,8447,,5,5,7,3711,0,0,0,,0,712,"DAIRY MART RD","SAN YSIDRO BL",528.00,N,N,A,-,N,,,,,,,,,,N,4,0,1,2,A,-,21,22106,,N,D,G,A,A,H,-,C,D,0,,Y,,,Y,,-,,0,0,1,0,0,0,1,0,0,"- ","- ",,,"SAN DIEGO","SAN DIEGO",-117.06243896484375,32.561077117919922
8748025,2018,2019-01-25,3711,2018-11-09,2300,7785,"SAN D",5,5,7,3711,0,0,0,,0,838,"WABASH AV","UNIVERSITY AV",0.00,,Y,A,-,N,,,,,,,,,,N,3,0,1,2,A,-,12,21453,A,N,G,G,A,A,H,-,C,A,0,,Y,,,Y,,L,04,0,1,0,0,0,0,1,0,0,"- ","- ",,,"SAN DIEGO","SAN DIEGO",-117.12080383300781,32.749198913574219
8751438,2018,2018-12-10,3711,2018-10-20,1525,5963,,6,5,7,3711,0,0,0,,0,504,"W HARBOR DR","HARBOR LN",0.00,,Y,A,-,N,,,,,,,,,,N,3,0,1,2,B,-,22,,,N,A,G,A,A,E,G,A,D,0,,Y,,,Y,,M,93,0,1,0,0,0,0,1,0,0,"- ","- ",,,"SAN DIEGO","SAN DIEGO",-117.17205810546875,32.711460113525391
8752091,2018,2019-01-25,3711,2018-11-28,1542,7562,SD,3,5,7,3711,0,0,0,,0,113,"MORENA BL","BALBOA AV",284.00,S,N,A,-,N,,,,,,,,,,N,3,0,1,1,D,-,00,,,N,E,-,A,A,D,-,A,D,0,,Y,,,Y,,-,"- ",0,1,0,0,0,0,1,0,0,"- ","- ",,,"SAN DIEGO","SAN DIEGO",-117.21327209472656,32.806613922119141
8753086,2018,2019-01-28,3711,2018-12-04,0909,6403,SANDI,2,5,7,3711,0,0,0,,0,233,"BLACK MOUNTAIN RD","PARK VILLAGE RD",24.00,N,N,A,-,N,,,,,,,,,,N,3,0,1,2,A,-,08,22100,A,N,B,G,A,A,H,-,A,A,0,,Y,,,Y,,-,"- ",0,1,0,0,0,0,1,0,0,"- ","- ",,,"SAN DIEGO","SAN DIEGO",-117.13002014160156,32.946895599365234
8753757,2018,2019-02-22,3711,2018-12-18,0740,7790,,2,5,7,3711,0,0,0,,0,122,"GRAND AV","LEE ST",0.00,,Y,A,-,N,,,,,,,,,,N,3,0,1,2,A,-,"- ",,,N,-,G,A,A,H,-,A,A,0,,Y,,,Y,,L,04,0,1,0,0,0,0,1,0,0,"- ","- ",,,"SAN DIEGO","SAN DIEGO",-117.22464752197266,32.801368713378906
8754423,2018,2019-01-17,3711,2018-11-28,0648,5628,,3,5,7,3711,0,0,0,,0,124,"LA JOLLA HERMOSA AV","CARLA WY",0.00,,Y,A,-,N,,,,,,,,,,N,3,0,2,2,A,-,12,22450,A,N,D,B,B,A,H,-,A,A,0,Y,Y,,,Y,,L,04,0,2,0,0,1,0,1,0,0,"- ","- ",,,"SAN DIEGO","SAN DIEGO",-117.26341247558594,32.809608459472656
8756546,2018,2018-12-20,3711,2018-11-29,1421,5923,"SAN D",4,5,7,3711,0,0,0,,0,627,"6TH AV","UNIVERSITY AV",0.00,,Y,A,-,N,,,,,,,,,,N,3,0,1,2,D,-,00,,,N,D,G,A,A,H,-,A,A,0,,Y,,,Y,,-,"- ",0,1,0,0,0,0,1,0,0,"- ","- ",,,"SAN DIEGO","SAN DIEGO",-117.15953063964844,32.748329162597656
8759870,2018,2019-01-26,3711,2018-12-09,1004,7832,,7,5,7,3711,0,0,0,,0,823,"UNIVERSITY AV","COLLEGE AV",0.00,,Y,A,-,N,,,,,,,,,,N,3,0,1,2,A,-,12,21453,A,N,B,G,A,A,H,-,A,A,0,,Y,,,Y,Y,L,04,0,1,0,0,0,0,1,0,0,"- ","- ",,,"SAN DIEGO","SAN DIEGO",-117.06448364257812,32.752861022949219
8759881,2018,2019-01-28,3711,2018-12-01,1701,7526,SDPD,6,5,7,3711,0,0,0,,0,124,"PEARL ST","FAY AV",0.00,,Y,A,-,N,,,,,,,,,,N,4,0,1,2,A,-,21,22106,,N,D,G,A,A,H,-,C,A,0,,Y,,,Y,,L,04,0,0,1,0,0,0,1,0,0,"- ","- ",,,"SAN DIEGO","SAN DIEGO",-117.27369689941406,32.840221405029297
8759886,2018,2019-01-26,3711,2018-12-06,2140,8447,,4,5,7,3711,0,0,0,,0,723,"PALM AV","BEYER WAY",15.00,E,N,C,-,N,,,,,,,,,,N,4,0,1,2,A,-,17,21200,A,N,D,G,A,B,H,-,C,A,0,,Y,,,Y,,L,04,0,0,1,0,0,0,1,0,0,"- ","- ",,,"SAN DIEGO","SAN DIEGO",-117.06195831298828,32.583766937255859
8759992,2018,2019-01-26,3711,2018-12-02,1326,7685,,7,5,7,3711,0,0,0,,0,122,"PACIFIC BEACH DR","PACIFIC BEACH DR 700",5.00,S,N,A,-,N,,,,,,,,,,N,4,0,1,3,A,-,17,22517,,N,B,G,A,A,-,-,A,D,0,,Y,,,Y,,A,01,0,0,1,0,0,0,1,0,0,"- ","- ",,,"SAN DIEGO","SAN DIEGO",,
8762298,2018,2019-01-02,3711,2018-11-18,2110,5672,,7,5,7,3711,0,0,0,,0,313,"CONVOY ST","CLAIREMONT MESA BL",0.00,,Y,A,-,N,,,,,,,,,,N,3,0,1,2,A,-,09,21453,B,N,D,G,A,A,H,-,C,A,0,,Y,,,Y,,-,,0,1,0,0,0,0,1,0,0,"- ","- ",,,"SAN DIEGO","SAN DIEGO",-117.15328216552734,32.832748413085938
8764130,2018,2019-01-11,3711,2018-11-17,0641,7073,,6,5,7,3711,0,0,0,,0,615,"CARLETON ST","LOCUST ST",0.00,,Y,A,-,N,,,,,,,,,,,3,0,1,2,A,-,12,22450,A,N,D,G,A,A,H,-,A,C,0,,Y,,,Y,,L,04,0,1,0,0,0,0,1,0,0,"- ","- ",,,"SAN DIEGO","SAN DIEGO",-117.23143005371094,32.723770141601562
8764484,2018,2019-01-09,3711,2018-11-24,1722,5812,SANDI,6,5,7,3711,0,0,0,,0,124,"FAY AV","PEARL ST",0.00,,Y,B,-,N,,,,,,,,,,N,3,0,1,2,A,-,09,21801,A,N,B,G,A,A,H,-,C,A,0,,Y,,,Y,,-,,0,1,0,0,0,0,1,0,0,"- ","- ",,,"SAN DIEGO","SAN DIEGO",-117.27369689941406,32.840221405029297
8764485,2018,2019-01-09,3711,2018-11-27,0846,5628,,2,5,7,3711,0,0,0,,0,115,"RENAISSANCE AV","FIORE TER",16.00,N,N,A,-,N,,,,,,,,,,N,4,0,1,2,A,-,09,21801,A,N,D,G,A,A,H,-,A,D,0,,Y,,,Y,,A,01,0,0,1,0,0,0,1,0,0,"- ","- ",,,"SAN DIEGO","SAN DIEGO",-117.20479583740234,32.869972229003906
8767147,2018,2019-01-08,3711,2018-12-07,1214,5662,,5,5,7,3711,0,0,0,,0,932,"NORTH TORREY PINES RD","SYME DR",7920.00,N,N,A,-,N,,,,,,,,,,N,3,0,1,1,A,-,03,22350,,N,E,-,A,A,H,-,A,D,0,,Y,,,Y,,L,04,0,1,0,0,0,0,1,0,0,"- ","- ",,,"SAN DIEGO","SAN DIEGO",,
8767179,2018,2019-01-08,3711,2018-12-04,1440,5700,,2,5,7,3711,0,0,0,,0,445,"47TH ST","47TH ST 600",0.00,,-,A,-,N,,,,,,,,,,N,4,0,1,1,A,-,21,22106,,N,H,-,A,A,H,-,A,D,0,,Y,,,Y,,L,04,0,0,1,0,0,0,1,0,0,"- ","- ",,,"SAN DIEGO","SAN DIEGO",-117.09360838000001,32.711428779999999
8767274,2018,2019-01-02,3711,2018-11-07,1000,6614,,3,5,7,3711,0,0,0,,0,124,"PASEO DORADO","EL PASEO GRANDE",42.00,W,N,A,-,N,,,,,,,,,,N,3,0,1,2,A,-,17,22517,,N,B,G,A,A,H,-,A,D,0,,Y,,,Y,,A,01,0,1,0,0,0,0,1,0,0,"- ","- ",,,"SAN DIEGO","SAN DIEGO",-117.25587463378906,32.852523803710938
8768514,2018,2019-01-26,3711,2018-12-22,0940,7158,,6,5,7,3711,0,0,0,,0,436,"LAUSANNE DR","LAUSANNE DR 243",4.00,W,N,A,-,N,,,,,,,,,,N,3,0,1,2,A,-,08,22107,,N,A,E,A,A,H,-,A,D,0,,Y,,,Y,,L,04,0,1,0,0,0,0,1,0,0,"- ","- ",,,"SAN DIEGO","SAN DIEGO",,
8768522,2018,2019-01-26,3711,2018-12-22,1409,7616,,6,5,7,3711,0,0,0,,0,122,"LA JOLLA BL","OPAL ST",5.00,N,N,A,-,N,,,,,,,,,,N,3,0,1,1,A,-,08,22107,,N,E,I,A,A,H,-,A,D,0,,Y,,,Y,,L,04,0,1,0,0,0,0,1,0,0,"- ","- ",,,"SAN DIEGO","SAN DIEGO",-117.25923156738281,32.805782318115234
8769234,2018,2019-01-26,3711,2018-12-08,0130,5965,,6,5,7,3711,0,0,0,,0,504,"NORTH HARBOR DR","HAWTHORNE ST",140.00,S,N,A,-,N,,,,,,,,,,N,3,0,1,1,A,-,03,22350,,N,E,I,A,A,H,-,C,D,0,,Y,,,Y,Y,L,04,0,1,0,0,0,0,1,0,0,"- ","- ",,,"SAN DIEGO","SAN DIEGO",-117.17335510253906,32.724746704101562
8769246,2018,2019-01-26,3711,2018-12-18,0200,6055,,2,5,7,3711,0,0,0,,0,504,"WEST HARBOR DR","FRONT ST",0.00,,Y,A,-,N,,,,,,,,,,N,3,0,1,1,A,-,03,22350,A,N,H,J,A,A,H,-,C,A,0,,Y,,,Y,Y,L,04,0,1,0,0,0,0,1,0,0,"- ","- ",32.709331512451172,-117.1651611328125,"SAN DIEGO","SAN DIEGO",-117.1651611328125,32.709339141845703
8769665,2018,2019-01-29,3711,2018-12-19,1945,7592,SD,3,5,7,3711,0,0,0,,0,115,"GENESEE AV","LUIGI TER",780.00,N,N,A,-,N,,,,,,,,,,N,3,0,1,1,A,-,"- ",,,N,H,-,A,A,G,-,D,D,0,,Y,,,Y,,L,04,0,1,0,0,0,0,1,0,0,"- ","- ",,,"SAN DIEGO","SAN DIEGO",-117.2091064453125,32.860683441162109
8769673,2018,2019-01-29,3711,2018-12-17,1121,5454,,1,5,7,3711,0,0,0,,0,833,"FAIRMOUNT AV","UNIVERSITY AV",285.00,S,N,A,-,N,,,,,,,,,,N,4,0,2,2,A,-,12,22450,A,N,H,G,A,A,H,-,A,A,0,,Y,Y,,Y,,C,02,0,0,2,0,0,0,1,0,1,"- ","- ",,,"SAN DIEGO","SAN DIEGO",-117.10092163085938,32.748821258544922
8769764,2018,2019-02-20,3711,2018-12-17,1312,5654,,1,5,7,3711,0,0,0,,0,627,"UNIVERSITY AV","NORMAL ST",96.00,W,N,A,-,N,,,,,,,,,,N,4,0,1,2,A,-,08,22101,D,N,B,G,A,A,H,-,A,A,0,,Y,,,Y,,L,04,0,0,1,0,0,0,1,0,0,"- ","- ",,,"SAN DIEGO","SAN DIEGO",-117.1502685546875,32.748420715332031
8771261,2018,2019-01-31,3711,2018-12-11,1010,6999,,2,5,7,3711,0,0,0,,0,523,"G ST","5TH AV",0.00,,Y,A,-,N,,,,,,,,,,N,4,0,1,2,A,-,17,22517,,N,D,G,A,A,H,-,A,D,0,,Y,,,Y,,D,22,0,0,1,0,0,0,1,0,0,"- ","- ",,,"SAN DIEGO","SAN DIEGO",-117.16014099121094,32.712570190429688
8771716,2018,2019-01-29,3711,2018-12-08,1246,7226,,6,5,7,3711,0,0,0,,0,625,"CONGRESS ST","CONGRESS ST 2725",0.00,,Y,A,-,N,,,,,,,,,,N,3,0,1,2,A,-,17,22517,,N,H,G,A,A,H,-,A,D,0,,Y,,,Y,,A,01,0,1,0,0,0,0,1,0,0,"- ","- ",,,"SAN DIEGO","SAN DIEGO",-117.19810814,32.753525080000003
8772142,2018,2019-02-02,3711,2018-12-23,0805,7834,,7,5,7,3711,0,0,0,,0,115,"PALMILLA DR","LEBON DR",0.00,,Y,A,-,N,,,,,,,,,,Y,3,0,1,2,A,-,08,22107,,N,D,G,A,A,H,-,A,A,0,,Y,,,Y,,-,"- ",0,1,0,0,0,0,1,0,0,"- ","- ",,,"SAN DIEGO","SAN DIEGO",-117.22537994384766,32.864768981933594
8772146,2018,2019-01-29,3711,2018-12-26,1131,8192,,3,5,7,3711,0,0,0,,0,838,"WIGHTMAN ST","36TH ST",0.00,W,N,A,-,N,,,,,,,,,,N,4,0,1,2,A,-,08,22107,,N,D,G,A,A,H,-,A,D,0,,Y,,,Y,,D,22,0,0,1,0,0,0,1,0,0,"- ","- ",,,"SAN DIEGO","SAN DIEGO",-117.11560821533203,32.747879028320312
8772507,2018,2019-01-16,3711,2018-12-20,1356,7666,"SAN D",4,5,7,3711,0,0,0,,0,124,"TORREY PINES RD","PROSPECT PL",0.00,,Y,A,-,N,,,,,,,,,,N,4,0,1,2,A,-,09,21801,A,N,-,G,A,A,H,-,A,A,0,,Y,,,Y,,A,01,0,0,1,0,0,0,1,0,0,"- ","- ",,,"SAN DIEGO","SAN DIEGO",-117.26740264892578,32.847209930419922
8772511,2018,2019-01-16,3711,2018-12-27,1050,6614,,4,5,7,3711,0,0,0,,0,124,"TORERY PINES RD","CALLE DE LA PLATA",40.00,W,-,A,-,N,,,,,,,,,,N,4,0,1,2,A,-,00,22360,,N,C,G,A,A,H,-,A,D,0,,Y,,,Y,,-,,0,0,1,0,0,0,1,0,0,"- ","- ",,,"SAN DIEGO","SAN DIEGO",-117.25605010986328,32.850193023681641
8772562,2018,2019-01-18,3711,2018-12-20,1608,7226,,4,5,7,3711,0,0,0,,0,813,"30TH ST","DWIGHT ST",0.00,,Y,A,-,N,,,,,,,,,,N,3,0,1,2,A,-,06,21760,,M,B,G,A,A,H,-,A,D,0,,Y,,,Y,,A,01,0,1,0,0,0,0,1,0,0,"- ","- ",,,"SAN DIEGO","SAN DIEGO",-117.13008117675781,32.744228363037109
8773350,2018,2019-01-07,3711,2018-12-13,1220,5910,504A,4,5,7,3711,0,0,0,,0,503,"HARBOR ISLAND DR","LIBERATOR WY",0.00,,Y,A,-,N,,,,,,,,,,N,4,0,1,2,A,-,12,21453,A,N,D,G,A,A,H,-,A,A,0,,Y,,,Y,,L,04,0,0,1,0,0,0,1,0,0,"- ","- ",,,"SAN DIEGO","SAN DIEGO",-117.19647979736328,32.727001190185547
8775875,2018,2019-02-12,3711,2018-12-26,1740,6762,SD,3,5,7,3711,0,0,0,,0,832,"UNIVERSITY AV","UNIVERSITY AV 4100",4.00,N,N,A,-,N,,,,,,,,,,N,4,0,1,2,A,-,09,21804,A,M,D,G,A,A,H,-,C,D,0,,Y,,,Y,,-,,0,0,1,0,0,0,1,0,0,"- ","- ",,,"SAN DIEGO","SAN DIEGO",,
8778719,2018,2019-01-30,3711,2018-12-26,1008,5654,,3,5,7,3711,0,0,0,,0,627,"WEST WASHINGTON ST","FRONT ST",126.00,W,N,-,-,N,,,,,,,,,,N,3,0,1,2,A,-,08,22107,,N,D,G,A,-,H,-,A,D,0,,Y,,,Y,,A,07,0,1,0,0,0,0,1,0,0,"- ","- ",,,"SAN DIEGO","SAN DIEGO",-117.1654052734375,32.749828338623047
8780066,2018,2019-02-15,3711,2018-11-25,2302,6967,,7,5,7,3711,0,0,0,,0,313,"CLAIREMONT MESA BL","RT 163",341.00,W,N,A,-,N,,,,,,,,,,N,2,0,1,2,A,-,17,21209,A,N,C,G,A,A,H,-,C,D,0,,Y,,,Y,,A,01,1,0,0,0,0,0,1,0,0,"- ",NO,,,"SAN DIEGO","SAN DIEGO",-117.14176177978516,32.831638336181641
8819895,2018,2019-03-20,3711,2018-06-24,1825,7284,,7,5,7,3711,0,0,0,,0,712,"VIA VALARTA","ANTIGUA BL",28.00,S,N,A,-,N,,,,,,,,,,N,4,0,1,2,A,-,08,22107,,N,C,G,A,A,H,-,A,A,0,,Y,,,Y,,A,01,0,0,1,0,0,0,1,0,0,"- ","- ",,,"SAN DIEGO","SAN DIEGO",-117.08567810058594,32.837032318115234
8822573,2018,2019-04-02,3711,2018-09-01,2014,HB5121,,6,5,7,3711,0,0,0,,0,504,"NORTH HARBOR DR","GRAPE ST",0.00,,Y,A,-,N,,,,,,,,,,N,3,0,1,2,C,-,18,,,N,G,B,F,A,H,-,C,D,0,Y,Y,,,Y,,-,"- ",0,1,0,0,0,0,1,0,0,"- ","- ",,,"SAN DIEGO","SAN DIEGO",-117.17321014404297,32.72412109375
90027314,2015,2015-10-19,9645,2015-09-29,0944,013383,,2,1,7,3711,0,3,5,,2,024,"W/B BERNARDO CENTER DRIVE","CAYENNE RIDGE ROAD",120.00,W,N,A,-,N,,,,,,,,,,N,3,0,1,1,B,-,22,,,N,F,A,A,A,H,-,A,D,0,,Y,,,Y,,L,04,0,1,0,0,0,0,1,0,0,"- ","- ",33.002299999999998,-117.10123,"SAN DIEGO","SAN DIEGO",,
90124838,2016,2016-02-29,9645,2016-01-26,0002,020301,,2,3,7,3711,0,1,1,,2,010,"I-5 S/B TO ROSECRANS ST.","FRIARS RD",120.00,S,N,A,-,Y,,,5,,,,R,,S,N,2,0,1,2,A,-,08,22107,,N,G,G,A,A,H,-,D,D,0,,Y,,,Y,Y,L,04,1,0,0,0,0,0,1,0,0,"- ","- ",32.760460000000002,-117.20529999999999,"SAN DIEGO","SAN DIEGO",-117.20529999999999,32.760460000000002
90196205,2016,2016-06-07,9645,2016-06-06,0755,014669,,1,1,7,3711,0,3,5,,2,024,"DOVE CANYON ROAD S/B (16100 BLOCK)","DOVE CREEK ROAD",85.00,N,N,A,-,N,,,,,,,,,,N,4,0,1,2,A,-,03,22350,,N,C,G,A,A,H,-,A,A,0,,Y,,,Y,,L,04,0,0,1,0,0,0,1,0,0,"- ","- ",33.006059999999998,-117.10947,"SAN DIEGO","SAN DIEGO",-117.10918986999999,33.005709779999997
90410428,2017,2017-03-13,9645,2017-03-02,1640,017953,,4,2,7,3711,0,1,1,,2,021,"S/B SR-15/40TH ST FROM EL CAJON BLVD.","E/B EL CAJON BLVD.",10.00,S,N,A,-,Y,,,15,,,,R,,,N,4,0,1,2,A,-,12,21453,A,N,D,G,A,A,H,-,A,A,0,,Y,,,Y,,L,04,0,0,1,0,0,0,1,0,0,"- ","- ",32.75506,-117.10934,"SAN DIEGO","SAN DIEGO",-117.10934,32.75506
90581634,2017,2017-10-30,9645,2017-10-21,0935,018223,,6,1,7,3711,0,3,5,,2,024,"RANCHO BERNARDO RD W/B","ALVA RD",550.00,E,N,A,-,N,,,,,,,,,,N,3,0,1,1,C,-,18,,,N,F,A,A,A,G,-,A,D,0,,Y,,,Y,,-,"- ",0,1,0,0,0,0,1,0,0,"- ","- ",33.022129999999997,-117.10335000000001,"SAN DIEGO","SAN DIEGO",-117.10351958,33.022081790000001
90657093,2018,2018-02-07,9645,2018-01-28,0910,017498,,7,1,7,3711,0,1,3,,2,014,"SR-52 WESTBOUND FROM GENESEE AVE S/B","GENESEE AVE",69.00,W,N,A,-,Y,,,52,,,,R,,W,N,2,0,1,1,A,-,03,22350,,N,E,I,A,A,H,-,A,D,0,,Y,,,Y,,L,04,1,0,0,0,0,0,1,0,0,"- ","- ",32.848350524902344,-117.20430755615234,"SAN DIEGO","SAN DIEGO",-117.20430755615234,32.848350524902344
90659718,2017,2018-02-12,9645,2017-11-21,1945,017133,,2,2,7,3711,0,1,1,,2,001,"I-5 S/B TO PALM AVE","PALM AVENUE",3.00,N,N,A,-,Y,,,5,,,,R,,S,N,4,0,1,1,A,-,16,24002,A,N,F,A,A,A,H,-,C,D,0,,Y,,,Y,,L,04,0,0,1,0,0,0,1,0,0,"- ","- ",32.583979999999997,-117.08896,"SAN DIEGO","SAN DIEGO",-117.08896,32.583979999999997
90722692,2018,2018-05-09,9645,2018-04-14,2210,021631,,6,3,7,3711,0,1,1,,2,003,"I-5 N/B FROM PERSHING DR.",I-5,513.00,E,N,A,-,Y,,,5,,,,R,,N,N,3,0,1,1,A,-,17,21200,,N,F,A,A,A,H,-,C,D,0,,Y,,,Y,Y,L,04,0,1,0,0,0,0,1,0,0,"- ","- ",32.722000122070312,-117.14604187011719,"SAN DIEGO","SAN DIEGO",-117.14604187011719,32.722000122070312
90737174,2018,2018-05-30,9645,2018-05-13,2320,021338,,7,3,7,3711,0,1,1,,2,011,"I-805 N/B TO I-8 E/B",I-8,100.00,S,N,A,-,Y,,,,,,,,,,N,3,0,1,1,A,-,03,22350,,N,H,A,A,A,H,-,C,D,0,,Y,,,Y,,L,04,0,1,0,0,0,0,1,0,0,"- ","- ",32.772739410400391,-117.12802124023438,"SAN DIEGO","SAN DIEGO",-117.13219451904297,32.771839141845703
90766517,2018,2018-07-10,9645,2018-06-27,2040,016864,,3,2,7,3711,0,1,1,,2,015,"I-805 N/B FROM W/B CLAIREMONT MESA BLVD","CLAIREMONT MESA BLVD",35.00,N,N,A,-,Y,,,,,,,,,,N,3,0,1,2,A,-,09,21802,A,N,D,G,A,A,H,-,C,A,0,,Y,,,Y,,L,04,0,1,0,0,0,0,1,0,0,"- ","- ",32.832901000976562,-117.16577911376953,"SAN DIEGO","SAN DIEGO",-117.16938018798828,32.833477020263672
90797458,2018,2018-08-24,9645,2018-07-24,0511,014804,,2,3,7,3711,0,1,3,,2,025,"SR-163 (S/B)",SR-52,858.00,S,N,B,-,Y,,,163,,,,,,,Y,1,1,0,2,A,-,07,21658,A,N,H,G,A,A,H,-,D,A,0,,Y,,,Y,,L,04,0,0,0,0,0,1,0,0,0,"- ","- ",32.839260101318359,-117.13545989990234,"SAN DIEGO","SAN DIEGO",-117.13545227050781,32.839252471923828
90811571,2018,2018-09-12,9645,2018-09-06,1110,014669,,4,1,7,3711,0,3,5,,2,024,"DOVE CANYON ROAD S/B (16100 BLOCK)","BERNARDO CENTER DRIVE",75.00,N,N,A,-,N,,,,,,,,,,N,3,0,1,2,A,-,03,22350,,N,C,G,A,A,H,-,A,A,0,,Y,,,Y,,L,04,0,1,0,0,0,0,1,0,0,"- ","- ",33.002300262451172,-117.10621643066406,"SAN DIEGO","SAN DIEGO",-117.10611724853516,33.002155303955078
90812379,2018,2018-09-13,9645,2018-09-01,1057,016409,,6,1,7,3711,0,1,1,,2,003,"I-5 S/B TO SR-163 N/B",I-5,1584.00,N,N,A,-,Y,,,,,,,,,,Y,3,0,1,2,A,-,08,22107,,N,H,G,A,A,H,-,A,D,0,,Y,,,Y,,L,04,0,1,0,0,0,0,1,0,0,"- ","- ",32.727901458740234,-117.15545654296875,"SAN DIEGO","SAN DIEGO",,
90820890,2018,2018-09-25,9645,2018-08-25,2005,017953,,6,2,7,3711,0,1,1,,2,007,"I-5 N/B FROM W/B VIA DE LA VALLE","I-5 N/B",382.00,E,N,A,-,Y,,,5,,,,R,,N,N,3,0,1,2,A,-,09,21804,A,N,D,G,A,A,H,-,D,D,0,,Y,,,Y,,L,04,0,1,0,0,0,0,1,0,0,"- ","- ",32.980491638183594,-117.25180816650391,"SAN DIEGO","SAN DIEGO",-117.25180816650391,32.980491638183594
90899652,2018,2019-01-08,9645,2018-12-27,1240,015331,,4,1,7,3711,0,1,3,,2,023,"SR-163 SOUTHBOUND","EL PRADO",425.00,S,N,A,-,Y,,,163,,,,,,S,N,2,0,1,2,A,-,07,21658,A,N,B,G,A,A,H,-,A,D,0,,Y,,,Y,,L,04,1,0,0,0,0,0,1,0,0,"- ","- ",32.730228424072266,-117.15483093261719,"SAN DIEGO","SAN DIEGO",-117.15480041503906,32.730224609375